ISO-10303-21;
HEADER;
/* Generated by software containing ST-Developer
 * from STEP Tools, Inc. (www.steptools.com) 
 */

FILE_DESCRIPTION(
/* description */ (''),
/* implementation_level */ '2;1');

FILE_NAME(
/* name */ 'KachiButton-Enclosure-Bottom.step',
/* time_stamp */ '2026-09-06T19:15:58+09:00',
/* author */ (''),
/* organization */ (''),
/* preprocessor_version */ 'ST-DEVELOPER v20.1',
/* originating_system */ 'Autodesk Translation Framework v15.8.0.0',
/* authorisation */ '');

FILE_SCHEMA (('AUTOMOTIVE_DESIGN { 1 0 10303 214 3 1 1 }'));
ENDSEC;

DATA;
#10=MECHANICAL_DESIGN_GEOMETRIC_PRESENTATION_REPRESENTATION('',(#13),#2682);
#11=SHAPE_REPRESENTATION_RELATIONSHIP('SRR','None',#2689,#12);
#12=ADVANCED_BREP_SHAPE_REPRESENTATION('',(#14),#2681);
#13=STYLED_ITEM('',(#2699),#14);
#14=MANIFOLD_SOLID_BREP('Enclosure Bottom White PLA',#1650);
#15=FACE_BOUND('',#189,.T.);
#16=FACE_BOUND('',#190,.T.);
#17=FACE_BOUND('',#209,.T.);
#18=FACE_BOUND('',#210,.T.);
#19=FACE_BOUND('',#211,.T.);
#20=FACE_BOUND('',#212,.T.);
#21=FACE_BOUND('',#213,.T.);
#22=FACE_BOUND('',#214,.T.);
#23=FACE_BOUND('',#215,.T.);
#24=FACE_BOUND('',#216,.T.);
#25=TOROIDAL_SURFACE('',#1695,5.6,0.4);
#26=TOROIDAL_SURFACE('',#1701,5.6,0.4);
#27=TOROIDAL_SURFACE('',#1707,5.6,0.4);
#28=TOROIDAL_SURFACE('',#1713,5.6,0.4);
#29=CIRCLE('',#1677,0.4);
#30=CIRCLE('',#1678,0.4);
#31=CIRCLE('',#1681,0.4);
#32=CIRCLE('',#1682,0.4);
#33=CIRCLE('',#1685,0.4);
#34=CIRCLE('',#1686,0.4);
#35=CIRCLE('',#1689,0.4);
#36=CIRCLE('',#1690,0.4);
#37=CIRCLE('',#1693,0.400000000000006);
#38=CIRCLE('',#1694,0.4);
#39=CIRCLE('',#1696,0.4);
#40=CIRCLE('',#1697,6.);
#41=CIRCLE('',#1698,5.6);
#42=CIRCLE('',#1700,0.4);
#43=CIRCLE('',#1702,0.4);
#44=CIRCLE('',#1703,6.);
#45=CIRCLE('',#1704,5.6);
#46=CIRCLE('',#1706,0.4);
#47=CIRCLE('',#1708,0.4);
#48=CIRCLE('',#1709,6.);
#49=CIRCLE('',#1710,5.6);
#50=CIRCLE('',#1712,0.4);
#51=CIRCLE('',#1714,6.00000000000001);
#52=CIRCLE('',#1715,5.6);
#53=CIRCLE('',#1717,6.);
#54=CIRCLE('',#1720,6.00000000000001);
#55=CIRCLE('',#1741,6.);
#56=CIRCLE('',#1742,6.);
#57=CYLINDRICAL_SURFACE('',#1676,0.4);
#58=CYLINDRICAL_SURFACE('',#1680,0.4);
#59=CYLINDRICAL_SURFACE('',#1684,0.4);
#60=CYLINDRICAL_SURFACE('',#1688,0.4);
#61=CYLINDRICAL_SURFACE('',#1692,0.4);
#62=CYLINDRICAL_SURFACE('',#1699,0.4);
#63=CYLINDRICAL_SURFACE('',#1705,0.4);
#64=CYLINDRICAL_SURFACE('',#1711,0.4);
#65=CYLINDRICAL_SURFACE('',#1716,6.);
#66=CYLINDRICAL_SURFACE('',#1719,6.00000000000001);
#67=CYLINDRICAL_SURFACE('',#1776,6.);
#68=CYLINDRICAL_SURFACE('',#1778,6.);
#69=FACE_OUTER_BOUND('',#156,.T.);
#70=FACE_OUTER_BOUND('',#157,.T.);
#71=FACE_OUTER_BOUND('',#158,.T.);
#72=FACE_OUTER_BOUND('',#159,.T.);
#73=FACE_OUTER_BOUND('',#160,.T.);
#74=FACE_OUTER_BOUND('',#161,.T.);
#75=FACE_OUTER_BOUND('',#162,.T.);
#76=FACE_OUTER_BOUND('',#163,.T.);
#77=FACE_OUTER_BOUND('',#164,.T.);
#78=FACE_OUTER_BOUND('',#165,.T.);
#79=FACE_OUTER_BOUND('',#166,.T.);
#80=FACE_OUTER_BOUND('',#167,.T.);
#81=FACE_OUTER_BOUND('',#168,.T.);
#82=FACE_OUTER_BOUND('',#169,.T.);
#83=FACE_OUTER_BOUND('',#170,.T.);
#84=FACE_OUTER_BOUND('',#171,.T.);
#85=FACE_OUTER_BOUND('',#172,.T.);
#86=FACE_OUTER_BOUND('',#173,.T.);
#87=FACE_OUTER_BOUND('',#174,.T.);
#88=FACE_OUTER_BOUND('',#175,.T.);
#89=FACE_OUTER_BOUND('',#176,.T.);
#90=FACE_OUTER_BOUND('',#177,.T.);
#91=FACE_OUTER_BOUND('',#178,.T.);
#92=FACE_OUTER_BOUND('',#179,.T.);
#93=FACE_OUTER_BOUND('',#180,.T.);
#94=FACE_OUTER_BOUND('',#181,.T.);
#95=FACE_OUTER_BOUND('',#182,.T.);
#96=FACE_OUTER_BOUND('',#183,.T.);
#97=FACE_OUTER_BOUND('',#184,.T.);
#98=FACE_OUTER_BOUND('',#185,.T.);
#99=FACE_OUTER_BOUND('',#186,.T.);
#100=FACE_OUTER_BOUND('',#187,.T.);
#101=FACE_OUTER_BOUND('',#188,.T.);
#102=FACE_OUTER_BOUND('',#191,.T.);
#103=FACE_OUTER_BOUND('',#192,.T.);
#104=FACE_OUTER_BOUND('',#193,.T.);
#105=FACE_OUTER_BOUND('',#194,.T.);
#106=FACE_OUTER_BOUND('',#195,.T.);
#107=FACE_OUTER_BOUND('',#196,.T.);
#108=FACE_OUTER_BOUND('',#197,.T.);
#109=FACE_OUTER_BOUND('',#198,.T.);
#110=FACE_OUTER_BOUND('',#199,.T.);
#111=FACE_OUTER_BOUND('',#200,.T.);
#112=FACE_OUTER_BOUND('',#201,.T.);
#113=FACE_OUTER_BOUND('',#202,.T.);
#114=FACE_OUTER_BOUND('',#203,.T.);
#115=FACE_OUTER_BOUND('',#204,.T.);
#116=FACE_OUTER_BOUND('',#205,.T.);
#117=FACE_OUTER_BOUND('',#206,.T.);
#118=FACE_OUTER_BOUND('',#207,.T.);
#119=FACE_OUTER_BOUND('',#208,.T.);
#120=FACE_OUTER_BOUND('',#217,.T.);
#121=FACE_OUTER_BOUND('',#218,.T.);
#122=FACE_OUTER_BOUND('',#219,.T.);
#123=FACE_OUTER_BOUND('',#220,.T.);
#124=FACE_OUTER_BOUND('',#221,.T.);
#125=FACE_OUTER_BOUND('',#222,.T.);
#126=FACE_OUTER_BOUND('',#223,.T.);
#127=FACE_OUTER_BOUND('',#224,.T.);
#128=FACE_OUTER_BOUND('',#225,.T.);
#129=FACE_OUTER_BOUND('',#226,.T.);
#130=FACE_OUTER_BOUND('',#227,.T.);
#131=FACE_OUTER_BOUND('',#228,.T.);
#132=FACE_OUTER_BOUND('',#229,.T.);
#133=FACE_OUTER_BOUND('',#230,.T.);
#134=FACE_OUTER_BOUND('',#231,.T.);
#135=FACE_OUTER_BOUND('',#232,.T.);
#136=FACE_OUTER_BOUND('',#233,.T.);
#137=FACE_OUTER_BOUND('',#234,.T.);
#138=FACE_OUTER_BOUND('',#235,.T.);
#139=FACE_OUTER_BOUND('',#236,.T.);
#140=FACE_OUTER_BOUND('',#237,.T.);
#141=FACE_OUTER_BOUND('',#238,.T.);
#142=FACE_OUTER_BOUND('',#239,.T.);
#143=FACE_OUTER_BOUND('',#240,.T.);
#144=FACE_OUTER_BOUND('',#241,.T.);
#145=FACE_OUTER_BOUND('',#242,.T.);
#146=FACE_OUTER_BOUND('',#243,.T.);
#147=FACE_OUTER_BOUND('',#244,.T.);
#148=FACE_OUTER_BOUND('',#245,.T.);
#149=FACE_OUTER_BOUND('',#246,.T.);
#150=FACE_OUTER_BOUND('',#247,.T.);
#151=FACE_OUTER_BOUND('',#248,.T.);
#152=FACE_OUTER_BOUND('',#249,.T.);
#153=FACE_OUTER_BOUND('',#250,.T.);
#154=FACE_OUTER_BOUND('',#251,.T.);
#155=FACE_OUTER_BOUND('',#252,.T.);
#156=EDGE_LOOP('',(#1034,#1035,#1036,#1037,#1038,#1039));
#157=EDGE_LOOP('',(#1040,#1041,#1042,#1043));
#158=EDGE_LOOP('',(#1044,#1045,#1046,#1047));
#159=EDGE_LOOP('',(#1048,#1049,#1050,#1051,#1052,#1053));
#160=EDGE_LOOP('',(#1054,#1055,#1056,#1057));
#161=EDGE_LOOP('',(#1058,#1059,#1060,#1061));
#162=EDGE_LOOP('',(#1062,#1063,#1064,#1065,#1066,#1067));
#163=EDGE_LOOP('',(#1068,#1069,#1070,#1071));
#164=EDGE_LOOP('',(#1072,#1073,#1074,#1075));
#165=EDGE_LOOP('',(#1076,#1077,#1078,#1079));
#166=EDGE_LOOP('',(#1080,#1081,#1082,#1083));
#167=EDGE_LOOP('',(#1084,#1085,#1086,#1087));
#168=EDGE_LOOP('',(#1088,#1089,#1090,#1091));
#169=EDGE_LOOP('',(#1092,#1093,#1094,#1095,#1096,#1097));
#170=EDGE_LOOP('',(#1098,#1099,#1100,#1101));
#171=EDGE_LOOP('',(#1102,#1103,#1104,#1105));
#172=EDGE_LOOP('',(#1106,#1107,#1108,#1109));
#173=EDGE_LOOP('',(#1110,#1111,#1112,#1113,#1114,#1115));
#174=EDGE_LOOP('',(#1116,#1117,#1118,#1119));
#175=EDGE_LOOP('',(#1120,#1121,#1122,#1123));
#176=EDGE_LOOP('',(#1124,#1125,#1126,#1127));
#177=EDGE_LOOP('',(#1128,#1129,#1130,#1131));
#178=EDGE_LOOP('',(#1132,#1133,#1134,#1135));
#179=EDGE_LOOP('',(#1136,#1137,#1138,#1139));
#180=EDGE_LOOP('',(#1140,#1141,#1142,#1143));
#181=EDGE_LOOP('',(#1144,#1145,#1146,#1147));
#182=EDGE_LOOP('',(#1148,#1149,#1150,#1151));
#183=EDGE_LOOP('',(#1152,#1153,#1154,#1155));
#184=EDGE_LOOP('',(#1156,#1157,#1158,#1159));
#185=EDGE_LOOP('',(#1160,#1161,#1162,#1163));
#186=EDGE_LOOP('',(#1164,#1165,#1166,#1167));
#187=EDGE_LOOP('',(#1168,#1169,#1170,#1171));
#188=EDGE_LOOP('',(#1172,#1173,#1174,#1175,#1176,#1177,#1178,#1179));
#189=EDGE_LOOP('',(#1180,#1181,#1182,#1183,#1184,#1185,#1186,#1187,#1188,
#1189));
#190=EDGE_LOOP('',(#1190,#1191,#1192,#1193,#1194,#1195,#1196,#1197,#1198,
#1199));
#191=EDGE_LOOP('',(#1200,#1201,#1202,#1203));
#192=EDGE_LOOP('',(#1204,#1205,#1206,#1207));
#193=EDGE_LOOP('',(#1208,#1209,#1210,#1211,#1212,#1213));
#194=EDGE_LOOP('',(#1214,#1215,#1216,#1217));
#195=EDGE_LOOP('',(#1218,#1219,#1220,#1221,#1222,#1223));
#196=EDGE_LOOP('',(#1224,#1225,#1226,#1227));
#197=EDGE_LOOP('',(#1228,#1229,#1230,#1231));
#198=EDGE_LOOP('',(#1232,#1233,#1234,#1235));
#199=EDGE_LOOP('',(#1236,#1237,#1238,#1239,#1240,#1241));
#200=EDGE_LOOP('',(#1242,#1243,#1244,#1245));
#201=EDGE_LOOP('',(#1246,#1247,#1248,#1249,#1250,#1251));
#202=EDGE_LOOP('',(#1252,#1253,#1254,#1255));
#203=EDGE_LOOP('',(#1256,#1257,#1258,#1259));
#204=EDGE_LOOP('',(#1260,#1261,#1262,#1263));
#205=EDGE_LOOP('',(#1264,#1265,#1266,#1267));
#206=EDGE_LOOP('',(#1268,#1269,#1270,#1271));
#207=EDGE_LOOP('',(#1272,#1273,#1274,#1275,#1276,#1277,#1278));
#208=EDGE_LOOP('',(#1279,#1280,#1281,#1282,#1283,#1284,#1285,#1286));
#209=EDGE_LOOP('',(#1287,#1288,#1289,#1290));
#210=EDGE_LOOP('',(#1291,#1292,#1293,#1294));
#211=EDGE_LOOP('',(#1295,#1296,#1297,#1298,#1299,#1300,#1301,#1302,#1303,
#1304));
#212=EDGE_LOOP('',(#1305,#1306,#1307,#1308,#1309,#1310,#1311,#1312,#1313,
#1314));
#213=EDGE_LOOP('',(#1315,#1316,#1317,#1318));
#214=EDGE_LOOP('',(#1319,#1320,#1321,#1322));
#215=EDGE_LOOP('',(#1323,#1324,#1325,#1326));
#216=EDGE_LOOP('',(#1327,#1328,#1329,#1330,#1331,#1332,#1333,#1334));
#217=EDGE_LOOP('',(#1335,#1336,#1337,#1338,#1339,#1340,#1341));
#218=EDGE_LOOP('',(#1342,#1343,#1344,#1345));
#219=EDGE_LOOP('',(#1346,#1347,#1348,#1349));
#220=EDGE_LOOP('',(#1350,#1351,#1352,#1353,#1354,#1355));
#221=EDGE_LOOP('',(#1356,#1357,#1358,#1359));
#222=EDGE_LOOP('',(#1360,#1361,#1362,#1363));
#223=EDGE_LOOP('',(#1364,#1365,#1366,#1367));
#224=EDGE_LOOP('',(#1368,#1369,#1370,#1371));
#225=EDGE_LOOP('',(#1372,#1373,#1374,#1375));
#226=EDGE_LOOP('',(#1376,#1377,#1378,#1379));
#227=EDGE_LOOP('',(#1380,#1381,#1382,#1383,#1384,#1385,#1386));
#228=EDGE_LOOP('',(#1387,#1388,#1389,#1390,#1391,#1392,#1393));
#229=EDGE_LOOP('',(#1394,#1395,#1396,#1397));
#230=EDGE_LOOP('',(#1398,#1399,#1400,#1401));
#231=EDGE_LOOP('',(#1402,#1403,#1404,#1405,#1406,#1407));
#232=EDGE_LOOP('',(#1408,#1409,#1410,#1411));
#233=EDGE_LOOP('',(#1412,#1413,#1414,#1415));
#234=EDGE_LOOP('',(#1416,#1417,#1418,#1419));
#235=EDGE_LOOP('',(#1420,#1421,#1422,#1423));
#236=EDGE_LOOP('',(#1424,#1425,#1426,#1427));
#237=EDGE_LOOP('',(#1428,#1429,#1430,#1431));
#238=EDGE_LOOP('',(#1432,#1433,#1434,#1435));
#239=EDGE_LOOP('',(#1436,#1437,#1438,#1439));
#240=EDGE_LOOP('',(#1440,#1441,#1442,#1443));
#241=EDGE_LOOP('',(#1444,#1445,#1446,#1447));
#242=EDGE_LOOP('',(#1448,#1449,#1450,#1451));
#243=EDGE_LOOP('',(#1452,#1453,#1454,#1455));
#244=EDGE_LOOP('',(#1456,#1457,#1458,#1459));
#245=EDGE_LOOP('',(#1460,#1461,#1462,#1463));
#246=EDGE_LOOP('',(#1464,#1465,#1466,#1467));
#247=EDGE_LOOP('',(#1468,#1469,#1470,#1471));
#248=EDGE_LOOP('',(#1472,#1473,#1474,#1475));
#249=EDGE_LOOP('',(#1476,#1477,#1478,#1479));
#250=EDGE_LOOP('',(#1480,#1481,#1482,#1483));
#251=EDGE_LOOP('',(#1484,#1485,#1486,#1487));
#252=EDGE_LOOP('',(#1488,#1489,#1490,#1491));
#253=LINE('',#2216,#454);
#254=LINE('',#2218,#455);
#255=LINE('',#2220,#456);
#256=LINE('',#2222,#457);
#257=LINE('',#2224,#458);
#258=LINE('',#2225,#459);
#259=LINE('',#2228,#460);
#260=LINE('',#2230,#461);
#261=LINE('',#2231,#462);
#262=LINE('',#2234,#463);
#263=LINE('',#2236,#464);
#264=LINE('',#2237,#465);
#265=LINE('',#2241,#466);
#266=LINE('',#2242,#467);
#267=LINE('',#2243,#468);
#268=LINE('',#2244,#469);
#269=LINE('',#2248,#470);
#270=LINE('',#2250,#471);
#271=LINE('',#2251,#472);
#272=LINE('',#2254,#473);
#273=LINE('',#2256,#474);
#274=LINE('',#2257,#475);
#275=LINE('',#2261,#476);
#276=LINE('',#2263,#477);
#277=LINE('',#2265,#478);
#278=LINE('',#2266,#479);
#279=LINE('',#2269,#480);
#280=LINE('',#2271,#481);
#281=LINE('',#2272,#482);
#282=LINE('',#2275,#483);
#283=LINE('',#2277,#484);
#284=LINE('',#2278,#485);
#285=LINE('',#2280,#486);
#286=LINE('',#2281,#487);
#287=LINE('',#2288,#488);
#288=LINE('',#2291,#489);
#289=LINE('',#2294,#490);
#290=LINE('',#2296,#491);
#291=LINE('',#2298,#492);
#292=LINE('',#2300,#493);
#293=LINE('',#2301,#494);
#294=LINE('',#2307,#495);
#295=LINE('',#2310,#496);
#296=LINE('',#2313,#497);
#297=LINE('',#2315,#498);
#298=LINE('',#2316,#499);
#299=LINE('',#2322,#500);
#300=LINE('',#2325,#501);
#301=LINE('',#2328,#502);
#302=LINE('',#2330,#503);
#303=LINE('',#2332,#504);
#304=LINE('',#2334,#505);
#305=LINE('',#2335,#506);
#306=LINE('',#2341,#507);
#307=LINE('',#2344,#508);
#308=LINE('',#2347,#509);
#309=LINE('',#2349,#510);
#310=LINE('',#2350,#511);
#311=LINE('',#2356,#512);
#312=LINE('',#2359,#513);
#313=LINE('',#2370,#514);
#314=LINE('',#2371,#515);
#315=LINE('',#2382,#516);
#316=LINE('',#2383,#517);
#317=LINE('',#2394,#518);
#318=LINE('',#2395,#519);
#319=LINE('',#2401,#520);
#320=LINE('',#2404,#521);
#321=LINE('',#2407,#522);
#322=LINE('',#2408,#523);
#323=LINE('',#2411,#524);
#324=LINE('',#2415,#525);
#325=LINE('',#2416,#526);
#326=LINE('',#2420,#527);
#327=LINE('',#2421,#528);
#328=LINE('',#2423,#529);
#329=LINE('',#2424,#530);
#330=LINE('',#2426,#531);
#331=LINE('',#2427,#532);
#332=LINE('',#2430,#533);
#333=LINE('',#2431,#534);
#334=LINE('',#2433,#535);
#335=LINE('',#2434,#536);
#336=LINE('',#2436,#537);
#337=LINE('',#2437,#538);
#338=LINE('',#2441,#539);
#339=LINE('',#2443,#540);
#340=LINE('',#2445,#541);
#341=LINE('',#2446,#542);
#342=LINE('',#2448,#543);
#343=LINE('',#2449,#544);
#344=LINE('',#2452,#545);
#345=LINE('',#2453,#546);
#346=LINE('',#2456,#547);
#347=LINE('',#2457,#548);
#348=LINE('',#2459,#549);
#349=LINE('',#2463,#550);
#350=LINE('',#2465,#551);
#351=LINE('',#2467,#552);
#352=LINE('',#2468,#553);
#353=LINE('',#2471,#554);
#354=LINE('',#2473,#555);
#355=LINE('',#2474,#556);
#356=LINE('',#2477,#557);
#357=LINE('',#2479,#558);
#358=LINE('',#2480,#559);
#359=LINE('',#2483,#560);
#360=LINE('',#2485,#561);
#361=LINE('',#2486,#562);
#362=LINE('',#2489,#563);
#363=LINE('',#2490,#564);
#364=LINE('',#2493,#565);
#365=LINE('',#2494,#566);
#366=LINE('',#2496,#567);
#367=LINE('',#2499,#568);
#368=LINE('',#2501,#569);
#369=LINE('',#2502,#570);
#370=LINE('',#2505,#571);
#371=LINE('',#2507,#572);
#372=LINE('',#2508,#573);
#373=LINE('',#2511,#574);
#374=LINE('',#2513,#575);
#375=LINE('',#2514,#576);
#376=LINE('',#2517,#577);
#377=LINE('',#2519,#578);
#378=LINE('',#2520,#579);
#379=LINE('',#2523,#580);
#380=LINE('',#2524,#581);
#381=LINE('',#2529,#582);
#382=LINE('',#2532,#583);
#383=LINE('',#2533,#584);
#384=LINE('',#2535,#585);
#385=LINE('',#2537,#586);
#386=LINE('',#2539,#587);
#387=LINE('',#2540,#588);
#388=LINE('',#2542,#589);
#389=LINE('',#2543,#590);
#390=LINE('',#2545,#591);
#391=LINE('',#2547,#592);
#392=LINE('',#2549,#593);
#393=LINE('',#2550,#594);
#394=LINE('',#2553,#595);
#395=LINE('',#2555,#596);
#396=LINE('',#2557,#597);
#397=LINE('',#2558,#598);
#398=LINE('',#2561,#599);
#399=LINE('',#2563,#600);
#400=LINE('',#2565,#601);
#401=LINE('',#2566,#602);
#402=LINE('',#2569,#603);
#403=LINE('',#2571,#604);
#404=LINE('',#2573,#605);
#405=LINE('',#2574,#606);
#406=LINE('',#2576,#607);
#407=LINE('',#2578,#608);
#408=LINE('',#2580,#609);
#409=LINE('',#2581,#610);
#410=LINE('',#2587,#611);
#411=LINE('',#2589,#612);
#412=LINE('',#2590,#613);
#413=LINE('',#2593,#614);
#414=LINE('',#2595,#615);
#415=LINE('',#2596,#616);
#416=LINE('',#2599,#617);
#417=LINE('',#2601,#618);
#418=LINE('',#2602,#619);
#419=LINE('',#2605,#620);
#420=LINE('',#2607,#621);
#421=LINE('',#2608,#622);
#422=LINE('',#2610,#623);
#423=LINE('',#2612,#624);
#424=LINE('',#2614,#625);
#425=LINE('',#2616,#626);
#426=LINE('',#2617,#627);
#427=LINE('',#2623,#628);
#428=LINE('',#2625,#629);
#429=LINE('',#2626,#630);
#430=LINE('',#2629,#631);
#431=LINE('',#2630,#632);
#432=LINE('',#2633,#633);
#433=LINE('',#2634,#634);
#434=LINE('',#2636,#635);
#435=LINE('',#2640,#636);
#436=LINE('',#2642,#637);
#437=LINE('',#2643,#638);
#438=LINE('',#2646,#639);
#439=LINE('',#2647,#640);
#440=LINE('',#2650,#641);
#441=LINE('',#2651,#642);
#442=LINE('',#2653,#643);
#443=LINE('',#2657,#644);
#444=LINE('',#2659,#645);
#445=LINE('',#2660,#646);
#446=LINE('',#2663,#647);
#447=LINE('',#2664,#648);
#448=LINE('',#2667,#649);
#449=LINE('',#2668,#650);
#450=LINE('',#2670,#651);
#451=LINE('',#2673,#652);
#452=LINE('',#2675,#653);
#453=LINE('',#2677,#654);
#454=VECTOR('',#1783,10.);
#455=VECTOR('',#1784,10.);
#456=VECTOR('',#1785,10.);
#457=VECTOR('',#1786,10.);
#458=VECTOR('',#1787,10.);
#459=VECTOR('',#1788,10.);
#460=VECTOR('',#1791,10.);
#461=VECTOR('',#1792,10.);
#462=VECTOR('',#1793,10.);
#463=VECTOR('',#1796,10.);
#464=VECTOR('',#1797,10.);
#465=VECTOR('',#1798,10.);
#466=VECTOR('',#1801,10.);
#467=VECTOR('',#1802,10.);
#468=VECTOR('',#1803,10.);
#469=VECTOR('',#1804,10.);
#470=VECTOR('',#1809,10.);
#471=VECTOR('',#1810,10.);
#472=VECTOR('',#1811,10.);
#473=VECTOR('',#1814,10.);
#474=VECTOR('',#1815,10.);
#475=VECTOR('',#1816,10.);
#476=VECTOR('',#1819,10.);
#477=VECTOR('',#1820,10.);
#478=VECTOR('',#1821,10.);
#479=VECTOR('',#1822,10.);
#480=VECTOR('',#1825,10.);
#481=VECTOR('',#1826,10.);
#482=VECTOR('',#1827,10.);
#483=VECTOR('',#1830,10.);
#484=VECTOR('',#1831,10.);
#485=VECTOR('',#1832,10.);
#486=VECTOR('',#1835,10.);
#487=VECTOR('',#1836,10.);
#488=VECTOR('',#1843,10.);
#489=VECTOR('',#1846,10.);
#490=VECTOR('',#1849,10.);
#491=VECTOR('',#1850,10.);
#492=VECTOR('',#1851,10.);
#493=VECTOR('',#1852,10.);
#494=VECTOR('',#1853,10.);
#495=VECTOR('',#1858,10.);
#496=VECTOR('',#1861,10.);
#497=VECTOR('',#1864,10.);
#498=VECTOR('',#1865,10.);
#499=VECTOR('',#1866,10.);
#500=VECTOR('',#1871,10.);
#501=VECTOR('',#1874,10.);
#502=VECTOR('',#1877,10.);
#503=VECTOR('',#1878,10.);
#504=VECTOR('',#1879,10.);
#505=VECTOR('',#1880,10.);
#506=VECTOR('',#1881,10.);
#507=VECTOR('',#1886,10.);
#508=VECTOR('',#1889,10.);
#509=VECTOR('',#1892,10.);
#510=VECTOR('',#1893,10.);
#511=VECTOR('',#1894,10.);
#512=VECTOR('',#1899,10.);
#513=VECTOR('',#1902,10.);
#514=VECTOR('',#1915,10.);
#515=VECTOR('',#1916,10.);
#516=VECTOR('',#1929,10.);
#517=VECTOR('',#1930,10.);
#518=VECTOR('',#1943,10.);
#519=VECTOR('',#1944,10.);
#520=VECTOR('',#1953,10.);
#521=VECTOR('',#1956,10.);
#522=VECTOR('',#1959,10.);
#523=VECTOR('',#1960,10.);
#524=VECTOR('',#1963,10.);
#525=VECTOR('',#1968,10.);
#526=VECTOR('',#1969,10.);
#527=VECTOR('',#1972,10.);
#528=VECTOR('',#1973,10.);
#529=VECTOR('',#1974,10.);
#530=VECTOR('',#1975,10.);
#531=VECTOR('',#1976,10.);
#532=VECTOR('',#1977,10.);
#533=VECTOR('',#1978,10.);
#534=VECTOR('',#1979,10.);
#535=VECTOR('',#1980,10.);
#536=VECTOR('',#1981,10.);
#537=VECTOR('',#1982,10.);
#538=VECTOR('',#1983,10.);
#539=VECTOR('',#1986,10.);
#540=VECTOR('',#1987,10.);
#541=VECTOR('',#1988,10.);
#542=VECTOR('',#1989,10.);
#543=VECTOR('',#1992,10.);
#544=VECTOR('',#1993,10.);
#545=VECTOR('',#1996,10.);
#546=VECTOR('',#1997,10.);
#547=VECTOR('',#2000,10.);
#548=VECTOR('',#2001,10.);
#549=VECTOR('',#2004,10.);
#550=VECTOR('',#2007,10.);
#551=VECTOR('',#2008,10.);
#552=VECTOR('',#2009,10.);
#553=VECTOR('',#2010,10.);
#554=VECTOR('',#2013,10.);
#555=VECTOR('',#2014,10.);
#556=VECTOR('',#2015,10.);
#557=VECTOR('',#2018,10.);
#558=VECTOR('',#2019,10.);
#559=VECTOR('',#2020,10.);
#560=VECTOR('',#2023,10.);
#561=VECTOR('',#2024,10.);
#562=VECTOR('',#2025,10.);
#563=VECTOR('',#2028,10.);
#564=VECTOR('',#2029,10.);
#565=VECTOR('',#2032,10.);
#566=VECTOR('',#2033,10.);
#567=VECTOR('',#2036,10.);
#568=VECTOR('',#2039,10.);
#569=VECTOR('',#2040,10.);
#570=VECTOR('',#2041,10.);
#571=VECTOR('',#2044,10.);
#572=VECTOR('',#2045,10.);
#573=VECTOR('',#2046,10.);
#574=VECTOR('',#2049,10.);
#575=VECTOR('',#2050,10.);
#576=VECTOR('',#2051,10.);
#577=VECTOR('',#2054,10.);
#578=VECTOR('',#2055,10.);
#579=VECTOR('',#2056,10.);
#580=VECTOR('',#2059,10.);
#581=VECTOR('',#2060,10.);
#582=VECTOR('',#2065,10.);
#583=VECTOR('',#2068,10.);
#584=VECTOR('',#2069,10.);
#585=VECTOR('',#2070,10.);
#586=VECTOR('',#2071,10.);
#587=VECTOR('',#2072,10.);
#588=VECTOR('',#2073,10.);
#589=VECTOR('',#2074,10.);
#590=VECTOR('',#2075,10.);
#591=VECTOR('',#2076,10.);
#592=VECTOR('',#2077,10.);
#593=VECTOR('',#2078,10.);
#594=VECTOR('',#2079,10.);
#595=VECTOR('',#2080,10.);
#596=VECTOR('',#2081,10.);
#597=VECTOR('',#2082,10.);
#598=VECTOR('',#2083,10.);
#599=VECTOR('',#2084,10.);
#600=VECTOR('',#2085,10.);
#601=VECTOR('',#2086,10.);
#602=VECTOR('',#2087,10.);
#603=VECTOR('',#2088,10.);
#604=VECTOR('',#2089,10.);
#605=VECTOR('',#2090,10.);
#606=VECTOR('',#2091,10.);
#607=VECTOR('',#2094,10.);
#608=VECTOR('',#2097,10.);
#609=VECTOR('',#2100,10.);
#610=VECTOR('',#2101,10.);
#611=VECTOR('',#2110,10.);
#612=VECTOR('',#2111,10.);
#613=VECTOR('',#2112,10.);
#614=VECTOR('',#2115,10.);
#615=VECTOR('',#2116,10.);
#616=VECTOR('',#2117,10.);
#617=VECTOR('',#2120,10.);
#618=VECTOR('',#2121,10.);
#619=VECTOR('',#2122,10.);
#620=VECTOR('',#2125,10.);
#621=VECTOR('',#2126,10.);
#622=VECTOR('',#2127,10.);
#623=VECTOR('',#2130,10.);
#624=VECTOR('',#2133,10.);
#625=VECTOR('',#2136,10.);
#626=VECTOR('',#2139,10.);
#627=VECTOR('',#2140,10.);
#628=VECTOR('',#2149,10.);
#629=VECTOR('',#2150,10.);
#630=VECTOR('',#2151,10.);
#631=VECTOR('',#2154,10.);
#632=VECTOR('',#2155,10.);
#633=VECTOR('',#2158,10.);
#634=VECTOR('',#2159,10.);
#635=VECTOR('',#2162,10.);
#636=VECTOR('',#2167,10.);
#637=VECTOR('',#2168,10.);
#638=VECTOR('',#2169,10.);
#639=VECTOR('',#2172,10.);
#640=VECTOR('',#2173,10.);
#641=VECTOR('',#2176,10.);
#642=VECTOR('',#2177,10.);
#643=VECTOR('',#2180,10.);
#644=VECTOR('',#2185,10.);
#645=VECTOR('',#2186,10.);
#646=VECTOR('',#2187,10.);
#647=VECTOR('',#2190,10.);
#648=VECTOR('',#2191,10.);
#649=VECTOR('',#2194,10.);
#650=VECTOR('',#2195,10.);
#651=VECTOR('',#2198,10.);
#652=VECTOR('',#2203,10.);
#653=VECTOR('',#2206,10.);
#654=VECTOR('',#2209,10.);
#655=VERTEX_POINT('',#2214);
#656=VERTEX_POINT('',#2215);
#657=VERTEX_POINT('',#2217);
#658=VERTEX_POINT('',#2219);
#659=VERTEX_POINT('',#2221);
#660=VERTEX_POINT('',#2223);
#661=VERTEX_POINT('',#2227);
#662=VERTEX_POINT('',#2229);
#663=VERTEX_POINT('',#2233);
#664=VERTEX_POINT('',#2235);
#665=VERTEX_POINT('',#2239);
#666=VERTEX_POINT('',#2240);
#667=VERTEX_POINT('',#2247);
#668=VERTEX_POINT('',#2249);
#669=VERTEX_POINT('',#2253);
#670=VERTEX_POINT('',#2255);
#671=VERTEX_POINT('',#2259);
#672=VERTEX_POINT('',#2260);
#673=VERTEX_POINT('',#2262);
#674=VERTEX_POINT('',#2264);
#675=VERTEX_POINT('',#2268);
#676=VERTEX_POINT('',#2270);
#677=VERTEX_POINT('',#2274);
#678=VERTEX_POINT('',#2276);
#679=VERTEX_POINT('',#2284);
#680=VERTEX_POINT('',#2285);
#681=VERTEX_POINT('',#2287);
#682=VERTEX_POINT('',#2289);
#683=VERTEX_POINT('',#2293);
#684=VERTEX_POINT('',#2295);
#685=VERTEX_POINT('',#2297);
#686=VERTEX_POINT('',#2299);
#687=VERTEX_POINT('',#2303);
#688=VERTEX_POINT('',#2304);
#689=VERTEX_POINT('',#2306);
#690=VERTEX_POINT('',#2308);
#691=VERTEX_POINT('',#2312);
#692=VERTEX_POINT('',#2314);
#693=VERTEX_POINT('',#2318);
#694=VERTEX_POINT('',#2319);
#695=VERTEX_POINT('',#2321);
#696=VERTEX_POINT('',#2323);
#697=VERTEX_POINT('',#2327);
#698=VERTEX_POINT('',#2329);
#699=VERTEX_POINT('',#2331);
#700=VERTEX_POINT('',#2333);
#701=VERTEX_POINT('',#2337);
#702=VERTEX_POINT('',#2338);
#703=VERTEX_POINT('',#2340);
#704=VERTEX_POINT('',#2342);
#705=VERTEX_POINT('',#2346);
#706=VERTEX_POINT('',#2348);
#707=VERTEX_POINT('',#2352);
#708=VERTEX_POINT('',#2353);
#709=VERTEX_POINT('',#2355);
#710=VERTEX_POINT('',#2357);
#711=VERTEX_POINT('',#2361);
#712=VERTEX_POINT('',#2362);
#713=VERTEX_POINT('',#2367);
#714=VERTEX_POINT('',#2368);
#715=VERTEX_POINT('',#2373);
#716=VERTEX_POINT('',#2374);
#717=VERTEX_POINT('',#2379);
#718=VERTEX_POINT('',#2380);
#719=VERTEX_POINT('',#2385);
#720=VERTEX_POINT('',#2386);
#721=VERTEX_POINT('',#2391);
#722=VERTEX_POINT('',#2392);
#723=VERTEX_POINT('',#2400);
#724=VERTEX_POINT('',#2402);
#725=VERTEX_POINT('',#2406);
#726=VERTEX_POINT('',#2410);
#727=VERTEX_POINT('',#2414);
#728=VERTEX_POINT('',#2418);
#729=VERTEX_POINT('',#2419);
#730=VERTEX_POINT('',#2422);
#731=VERTEX_POINT('',#2425);
#732=VERTEX_POINT('',#2428);
#733=VERTEX_POINT('',#2429);
#734=VERTEX_POINT('',#2432);
#735=VERTEX_POINT('',#2435);
#736=VERTEX_POINT('',#2439);
#737=VERTEX_POINT('',#2440);
#738=VERTEX_POINT('',#2442);
#739=VERTEX_POINT('',#2444);
#740=VERTEX_POINT('',#2451);
#741=VERTEX_POINT('',#2455);
#742=VERTEX_POINT('',#2461);
#743=VERTEX_POINT('',#2462);
#744=VERTEX_POINT('',#2464);
#745=VERTEX_POINT('',#2466);
#746=VERTEX_POINT('',#2470);
#747=VERTEX_POINT('',#2472);
#748=VERTEX_POINT('',#2476);
#749=VERTEX_POINT('',#2478);
#750=VERTEX_POINT('',#2482);
#751=VERTEX_POINT('',#2484);
#752=VERTEX_POINT('',#2488);
#753=VERTEX_POINT('',#2492);
#754=VERTEX_POINT('',#2498);
#755=VERTEX_POINT('',#2500);
#756=VERTEX_POINT('',#2504);
#757=VERTEX_POINT('',#2506);
#758=VERTEX_POINT('',#2510);
#759=VERTEX_POINT('',#2512);
#760=VERTEX_POINT('',#2516);
#761=VERTEX_POINT('',#2518);
#762=VERTEX_POINT('',#2522);
#763=VERTEX_POINT('',#2526);
#764=VERTEX_POINT('',#2528);
#765=VERTEX_POINT('',#2530);
#766=VERTEX_POINT('',#2534);
#767=VERTEX_POINT('',#2536);
#768=VERTEX_POINT('',#2538);
#769=VERTEX_POINT('',#2541);
#770=VERTEX_POINT('',#2544);
#771=VERTEX_POINT('',#2546);
#772=VERTEX_POINT('',#2548);
#773=VERTEX_POINT('',#2551);
#774=VERTEX_POINT('',#2552);
#775=VERTEX_POINT('',#2554);
#776=VERTEX_POINT('',#2556);
#777=VERTEX_POINT('',#2559);
#778=VERTEX_POINT('',#2560);
#779=VERTEX_POINT('',#2562);
#780=VERTEX_POINT('',#2564);
#781=VERTEX_POINT('',#2567);
#782=VERTEX_POINT('',#2568);
#783=VERTEX_POINT('',#2570);
#784=VERTEX_POINT('',#2572);
#785=VERTEX_POINT('',#2586);
#786=VERTEX_POINT('',#2588);
#787=VERTEX_POINT('',#2592);
#788=VERTEX_POINT('',#2594);
#789=VERTEX_POINT('',#2598);
#790=VERTEX_POINT('',#2600);
#791=VERTEX_POINT('',#2604);
#792=VERTEX_POINT('',#2606);
#793=VERTEX_POINT('',#2622);
#794=VERTEX_POINT('',#2624);
#795=VERTEX_POINT('',#2628);
#796=VERTEX_POINT('',#2632);
#797=VERTEX_POINT('',#2639);
#798=VERTEX_POINT('',#2641);
#799=VERTEX_POINT('',#2645);
#800=VERTEX_POINT('',#2649);
#801=VERTEX_POINT('',#2656);
#802=VERTEX_POINT('',#2658);
#803=VERTEX_POINT('',#2662);
#804=VERTEX_POINT('',#2666);
#805=EDGE_CURVE('',#655,#656,#253,.T.);
#806=EDGE_CURVE('',#657,#655,#254,.T.);
#807=EDGE_CURVE('',#657,#658,#255,.T.);
#808=EDGE_CURVE('',#659,#658,#256,.T.);
#809=EDGE_CURVE('',#660,#659,#257,.T.);
#810=EDGE_CURVE('',#656,#660,#258,.T.);
#811=EDGE_CURVE('',#660,#661,#259,.T.);
#812=EDGE_CURVE('',#662,#659,#260,.T.);
#813=EDGE_CURVE('',#661,#662,#261,.T.);
#814=EDGE_CURVE('',#661,#663,#262,.T.);
#815=EDGE_CURVE('',#664,#662,#263,.T.);
#816=EDGE_CURVE('',#663,#664,#264,.T.);
#817=EDGE_CURVE('',#665,#666,#265,.T.);
#818=EDGE_CURVE('',#663,#665,#266,.T.);
#819=EDGE_CURVE('',#658,#664,#267,.T.);
#820=EDGE_CURVE('',#666,#657,#268,.T.);
#821=EDGE_CURVE('',#667,#666,#269,.T.);
#822=EDGE_CURVE('',#668,#667,#270,.T.);
#823=EDGE_CURVE('',#665,#668,#271,.T.);
#824=EDGE_CURVE('',#655,#669,#272,.T.);
#825=EDGE_CURVE('',#669,#670,#273,.T.);
#826=EDGE_CURVE('',#670,#667,#274,.T.);
#827=EDGE_CURVE('',#671,#672,#275,.T.);
#828=EDGE_CURVE('',#671,#673,#276,.T.);
#829=EDGE_CURVE('',#674,#673,#277,.T.);
#830=EDGE_CURVE('',#672,#674,#278,.T.);
#831=EDGE_CURVE('',#672,#675,#279,.T.);
#832=EDGE_CURVE('',#676,#674,#280,.T.);
#833=EDGE_CURVE('',#675,#676,#281,.T.);
#834=EDGE_CURVE('',#675,#677,#282,.T.);
#835=EDGE_CURVE('',#678,#676,#283,.T.);
#836=EDGE_CURVE('',#677,#678,#284,.T.);
#837=EDGE_CURVE('',#677,#671,#285,.T.);
#838=EDGE_CURVE('',#673,#678,#286,.T.);
#839=EDGE_CURVE('',#679,#680,#29,.T.);
#840=EDGE_CURVE('',#680,#681,#287,.T.);
#841=EDGE_CURVE('',#681,#682,#30,.T.);
#842=EDGE_CURVE('',#682,#679,#288,.T.);
#843=EDGE_CURVE('',#683,#680,#289,.T.);
#844=EDGE_CURVE('',#683,#684,#290,.T.);
#845=EDGE_CURVE('',#685,#684,#291,.T.);
#846=EDGE_CURVE('',#685,#686,#292,.T.);
#847=EDGE_CURVE('',#681,#686,#293,.T.);
#848=EDGE_CURVE('',#687,#688,#31,.T.);
#849=EDGE_CURVE('',#688,#689,#294,.T.);
#850=EDGE_CURVE('',#689,#690,#32,.T.);
#851=EDGE_CURVE('',#690,#687,#295,.T.);
#852=EDGE_CURVE('',#691,#688,#296,.T.);
#853=EDGE_CURVE('',#691,#692,#297,.T.);
#854=EDGE_CURVE('',#689,#692,#298,.T.);
#855=EDGE_CURVE('',#693,#694,#33,.T.);
#856=EDGE_CURVE('',#694,#695,#299,.T.);
#857=EDGE_CURVE('',#695,#696,#34,.T.);
#858=EDGE_CURVE('',#696,#693,#300,.T.);
#859=EDGE_CURVE('',#697,#694,#301,.T.);
#860=EDGE_CURVE('',#697,#698,#302,.T.);
#861=EDGE_CURVE('',#699,#698,#303,.T.);
#862=EDGE_CURVE('',#699,#700,#304,.T.);
#863=EDGE_CURVE('',#695,#700,#305,.T.);
#864=EDGE_CURVE('',#701,#702,#35,.T.);
#865=EDGE_CURVE('',#702,#703,#306,.T.);
#866=EDGE_CURVE('',#703,#704,#36,.T.);
#867=EDGE_CURVE('',#704,#701,#307,.T.);
#868=EDGE_CURVE('',#705,#702,#308,.T.);
#869=EDGE_CURVE('',#705,#706,#309,.T.);
#870=EDGE_CURVE('',#703,#706,#310,.T.);
#871=EDGE_CURVE('',#707,#708,#37,.T.);
#872=EDGE_CURVE('',#708,#709,#311,.T.);
#873=EDGE_CURVE('',#709,#710,#38,.T.);
#874=EDGE_CURVE('',#710,#707,#312,.T.);
#875=EDGE_CURVE('',#711,#712,#39,.T.);
#876=EDGE_CURVE('',#712,#710,#40,.T.);
#877=EDGE_CURVE('',#709,#711,#41,.T.);
#878=EDGE_CURVE('',#713,#714,#42,.T.);
#879=EDGE_CURVE('',#714,#712,#313,.T.);
#880=EDGE_CURVE('',#711,#713,#314,.T.);
#881=EDGE_CURVE('',#715,#716,#43,.T.);
#882=EDGE_CURVE('',#716,#714,#44,.T.);
#883=EDGE_CURVE('',#713,#715,#45,.T.);
#884=EDGE_CURVE('',#717,#718,#46,.T.);
#885=EDGE_CURVE('',#718,#716,#315,.T.);
#886=EDGE_CURVE('',#715,#717,#316,.T.);
#887=EDGE_CURVE('',#719,#720,#47,.T.);
#888=EDGE_CURVE('',#720,#718,#48,.T.);
#889=EDGE_CURVE('',#717,#719,#49,.T.);
#890=EDGE_CURVE('',#721,#722,#50,.T.);
#891=EDGE_CURVE('',#722,#720,#317,.T.);
#892=EDGE_CURVE('',#719,#721,#318,.T.);
#893=EDGE_CURVE('',#707,#722,#51,.T.);
#894=EDGE_CURVE('',#721,#708,#52,.T.);
#895=EDGE_CURVE('',#720,#723,#319,.T.);
#896=EDGE_CURVE('',#724,#723,#53,.T.);
#897=EDGE_CURVE('',#718,#724,#320,.T.);
#898=EDGE_CURVE('',#722,#725,#321,.T.);
#899=EDGE_CURVE('',#723,#725,#322,.T.);
#900=EDGE_CURVE('',#707,#726,#323,.T.);
#901=EDGE_CURVE('',#725,#726,#54,.T.);
#902=EDGE_CURVE('',#710,#727,#324,.T.);
#903=EDGE_CURVE('',#726,#727,#325,.T.);
#904=EDGE_CURVE('',#728,#729,#326,.T.);
#905=EDGE_CURVE('',#729,#691,#327,.T.);
#906=EDGE_CURVE('',#687,#730,#328,.T.);
#907=EDGE_CURVE('',#730,#683,#329,.T.);
#908=EDGE_CURVE('',#679,#731,#330,.T.);
#909=EDGE_CURVE('',#731,#728,#331,.T.);
#910=EDGE_CURVE('',#732,#733,#332,.T.);
#911=EDGE_CURVE('',#733,#705,#333,.T.);
#912=EDGE_CURVE('',#701,#734,#334,.T.);
#913=EDGE_CURVE('',#734,#697,#335,.T.);
#914=EDGE_CURVE('',#693,#735,#336,.T.);
#915=EDGE_CURVE('',#735,#732,#337,.T.);
#916=EDGE_CURVE('',#736,#737,#338,.T.);
#917=EDGE_CURVE('',#738,#736,#339,.T.);
#918=EDGE_CURVE('',#739,#738,#340,.T.);
#919=EDGE_CURVE('',#737,#739,#341,.T.);
#920=EDGE_CURVE('',#738,#670,#342,.T.);
#921=EDGE_CURVE('',#739,#669,#343,.T.);
#922=EDGE_CURVE('',#740,#736,#344,.T.);
#923=EDGE_CURVE('',#668,#740,#345,.T.);
#924=EDGE_CURVE('',#741,#737,#346,.T.);
#925=EDGE_CURVE('',#740,#741,#347,.T.);
#926=EDGE_CURVE('',#741,#656,#348,.T.);
#927=EDGE_CURVE('',#742,#743,#349,.T.);
#928=EDGE_CURVE('',#744,#742,#350,.T.);
#929=EDGE_CURVE('',#745,#744,#351,.T.);
#930=EDGE_CURVE('',#743,#745,#352,.T.);
#931=EDGE_CURVE('',#744,#746,#353,.T.);
#932=EDGE_CURVE('',#747,#746,#354,.T.);
#933=EDGE_CURVE('',#745,#747,#355,.T.);
#934=EDGE_CURVE('',#746,#748,#356,.T.);
#935=EDGE_CURVE('',#748,#749,#357,.T.);
#936=EDGE_CURVE('',#749,#747,#358,.T.);
#937=EDGE_CURVE('',#750,#742,#359,.T.);
#938=EDGE_CURVE('',#751,#750,#360,.T.);
#939=EDGE_CURVE('',#751,#748,#361,.T.);
#940=EDGE_CURVE('',#752,#743,#362,.T.);
#941=EDGE_CURVE('',#750,#752,#363,.T.);
#942=EDGE_CURVE('',#753,#749,#364,.T.);
#943=EDGE_CURVE('',#752,#753,#365,.T.);
#944=EDGE_CURVE('',#753,#751,#366,.T.);
#945=EDGE_CURVE('',#754,#699,#367,.T.);
#946=EDGE_CURVE('',#755,#698,#368,.T.);
#947=EDGE_CURVE('',#754,#755,#369,.T.);
#948=EDGE_CURVE('',#756,#754,#370,.T.);
#949=EDGE_CURVE('',#757,#755,#371,.T.);
#950=EDGE_CURVE('',#756,#757,#372,.T.);
#951=EDGE_CURVE('',#758,#756,#373,.T.);
#952=EDGE_CURVE('',#759,#757,#374,.T.);
#953=EDGE_CURVE('',#758,#759,#375,.T.);
#954=EDGE_CURVE('',#760,#758,#376,.T.);
#955=EDGE_CURVE('',#761,#759,#377,.T.);
#956=EDGE_CURVE('',#760,#761,#378,.T.);
#957=EDGE_CURVE('',#762,#760,#379,.T.);
#958=EDGE_CURVE('',#700,#762,#380,.T.);
#959=EDGE_CURVE('',#727,#763,#55,.T.);
#960=EDGE_CURVE('',#763,#764,#381,.T.);
#961=EDGE_CURVE('',#764,#765,#56,.T.);
#962=EDGE_CURVE('',#765,#724,#382,.T.);
#963=EDGE_CURVE('',#762,#704,#383,.T.);
#964=EDGE_CURVE('',#706,#766,#384,.T.);
#965=EDGE_CURVE('',#766,#767,#385,.T.);
#966=EDGE_CURVE('',#767,#768,#386,.T.);
#967=EDGE_CURVE('',#768,#696,#387,.T.);
#968=EDGE_CURVE('',#686,#769,#388,.T.);
#969=EDGE_CURVE('',#769,#690,#389,.T.);
#970=EDGE_CURVE('',#692,#770,#390,.T.);
#971=EDGE_CURVE('',#770,#771,#391,.T.);
#972=EDGE_CURVE('',#771,#772,#392,.T.);
#973=EDGE_CURVE('',#772,#682,#393,.T.);
#974=EDGE_CURVE('',#773,#774,#394,.T.);
#975=EDGE_CURVE('',#774,#775,#395,.T.);
#976=EDGE_CURVE('',#775,#776,#396,.T.);
#977=EDGE_CURVE('',#776,#773,#397,.T.);
#978=EDGE_CURVE('',#777,#778,#398,.T.);
#979=EDGE_CURVE('',#778,#779,#399,.T.);
#980=EDGE_CURVE('',#779,#780,#400,.T.);
#981=EDGE_CURVE('',#780,#777,#401,.T.);
#982=EDGE_CURVE('',#781,#782,#402,.T.);
#983=EDGE_CURVE('',#782,#783,#403,.T.);
#984=EDGE_CURVE('',#783,#784,#404,.T.);
#985=EDGE_CURVE('',#784,#781,#405,.T.);
#986=EDGE_CURVE('',#761,#734,#406,.T.);
#987=EDGE_CURVE('',#733,#766,#407,.T.);
#988=EDGE_CURVE('',#735,#768,#408,.T.);
#989=EDGE_CURVE('',#732,#767,#409,.T.);
#990=EDGE_CURVE('',#785,#685,#410,.T.);
#991=EDGE_CURVE('',#786,#684,#411,.T.);
#992=EDGE_CURVE('',#785,#786,#412,.T.);
#993=EDGE_CURVE('',#787,#785,#413,.T.);
#994=EDGE_CURVE('',#788,#786,#414,.T.);
#995=EDGE_CURVE('',#787,#788,#415,.T.);
#996=EDGE_CURVE('',#789,#787,#416,.T.);
#997=EDGE_CURVE('',#790,#788,#417,.T.);
#998=EDGE_CURVE('',#789,#790,#418,.T.);
#999=EDGE_CURVE('',#791,#789,#419,.T.);
#1000=EDGE_CURVE('',#792,#790,#420,.T.);
#1001=EDGE_CURVE('',#791,#792,#421,.T.);
#1002=EDGE_CURVE('',#769,#791,#422,.T.);
#1003=EDGE_CURVE('',#792,#730,#423,.T.);
#1004=EDGE_CURVE('',#729,#770,#424,.T.);
#1005=EDGE_CURVE('',#731,#772,#425,.T.);
#1006=EDGE_CURVE('',#728,#771,#426,.T.);
#1007=EDGE_CURVE('',#773,#793,#427,.T.);
#1008=EDGE_CURVE('',#794,#793,#428,.T.);
#1009=EDGE_CURVE('',#774,#794,#429,.T.);
#1010=EDGE_CURVE('',#795,#794,#430,.T.);
#1011=EDGE_CURVE('',#775,#795,#431,.T.);
#1012=EDGE_CURVE('',#796,#795,#432,.T.);
#1013=EDGE_CURVE('',#776,#796,#433,.T.);
#1014=EDGE_CURVE('',#793,#796,#434,.T.);
#1015=EDGE_CURVE('',#777,#797,#435,.T.);
#1016=EDGE_CURVE('',#798,#797,#436,.T.);
#1017=EDGE_CURVE('',#778,#798,#437,.T.);
#1018=EDGE_CURVE('',#799,#798,#438,.T.);
#1019=EDGE_CURVE('',#779,#799,#439,.T.);
#1020=EDGE_CURVE('',#800,#799,#440,.T.);
#1021=EDGE_CURVE('',#780,#800,#441,.T.);
#1022=EDGE_CURVE('',#797,#800,#442,.T.);
#1023=EDGE_CURVE('',#781,#801,#443,.T.);
#1024=EDGE_CURVE('',#802,#801,#444,.T.);
#1025=EDGE_CURVE('',#782,#802,#445,.T.);
#1026=EDGE_CURVE('',#803,#802,#446,.T.);
#1027=EDGE_CURVE('',#783,#803,#447,.T.);
#1028=EDGE_CURVE('',#804,#803,#448,.T.);
#1029=EDGE_CURVE('',#784,#804,#449,.T.);
#1030=EDGE_CURVE('',#801,#804,#450,.T.);
#1031=EDGE_CURVE('',#716,#765,#451,.T.);
#1032=EDGE_CURVE('',#714,#764,#452,.T.);
#1033=EDGE_CURVE('',#712,#763,#453,.T.);
#1034=ORIENTED_EDGE('',*,*,#805,.F.);
#1035=ORIENTED_EDGE('',*,*,#806,.F.);
#1036=ORIENTED_EDGE('',*,*,#807,.T.);
#1037=ORIENTED_EDGE('',*,*,#808,.F.);
#1038=ORIENTED_EDGE('',*,*,#809,.F.);
#1039=ORIENTED_EDGE('',*,*,#810,.F.);
#1040=ORIENTED_EDGE('',*,*,#811,.F.);
#1041=ORIENTED_EDGE('',*,*,#809,.T.);
#1042=ORIENTED_EDGE('',*,*,#812,.F.);
#1043=ORIENTED_EDGE('',*,*,#813,.F.);
#1044=ORIENTED_EDGE('',*,*,#814,.F.);
#1045=ORIENTED_EDGE('',*,*,#813,.T.);
#1046=ORIENTED_EDGE('',*,*,#815,.F.);
#1047=ORIENTED_EDGE('',*,*,#816,.F.);
#1048=ORIENTED_EDGE('',*,*,#817,.F.);
#1049=ORIENTED_EDGE('',*,*,#818,.F.);
#1050=ORIENTED_EDGE('',*,*,#816,.T.);
#1051=ORIENTED_EDGE('',*,*,#819,.F.);
#1052=ORIENTED_EDGE('',*,*,#807,.F.);
#1053=ORIENTED_EDGE('',*,*,#820,.F.);
#1054=ORIENTED_EDGE('',*,*,#819,.T.);
#1055=ORIENTED_EDGE('',*,*,#815,.T.);
#1056=ORIENTED_EDGE('',*,*,#812,.T.);
#1057=ORIENTED_EDGE('',*,*,#808,.T.);
#1058=ORIENTED_EDGE('',*,*,#817,.T.);
#1059=ORIENTED_EDGE('',*,*,#821,.F.);
#1060=ORIENTED_EDGE('',*,*,#822,.F.);
#1061=ORIENTED_EDGE('',*,*,#823,.F.);
#1062=ORIENTED_EDGE('',*,*,#820,.T.);
#1063=ORIENTED_EDGE('',*,*,#806,.T.);
#1064=ORIENTED_EDGE('',*,*,#824,.T.);
#1065=ORIENTED_EDGE('',*,*,#825,.T.);
#1066=ORIENTED_EDGE('',*,*,#826,.T.);
#1067=ORIENTED_EDGE('',*,*,#821,.T.);
#1068=ORIENTED_EDGE('',*,*,#827,.F.);
#1069=ORIENTED_EDGE('',*,*,#828,.T.);
#1070=ORIENTED_EDGE('',*,*,#829,.F.);
#1071=ORIENTED_EDGE('',*,*,#830,.F.);
#1072=ORIENTED_EDGE('',*,*,#831,.F.);
#1073=ORIENTED_EDGE('',*,*,#830,.T.);
#1074=ORIENTED_EDGE('',*,*,#832,.F.);
#1075=ORIENTED_EDGE('',*,*,#833,.F.);
#1076=ORIENTED_EDGE('',*,*,#834,.F.);
#1077=ORIENTED_EDGE('',*,*,#833,.T.);
#1078=ORIENTED_EDGE('',*,*,#835,.F.);
#1079=ORIENTED_EDGE('',*,*,#836,.F.);
#1080=ORIENTED_EDGE('',*,*,#837,.F.);
#1081=ORIENTED_EDGE('',*,*,#836,.T.);
#1082=ORIENTED_EDGE('',*,*,#838,.F.);
#1083=ORIENTED_EDGE('',*,*,#828,.F.);
#1084=ORIENTED_EDGE('',*,*,#838,.T.);
#1085=ORIENTED_EDGE('',*,*,#835,.T.);
#1086=ORIENTED_EDGE('',*,*,#832,.T.);
#1087=ORIENTED_EDGE('',*,*,#829,.T.);
#1088=ORIENTED_EDGE('',*,*,#839,.T.);
#1089=ORIENTED_EDGE('',*,*,#840,.T.);
#1090=ORIENTED_EDGE('',*,*,#841,.T.);
#1091=ORIENTED_EDGE('',*,*,#842,.T.);
#1092=ORIENTED_EDGE('',*,*,#840,.F.);
#1093=ORIENTED_EDGE('',*,*,#843,.F.);
#1094=ORIENTED_EDGE('',*,*,#844,.T.);
#1095=ORIENTED_EDGE('',*,*,#845,.F.);
#1096=ORIENTED_EDGE('',*,*,#846,.T.);
#1097=ORIENTED_EDGE('',*,*,#847,.F.);
#1098=ORIENTED_EDGE('',*,*,#848,.T.);
#1099=ORIENTED_EDGE('',*,*,#849,.T.);
#1100=ORIENTED_EDGE('',*,*,#850,.T.);
#1101=ORIENTED_EDGE('',*,*,#851,.T.);
#1102=ORIENTED_EDGE('',*,*,#849,.F.);
#1103=ORIENTED_EDGE('',*,*,#852,.F.);
#1104=ORIENTED_EDGE('',*,*,#853,.T.);
#1105=ORIENTED_EDGE('',*,*,#854,.F.);
#1106=ORIENTED_EDGE('',*,*,#855,.T.);
#1107=ORIENTED_EDGE('',*,*,#856,.T.);
#1108=ORIENTED_EDGE('',*,*,#857,.T.);
#1109=ORIENTED_EDGE('',*,*,#858,.T.);
#1110=ORIENTED_EDGE('',*,*,#856,.F.);
#1111=ORIENTED_EDGE('',*,*,#859,.F.);
#1112=ORIENTED_EDGE('',*,*,#860,.T.);
#1113=ORIENTED_EDGE('',*,*,#861,.F.);
#1114=ORIENTED_EDGE('',*,*,#862,.T.);
#1115=ORIENTED_EDGE('',*,*,#863,.F.);
#1116=ORIENTED_EDGE('',*,*,#864,.T.);
#1117=ORIENTED_EDGE('',*,*,#865,.T.);
#1118=ORIENTED_EDGE('',*,*,#866,.T.);
#1119=ORIENTED_EDGE('',*,*,#867,.T.);
#1120=ORIENTED_EDGE('',*,*,#865,.F.);
#1121=ORIENTED_EDGE('',*,*,#868,.F.);
#1122=ORIENTED_EDGE('',*,*,#869,.T.);
#1123=ORIENTED_EDGE('',*,*,#870,.F.);
#1124=ORIENTED_EDGE('',*,*,#871,.T.);
#1125=ORIENTED_EDGE('',*,*,#872,.T.);
#1126=ORIENTED_EDGE('',*,*,#873,.T.);
#1127=ORIENTED_EDGE('',*,*,#874,.T.);
#1128=ORIENTED_EDGE('',*,*,#875,.T.);
#1129=ORIENTED_EDGE('',*,*,#876,.T.);
#1130=ORIENTED_EDGE('',*,*,#873,.F.);
#1131=ORIENTED_EDGE('',*,*,#877,.T.);
#1132=ORIENTED_EDGE('',*,*,#878,.T.);
#1133=ORIENTED_EDGE('',*,*,#879,.T.);
#1134=ORIENTED_EDGE('',*,*,#875,.F.);
#1135=ORIENTED_EDGE('',*,*,#880,.T.);
#1136=ORIENTED_EDGE('',*,*,#881,.T.);
#1137=ORIENTED_EDGE('',*,*,#882,.T.);
#1138=ORIENTED_EDGE('',*,*,#878,.F.);
#1139=ORIENTED_EDGE('',*,*,#883,.T.);
#1140=ORIENTED_EDGE('',*,*,#884,.T.);
#1141=ORIENTED_EDGE('',*,*,#885,.T.);
#1142=ORIENTED_EDGE('',*,*,#881,.F.);
#1143=ORIENTED_EDGE('',*,*,#886,.T.);
#1144=ORIENTED_EDGE('',*,*,#887,.T.);
#1145=ORIENTED_EDGE('',*,*,#888,.T.);
#1146=ORIENTED_EDGE('',*,*,#884,.F.);
#1147=ORIENTED_EDGE('',*,*,#889,.T.);
#1148=ORIENTED_EDGE('',*,*,#890,.T.);
#1149=ORIENTED_EDGE('',*,*,#891,.T.);
#1150=ORIENTED_EDGE('',*,*,#887,.F.);
#1151=ORIENTED_EDGE('',*,*,#892,.T.);
#1152=ORIENTED_EDGE('',*,*,#871,.F.);
#1153=ORIENTED_EDGE('',*,*,#893,.T.);
#1154=ORIENTED_EDGE('',*,*,#890,.F.);
#1155=ORIENTED_EDGE('',*,*,#894,.T.);
#1156=ORIENTED_EDGE('',*,*,#888,.F.);
#1157=ORIENTED_EDGE('',*,*,#895,.T.);
#1158=ORIENTED_EDGE('',*,*,#896,.F.);
#1159=ORIENTED_EDGE('',*,*,#897,.F.);
#1160=ORIENTED_EDGE('',*,*,#891,.F.);
#1161=ORIENTED_EDGE('',*,*,#898,.T.);
#1162=ORIENTED_EDGE('',*,*,#899,.F.);
#1163=ORIENTED_EDGE('',*,*,#895,.F.);
#1164=ORIENTED_EDGE('',*,*,#893,.F.);
#1165=ORIENTED_EDGE('',*,*,#900,.T.);
#1166=ORIENTED_EDGE('',*,*,#901,.F.);
#1167=ORIENTED_EDGE('',*,*,#898,.F.);
#1168=ORIENTED_EDGE('',*,*,#874,.F.);
#1169=ORIENTED_EDGE('',*,*,#902,.T.);
#1170=ORIENTED_EDGE('',*,*,#903,.F.);
#1171=ORIENTED_EDGE('',*,*,#900,.F.);
#1172=ORIENTED_EDGE('',*,*,#872,.F.);
#1173=ORIENTED_EDGE('',*,*,#894,.F.);
#1174=ORIENTED_EDGE('',*,*,#892,.F.);
#1175=ORIENTED_EDGE('',*,*,#889,.F.);
#1176=ORIENTED_EDGE('',*,*,#886,.F.);
#1177=ORIENTED_EDGE('',*,*,#883,.F.);
#1178=ORIENTED_EDGE('',*,*,#880,.F.);
#1179=ORIENTED_EDGE('',*,*,#877,.F.);
#1180=ORIENTED_EDGE('',*,*,#904,.T.);
#1181=ORIENTED_EDGE('',*,*,#905,.T.);
#1182=ORIENTED_EDGE('',*,*,#852,.T.);
#1183=ORIENTED_EDGE('',*,*,#848,.F.);
#1184=ORIENTED_EDGE('',*,*,#906,.T.);
#1185=ORIENTED_EDGE('',*,*,#907,.T.);
#1186=ORIENTED_EDGE('',*,*,#843,.T.);
#1187=ORIENTED_EDGE('',*,*,#839,.F.);
#1188=ORIENTED_EDGE('',*,*,#908,.T.);
#1189=ORIENTED_EDGE('',*,*,#909,.T.);
#1190=ORIENTED_EDGE('',*,*,#910,.T.);
#1191=ORIENTED_EDGE('',*,*,#911,.T.);
#1192=ORIENTED_EDGE('',*,*,#868,.T.);
#1193=ORIENTED_EDGE('',*,*,#864,.F.);
#1194=ORIENTED_EDGE('',*,*,#912,.T.);
#1195=ORIENTED_EDGE('',*,*,#913,.T.);
#1196=ORIENTED_EDGE('',*,*,#859,.T.);
#1197=ORIENTED_EDGE('',*,*,#855,.F.);
#1198=ORIENTED_EDGE('',*,*,#914,.T.);
#1199=ORIENTED_EDGE('',*,*,#915,.T.);
#1200=ORIENTED_EDGE('',*,*,#916,.F.);
#1201=ORIENTED_EDGE('',*,*,#917,.F.);
#1202=ORIENTED_EDGE('',*,*,#918,.F.);
#1203=ORIENTED_EDGE('',*,*,#919,.F.);
#1204=ORIENTED_EDGE('',*,*,#918,.T.);
#1205=ORIENTED_EDGE('',*,*,#920,.T.);
#1206=ORIENTED_EDGE('',*,*,#825,.F.);
#1207=ORIENTED_EDGE('',*,*,#921,.F.);
#1208=ORIENTED_EDGE('',*,*,#826,.F.);
#1209=ORIENTED_EDGE('',*,*,#920,.F.);
#1210=ORIENTED_EDGE('',*,*,#917,.T.);
#1211=ORIENTED_EDGE('',*,*,#922,.F.);
#1212=ORIENTED_EDGE('',*,*,#923,.F.);
#1213=ORIENTED_EDGE('',*,*,#822,.T.);
#1214=ORIENTED_EDGE('',*,*,#916,.T.);
#1215=ORIENTED_EDGE('',*,*,#924,.F.);
#1216=ORIENTED_EDGE('',*,*,#925,.F.);
#1217=ORIENTED_EDGE('',*,*,#922,.T.);
#1218=ORIENTED_EDGE('',*,*,#805,.T.);
#1219=ORIENTED_EDGE('',*,*,#926,.F.);
#1220=ORIENTED_EDGE('',*,*,#924,.T.);
#1221=ORIENTED_EDGE('',*,*,#919,.T.);
#1222=ORIENTED_EDGE('',*,*,#921,.T.);
#1223=ORIENTED_EDGE('',*,*,#824,.F.);
#1224=ORIENTED_EDGE('',*,*,#927,.F.);
#1225=ORIENTED_EDGE('',*,*,#928,.F.);
#1226=ORIENTED_EDGE('',*,*,#929,.F.);
#1227=ORIENTED_EDGE('',*,*,#930,.F.);
#1228=ORIENTED_EDGE('',*,*,#929,.T.);
#1229=ORIENTED_EDGE('',*,*,#931,.T.);
#1230=ORIENTED_EDGE('',*,*,#932,.F.);
#1231=ORIENTED_EDGE('',*,*,#933,.F.);
#1232=ORIENTED_EDGE('',*,*,#934,.T.);
#1233=ORIENTED_EDGE('',*,*,#935,.T.);
#1234=ORIENTED_EDGE('',*,*,#936,.T.);
#1235=ORIENTED_EDGE('',*,*,#932,.T.);
#1236=ORIENTED_EDGE('',*,*,#934,.F.);
#1237=ORIENTED_EDGE('',*,*,#931,.F.);
#1238=ORIENTED_EDGE('',*,*,#928,.T.);
#1239=ORIENTED_EDGE('',*,*,#937,.F.);
#1240=ORIENTED_EDGE('',*,*,#938,.F.);
#1241=ORIENTED_EDGE('',*,*,#939,.T.);
#1242=ORIENTED_EDGE('',*,*,#927,.T.);
#1243=ORIENTED_EDGE('',*,*,#940,.F.);
#1244=ORIENTED_EDGE('',*,*,#941,.F.);
#1245=ORIENTED_EDGE('',*,*,#937,.T.);
#1246=ORIENTED_EDGE('',*,*,#936,.F.);
#1247=ORIENTED_EDGE('',*,*,#942,.F.);
#1248=ORIENTED_EDGE('',*,*,#943,.F.);
#1249=ORIENTED_EDGE('',*,*,#940,.T.);
#1250=ORIENTED_EDGE('',*,*,#930,.T.);
#1251=ORIENTED_EDGE('',*,*,#933,.T.);
#1252=ORIENTED_EDGE('',*,*,#944,.F.);
#1253=ORIENTED_EDGE('',*,*,#942,.T.);
#1254=ORIENTED_EDGE('',*,*,#935,.F.);
#1255=ORIENTED_EDGE('',*,*,#939,.F.);
#1256=ORIENTED_EDGE('',*,*,#945,.T.);
#1257=ORIENTED_EDGE('',*,*,#861,.T.);
#1258=ORIENTED_EDGE('',*,*,#946,.F.);
#1259=ORIENTED_EDGE('',*,*,#947,.F.);
#1260=ORIENTED_EDGE('',*,*,#948,.T.);
#1261=ORIENTED_EDGE('',*,*,#947,.T.);
#1262=ORIENTED_EDGE('',*,*,#949,.F.);
#1263=ORIENTED_EDGE('',*,*,#950,.F.);
#1264=ORIENTED_EDGE('',*,*,#951,.T.);
#1265=ORIENTED_EDGE('',*,*,#950,.T.);
#1266=ORIENTED_EDGE('',*,*,#952,.F.);
#1267=ORIENTED_EDGE('',*,*,#953,.F.);
#1268=ORIENTED_EDGE('',*,*,#954,.T.);
#1269=ORIENTED_EDGE('',*,*,#953,.T.);
#1270=ORIENTED_EDGE('',*,*,#955,.F.);
#1271=ORIENTED_EDGE('',*,*,#956,.F.);
#1272=ORIENTED_EDGE('',*,*,#862,.F.);
#1273=ORIENTED_EDGE('',*,*,#945,.F.);
#1274=ORIENTED_EDGE('',*,*,#948,.F.);
#1275=ORIENTED_EDGE('',*,*,#951,.F.);
#1276=ORIENTED_EDGE('',*,*,#954,.F.);
#1277=ORIENTED_EDGE('',*,*,#957,.F.);
#1278=ORIENTED_EDGE('',*,*,#958,.F.);
#1279=ORIENTED_EDGE('',*,*,#959,.T.);
#1280=ORIENTED_EDGE('',*,*,#960,.T.);
#1281=ORIENTED_EDGE('',*,*,#961,.T.);
#1282=ORIENTED_EDGE('',*,*,#962,.T.);
#1283=ORIENTED_EDGE('',*,*,#896,.T.);
#1284=ORIENTED_EDGE('',*,*,#899,.T.);
#1285=ORIENTED_EDGE('',*,*,#901,.T.);
#1286=ORIENTED_EDGE('',*,*,#903,.T.);
#1287=ORIENTED_EDGE('',*,*,#827,.T.);
#1288=ORIENTED_EDGE('',*,*,#831,.T.);
#1289=ORIENTED_EDGE('',*,*,#834,.T.);
#1290=ORIENTED_EDGE('',*,*,#837,.T.);
#1291=ORIENTED_EDGE('',*,*,#941,.T.);
#1292=ORIENTED_EDGE('',*,*,#943,.T.);
#1293=ORIENTED_EDGE('',*,*,#944,.T.);
#1294=ORIENTED_EDGE('',*,*,#938,.T.);
#1295=ORIENTED_EDGE('',*,*,#958,.T.);
#1296=ORIENTED_EDGE('',*,*,#963,.T.);
#1297=ORIENTED_EDGE('',*,*,#866,.F.);
#1298=ORIENTED_EDGE('',*,*,#870,.T.);
#1299=ORIENTED_EDGE('',*,*,#964,.T.);
#1300=ORIENTED_EDGE('',*,*,#965,.T.);
#1301=ORIENTED_EDGE('',*,*,#966,.T.);
#1302=ORIENTED_EDGE('',*,*,#967,.T.);
#1303=ORIENTED_EDGE('',*,*,#857,.F.);
#1304=ORIENTED_EDGE('',*,*,#863,.T.);
#1305=ORIENTED_EDGE('',*,*,#968,.T.);
#1306=ORIENTED_EDGE('',*,*,#969,.T.);
#1307=ORIENTED_EDGE('',*,*,#850,.F.);
#1308=ORIENTED_EDGE('',*,*,#854,.T.);
#1309=ORIENTED_EDGE('',*,*,#970,.T.);
#1310=ORIENTED_EDGE('',*,*,#971,.T.);
#1311=ORIENTED_EDGE('',*,*,#972,.T.);
#1312=ORIENTED_EDGE('',*,*,#973,.T.);
#1313=ORIENTED_EDGE('',*,*,#841,.F.);
#1314=ORIENTED_EDGE('',*,*,#847,.T.);
#1315=ORIENTED_EDGE('',*,*,#974,.T.);
#1316=ORIENTED_EDGE('',*,*,#975,.T.);
#1317=ORIENTED_EDGE('',*,*,#976,.T.);
#1318=ORIENTED_EDGE('',*,*,#977,.T.);
#1319=ORIENTED_EDGE('',*,*,#978,.T.);
#1320=ORIENTED_EDGE('',*,*,#979,.T.);
#1321=ORIENTED_EDGE('',*,*,#980,.T.);
#1322=ORIENTED_EDGE('',*,*,#981,.T.);
#1323=ORIENTED_EDGE('',*,*,#982,.T.);
#1324=ORIENTED_EDGE('',*,*,#983,.T.);
#1325=ORIENTED_EDGE('',*,*,#984,.T.);
#1326=ORIENTED_EDGE('',*,*,#985,.T.);
#1327=ORIENTED_EDGE('',*,*,#818,.T.);
#1328=ORIENTED_EDGE('',*,*,#823,.T.);
#1329=ORIENTED_EDGE('',*,*,#923,.T.);
#1330=ORIENTED_EDGE('',*,*,#925,.T.);
#1331=ORIENTED_EDGE('',*,*,#926,.T.);
#1332=ORIENTED_EDGE('',*,*,#810,.T.);
#1333=ORIENTED_EDGE('',*,*,#811,.T.);
#1334=ORIENTED_EDGE('',*,*,#814,.T.);
#1335=ORIENTED_EDGE('',*,*,#860,.F.);
#1336=ORIENTED_EDGE('',*,*,#913,.F.);
#1337=ORIENTED_EDGE('',*,*,#986,.F.);
#1338=ORIENTED_EDGE('',*,*,#955,.T.);
#1339=ORIENTED_EDGE('',*,*,#952,.T.);
#1340=ORIENTED_EDGE('',*,*,#949,.T.);
#1341=ORIENTED_EDGE('',*,*,#946,.T.);
#1342=ORIENTED_EDGE('',*,*,#964,.F.);
#1343=ORIENTED_EDGE('',*,*,#869,.F.);
#1344=ORIENTED_EDGE('',*,*,#911,.F.);
#1345=ORIENTED_EDGE('',*,*,#987,.T.);
#1346=ORIENTED_EDGE('',*,*,#915,.F.);
#1347=ORIENTED_EDGE('',*,*,#988,.T.);
#1348=ORIENTED_EDGE('',*,*,#966,.F.);
#1349=ORIENTED_EDGE('',*,*,#989,.F.);
#1350=ORIENTED_EDGE('',*,*,#867,.F.);
#1351=ORIENTED_EDGE('',*,*,#963,.F.);
#1352=ORIENTED_EDGE('',*,*,#957,.T.);
#1353=ORIENTED_EDGE('',*,*,#956,.T.);
#1354=ORIENTED_EDGE('',*,*,#986,.T.);
#1355=ORIENTED_EDGE('',*,*,#912,.F.);
#1356=ORIENTED_EDGE('',*,*,#965,.F.);
#1357=ORIENTED_EDGE('',*,*,#987,.F.);
#1358=ORIENTED_EDGE('',*,*,#910,.F.);
#1359=ORIENTED_EDGE('',*,*,#989,.T.);
#1360=ORIENTED_EDGE('',*,*,#858,.F.);
#1361=ORIENTED_EDGE('',*,*,#967,.F.);
#1362=ORIENTED_EDGE('',*,*,#988,.F.);
#1363=ORIENTED_EDGE('',*,*,#914,.F.);
#1364=ORIENTED_EDGE('',*,*,#990,.T.);
#1365=ORIENTED_EDGE('',*,*,#845,.T.);
#1366=ORIENTED_EDGE('',*,*,#991,.F.);
#1367=ORIENTED_EDGE('',*,*,#992,.F.);
#1368=ORIENTED_EDGE('',*,*,#993,.T.);
#1369=ORIENTED_EDGE('',*,*,#992,.T.);
#1370=ORIENTED_EDGE('',*,*,#994,.F.);
#1371=ORIENTED_EDGE('',*,*,#995,.F.);
#1372=ORIENTED_EDGE('',*,*,#996,.T.);
#1373=ORIENTED_EDGE('',*,*,#995,.T.);
#1374=ORIENTED_EDGE('',*,*,#997,.F.);
#1375=ORIENTED_EDGE('',*,*,#998,.F.);
#1376=ORIENTED_EDGE('',*,*,#999,.T.);
#1377=ORIENTED_EDGE('',*,*,#998,.T.);
#1378=ORIENTED_EDGE('',*,*,#1000,.F.);
#1379=ORIENTED_EDGE('',*,*,#1001,.F.);
#1380=ORIENTED_EDGE('',*,*,#846,.F.);
#1381=ORIENTED_EDGE('',*,*,#990,.F.);
#1382=ORIENTED_EDGE('',*,*,#993,.F.);
#1383=ORIENTED_EDGE('',*,*,#996,.F.);
#1384=ORIENTED_EDGE('',*,*,#999,.F.);
#1385=ORIENTED_EDGE('',*,*,#1002,.F.);
#1386=ORIENTED_EDGE('',*,*,#968,.F.);
#1387=ORIENTED_EDGE('',*,*,#844,.F.);
#1388=ORIENTED_EDGE('',*,*,#907,.F.);
#1389=ORIENTED_EDGE('',*,*,#1003,.F.);
#1390=ORIENTED_EDGE('',*,*,#1000,.T.);
#1391=ORIENTED_EDGE('',*,*,#997,.T.);
#1392=ORIENTED_EDGE('',*,*,#994,.T.);
#1393=ORIENTED_EDGE('',*,*,#991,.T.);
#1394=ORIENTED_EDGE('',*,*,#970,.F.);
#1395=ORIENTED_EDGE('',*,*,#853,.F.);
#1396=ORIENTED_EDGE('',*,*,#905,.F.);
#1397=ORIENTED_EDGE('',*,*,#1004,.T.);
#1398=ORIENTED_EDGE('',*,*,#909,.F.);
#1399=ORIENTED_EDGE('',*,*,#1005,.T.);
#1400=ORIENTED_EDGE('',*,*,#972,.F.);
#1401=ORIENTED_EDGE('',*,*,#1006,.F.);
#1402=ORIENTED_EDGE('',*,*,#851,.F.);
#1403=ORIENTED_EDGE('',*,*,#969,.F.);
#1404=ORIENTED_EDGE('',*,*,#1002,.T.);
#1405=ORIENTED_EDGE('',*,*,#1001,.T.);
#1406=ORIENTED_EDGE('',*,*,#1003,.T.);
#1407=ORIENTED_EDGE('',*,*,#906,.F.);
#1408=ORIENTED_EDGE('',*,*,#971,.F.);
#1409=ORIENTED_EDGE('',*,*,#1004,.F.);
#1410=ORIENTED_EDGE('',*,*,#904,.F.);
#1411=ORIENTED_EDGE('',*,*,#1006,.T.);
#1412=ORIENTED_EDGE('',*,*,#842,.F.);
#1413=ORIENTED_EDGE('',*,*,#973,.F.);
#1414=ORIENTED_EDGE('',*,*,#1005,.F.);
#1415=ORIENTED_EDGE('',*,*,#908,.F.);
#1416=ORIENTED_EDGE('',*,*,#974,.F.);
#1417=ORIENTED_EDGE('',*,*,#1007,.T.);
#1418=ORIENTED_EDGE('',*,*,#1008,.F.);
#1419=ORIENTED_EDGE('',*,*,#1009,.F.);
#1420=ORIENTED_EDGE('',*,*,#975,.F.);
#1421=ORIENTED_EDGE('',*,*,#1009,.T.);
#1422=ORIENTED_EDGE('',*,*,#1010,.F.);
#1423=ORIENTED_EDGE('',*,*,#1011,.F.);
#1424=ORIENTED_EDGE('',*,*,#976,.F.);
#1425=ORIENTED_EDGE('',*,*,#1011,.T.);
#1426=ORIENTED_EDGE('',*,*,#1012,.F.);
#1427=ORIENTED_EDGE('',*,*,#1013,.F.);
#1428=ORIENTED_EDGE('',*,*,#977,.F.);
#1429=ORIENTED_EDGE('',*,*,#1013,.T.);
#1430=ORIENTED_EDGE('',*,*,#1014,.F.);
#1431=ORIENTED_EDGE('',*,*,#1007,.F.);
#1432=ORIENTED_EDGE('',*,*,#1014,.T.);
#1433=ORIENTED_EDGE('',*,*,#1012,.T.);
#1434=ORIENTED_EDGE('',*,*,#1010,.T.);
#1435=ORIENTED_EDGE('',*,*,#1008,.T.);
#1436=ORIENTED_EDGE('',*,*,#978,.F.);
#1437=ORIENTED_EDGE('',*,*,#1015,.T.);
#1438=ORIENTED_EDGE('',*,*,#1016,.F.);
#1439=ORIENTED_EDGE('',*,*,#1017,.F.);
#1440=ORIENTED_EDGE('',*,*,#979,.F.);
#1441=ORIENTED_EDGE('',*,*,#1017,.T.);
#1442=ORIENTED_EDGE('',*,*,#1018,.F.);
#1443=ORIENTED_EDGE('',*,*,#1019,.F.);
#1444=ORIENTED_EDGE('',*,*,#980,.F.);
#1445=ORIENTED_EDGE('',*,*,#1019,.T.);
#1446=ORIENTED_EDGE('',*,*,#1020,.F.);
#1447=ORIENTED_EDGE('',*,*,#1021,.F.);
#1448=ORIENTED_EDGE('',*,*,#981,.F.);
#1449=ORIENTED_EDGE('',*,*,#1021,.T.);
#1450=ORIENTED_EDGE('',*,*,#1022,.F.);
#1451=ORIENTED_EDGE('',*,*,#1015,.F.);
#1452=ORIENTED_EDGE('',*,*,#1022,.T.);
#1453=ORIENTED_EDGE('',*,*,#1020,.T.);
#1454=ORIENTED_EDGE('',*,*,#1018,.T.);
#1455=ORIENTED_EDGE('',*,*,#1016,.T.);
#1456=ORIENTED_EDGE('',*,*,#982,.F.);
#1457=ORIENTED_EDGE('',*,*,#1023,.T.);
#1458=ORIENTED_EDGE('',*,*,#1024,.F.);
#1459=ORIENTED_EDGE('',*,*,#1025,.F.);
#1460=ORIENTED_EDGE('',*,*,#983,.F.);
#1461=ORIENTED_EDGE('',*,*,#1025,.T.);
#1462=ORIENTED_EDGE('',*,*,#1026,.F.);
#1463=ORIENTED_EDGE('',*,*,#1027,.F.);
#1464=ORIENTED_EDGE('',*,*,#984,.F.);
#1465=ORIENTED_EDGE('',*,*,#1027,.T.);
#1466=ORIENTED_EDGE('',*,*,#1028,.F.);
#1467=ORIENTED_EDGE('',*,*,#1029,.F.);
#1468=ORIENTED_EDGE('',*,*,#985,.F.);
#1469=ORIENTED_EDGE('',*,*,#1029,.T.);
#1470=ORIENTED_EDGE('',*,*,#1030,.F.);
#1471=ORIENTED_EDGE('',*,*,#1023,.F.);
#1472=ORIENTED_EDGE('',*,*,#1030,.T.);
#1473=ORIENTED_EDGE('',*,*,#1028,.T.);
#1474=ORIENTED_EDGE('',*,*,#1026,.T.);
#1475=ORIENTED_EDGE('',*,*,#1024,.T.);
#1476=ORIENTED_EDGE('',*,*,#885,.F.);
#1477=ORIENTED_EDGE('',*,*,#897,.T.);
#1478=ORIENTED_EDGE('',*,*,#962,.F.);
#1479=ORIENTED_EDGE('',*,*,#1031,.F.);
#1480=ORIENTED_EDGE('',*,*,#882,.F.);
#1481=ORIENTED_EDGE('',*,*,#1031,.T.);
#1482=ORIENTED_EDGE('',*,*,#961,.F.);
#1483=ORIENTED_EDGE('',*,*,#1032,.F.);
#1484=ORIENTED_EDGE('',*,*,#879,.F.);
#1485=ORIENTED_EDGE('',*,*,#1032,.T.);
#1486=ORIENTED_EDGE('',*,*,#960,.F.);
#1487=ORIENTED_EDGE('',*,*,#1033,.F.);
#1488=ORIENTED_EDGE('',*,*,#876,.F.);
#1489=ORIENTED_EDGE('',*,*,#1033,.T.);
#1490=ORIENTED_EDGE('',*,*,#959,.F.);
#1491=ORIENTED_EDGE('',*,*,#902,.F.);
#1492=PLANE('',#1664);
#1493=PLANE('',#1665);
#1494=PLANE('',#1666);
#1495=PLANE('',#1667);
#1496=PLANE('',#1668);
#1497=PLANE('',#1669);
#1498=PLANE('',#1670);
#1499=PLANE('',#1671);
#1500=PLANE('',#1672);
#1501=PLANE('',#1673);
#1502=PLANE('',#1674);
#1503=PLANE('',#1675);
#1504=PLANE('',#1679);
#1505=PLANE('',#1683);
#1506=PLANE('',#1687);
#1507=PLANE('',#1691);
#1508=PLANE('',#1718);
#1509=PLANE('',#1721);
#1510=PLANE('',#1722);
#1511=PLANE('',#1723);
#1512=PLANE('',#1724);
#1513=PLANE('',#1725);
#1514=PLANE('',#1726);
#1515=PLANE('',#1727);
#1516=PLANE('',#1728);
#1517=PLANE('',#1729);
#1518=PLANE('',#1730);
#1519=PLANE('',#1731);
#1520=PLANE('',#1732);
#1521=PLANE('',#1733);
#1522=PLANE('',#1734);
#1523=PLANE('',#1735);
#1524=PLANE('',#1736);
#1525=PLANE('',#1737);
#1526=PLANE('',#1738);
#1527=PLANE('',#1739);
#1528=PLANE('',#1740);
#1529=PLANE('',#1743);
#1530=PLANE('',#1744);
#1531=PLANE('',#1745);
#1532=PLANE('',#1746);
#1533=PLANE('',#1747);
#1534=PLANE('',#1748);
#1535=PLANE('',#1749);
#1536=PLANE('',#1750);
#1537=PLANE('',#1751);
#1538=PLANE('',#1752);
#1539=PLANE('',#1753);
#1540=PLANE('',#1754);
#1541=PLANE('',#1755);
#1542=PLANE('',#1756);
#1543=PLANE('',#1757);
#1544=PLANE('',#1758);
#1545=PLANE('',#1759);
#1546=PLANE('',#1760);
#1547=PLANE('',#1761);
#1548=PLANE('',#1762);
#1549=PLANE('',#1763);
#1550=PLANE('',#1764);
#1551=PLANE('',#1765);
#1552=PLANE('',#1766);
#1553=PLANE('',#1767);
#1554=PLANE('',#1768);
#1555=PLANE('',#1769);
#1556=PLANE('',#1770);
#1557=PLANE('',#1771);
#1558=PLANE('',#1772);
#1559=PLANE('',#1773);
#1560=PLANE('',#1774);
#1561=PLANE('',#1775);
#1562=PLANE('',#1777);
#1563=ADVANCED_FACE('',(#69),#1492,.T.);
#1564=ADVANCED_FACE('',(#70),#1493,.T.);
#1565=ADVANCED_FACE('',(#71),#1494,.T.);
#1566=ADVANCED_FACE('',(#72),#1495,.T.);
#1567=ADVANCED_FACE('',(#73),#1496,.T.);
#1568=ADVANCED_FACE('',(#74),#1497,.T.);
#1569=ADVANCED_FACE('',(#75),#1498,.T.);
#1570=ADVANCED_FACE('',(#76),#1499,.T.);
#1571=ADVANCED_FACE('',(#77),#1500,.T.);
#1572=ADVANCED_FACE('',(#78),#1501,.T.);
#1573=ADVANCED_FACE('',(#79),#1502,.T.);
#1574=ADVANCED_FACE('',(#80),#1503,.T.);
#1575=ADVANCED_FACE('',(#81),#57,.F.);
#1576=ADVANCED_FACE('',(#82),#1504,.F.);
#1577=ADVANCED_FACE('',(#83),#58,.F.);
#1578=ADVANCED_FACE('',(#84),#1505,.F.);
#1579=ADVANCED_FACE('',(#85),#59,.F.);
#1580=ADVANCED_FACE('',(#86),#1506,.F.);
#1581=ADVANCED_FACE('',(#87),#60,.F.);
#1582=ADVANCED_FACE('',(#88),#1507,.F.);
#1583=ADVANCED_FACE('',(#89),#61,.T.);
#1584=ADVANCED_FACE('',(#90),#25,.T.);
#1585=ADVANCED_FACE('',(#91),#62,.T.);
#1586=ADVANCED_FACE('',(#92),#26,.T.);
#1587=ADVANCED_FACE('',(#93),#63,.T.);
#1588=ADVANCED_FACE('',(#94),#27,.T.);
#1589=ADVANCED_FACE('',(#95),#64,.T.);
#1590=ADVANCED_FACE('',(#96),#28,.T.);
#1591=ADVANCED_FACE('',(#97),#65,.T.);
#1592=ADVANCED_FACE('',(#98),#1508,.T.);
#1593=ADVANCED_FACE('',(#99),#66,.T.);
#1594=ADVANCED_FACE('',(#100),#1509,.T.);
#1595=ADVANCED_FACE('',(#101,#15,#16),#1510,.F.);
#1596=ADVANCED_FACE('',(#102),#1511,.F.);
#1597=ADVANCED_FACE('',(#103),#1512,.T.);
#1598=ADVANCED_FACE('',(#104),#1513,.T.);
#1599=ADVANCED_FACE('',(#105),#1514,.T.);
#1600=ADVANCED_FACE('',(#106),#1515,.T.);
#1601=ADVANCED_FACE('',(#107),#1516,.F.);
#1602=ADVANCED_FACE('',(#108),#1517,.T.);
#1603=ADVANCED_FACE('',(#109),#1518,.T.);
#1604=ADVANCED_FACE('',(#110),#1519,.T.);
#1605=ADVANCED_FACE('',(#111),#1520,.T.);
#1606=ADVANCED_FACE('',(#112),#1521,.T.);
#1607=ADVANCED_FACE('',(#113),#1522,.T.);
#1608=ADVANCED_FACE('',(#114),#1523,.T.);
#1609=ADVANCED_FACE('',(#115),#1524,.T.);
#1610=ADVANCED_FACE('',(#116),#1525,.T.);
#1611=ADVANCED_FACE('',(#117),#1526,.T.);
#1612=ADVANCED_FACE('',(#118),#1527,.F.);
#1613=ADVANCED_FACE('',(#119,#17,#18,#19,#20,#21,#22,#23,#24),#1528,.T.);
#1614=ADVANCED_FACE('',(#120),#1529,.F.);
#1615=ADVANCED_FACE('',(#121),#1530,.F.);
#1616=ADVANCED_FACE('',(#122),#1531,.F.);
#1617=ADVANCED_FACE('',(#123),#1532,.F.);
#1618=ADVANCED_FACE('',(#124),#1533,.F.);
#1619=ADVANCED_FACE('',(#125),#1534,.F.);
#1620=ADVANCED_FACE('',(#126),#1535,.T.);
#1621=ADVANCED_FACE('',(#127),#1536,.T.);
#1622=ADVANCED_FACE('',(#128),#1537,.T.);
#1623=ADVANCED_FACE('',(#129),#1538,.T.);
#1624=ADVANCED_FACE('',(#130),#1539,.F.);
#1625=ADVANCED_FACE('',(#131),#1540,.F.);
#1626=ADVANCED_FACE('',(#132),#1541,.F.);
#1627=ADVANCED_FACE('',(#133),#1542,.F.);
#1628=ADVANCED_FACE('',(#134),#1543,.F.);
#1629=ADVANCED_FACE('',(#135),#1544,.F.);
#1630=ADVANCED_FACE('',(#136),#1545,.F.);
#1631=ADVANCED_FACE('',(#137),#1546,.T.);
#1632=ADVANCED_FACE('',(#138),#1547,.T.);
#1633=ADVANCED_FACE('',(#139),#1548,.T.);
#1634=ADVANCED_FACE('',(#140),#1549,.T.);
#1635=ADVANCED_FACE('',(#141),#1550,.T.);
#1636=ADVANCED_FACE('',(#142),#1551,.T.);
#1637=ADVANCED_FACE('',(#143),#1552,.T.);
#1638=ADVANCED_FACE('',(#144),#1553,.T.);
#1639=ADVANCED_FACE('',(#145),#1554,.T.);
#1640=ADVANCED_FACE('',(#146),#1555,.T.);
#1641=ADVANCED_FACE('',(#147),#1556,.T.);
#1642=ADVANCED_FACE('',(#148),#1557,.T.);
#1643=ADVANCED_FACE('',(#149),#1558,.T.);
#1644=ADVANCED_FACE('',(#150),#1559,.T.);
#1645=ADVANCED_FACE('',(#151),#1560,.T.);
#1646=ADVANCED_FACE('',(#152),#1561,.T.);
#1647=ADVANCED_FACE('',(#153),#67,.T.);
#1648=ADVANCED_FACE('',(#154),#1562,.T.);
#1649=ADVANCED_FACE('',(#155),#68,.T.);
#1650=CLOSED_SHELL('',(#1563,#1564,#1565,#1566,#1567,#1568,#1569,#1570,
#1571,#1572,#1573,#1574,#1575,#1576,#1577,#1578,#1579,#1580,#1581,#1582,
#1583,#1584,#1585,#1586,#1587,#1588,#1589,#1590,#1591,#1592,#1593,#1594,
#1595,#1596,#1597,#1598,#1599,#1600,#1601,#1602,#1603,#1604,#1605,#1606,
#1607,#1608,#1609,#1610,#1611,#1612,#1613,#1614,#1615,#1616,#1617,#1618,
#1619,#1620,#1621,#1622,#1623,#1624,#1625,#1626,#1627,#1628,#1629,#1630,
#1631,#1632,#1633,#1634,#1635,#1636,#1637,#1638,#1639,#1640,#1641,#1642,
#1643,#1644,#1645,#1646,#1647,#1648,#1649));
#1651=DERIVED_UNIT_ELEMENT(#1653,1.);
#1652=DERIVED_UNIT_ELEMENT(#2684,-3.);
#1653=(
MASS_UNIT()
NAMED_UNIT(*)
SI_UNIT(.KILO.,.GRAM.)
);
#1654=DERIVED_UNIT((#1651,#1652));
#1655=MEASURE_REPRESENTATION_ITEM('density measure',
POSITIVE_RATIO_MEASURE(7850.),#1654);
#1656=PROPERTY_DEFINITION_REPRESENTATION(#1661,#1658);
#1657=PROPERTY_DEFINITION_REPRESENTATION(#1662,#1659);
#1658=REPRESENTATION('material name',(#1660),#2681);
#1659=REPRESENTATION('density',(#1655),#2681);
#1660=DESCRIPTIVE_REPRESENTATION_ITEM('Steel','Steel');
#1661=PROPERTY_DEFINITION('material property','material name',#2691);
#1662=PROPERTY_DEFINITION('material property','density of part',#2691);
#1663=AXIS2_PLACEMENT_3D('',#2212,#1779,#1780);
#1664=AXIS2_PLACEMENT_3D('',#2213,#1781,#1782);
#1665=AXIS2_PLACEMENT_3D('',#2226,#1789,#1790);
#1666=AXIS2_PLACEMENT_3D('',#2232,#1794,#1795);
#1667=AXIS2_PLACEMENT_3D('',#2238,#1799,#1800);
#1668=AXIS2_PLACEMENT_3D('',#2245,#1805,#1806);
#1669=AXIS2_PLACEMENT_3D('',#2246,#1807,#1808);
#1670=AXIS2_PLACEMENT_3D('',#2252,#1812,#1813);
#1671=AXIS2_PLACEMENT_3D('',#2258,#1817,#1818);
#1672=AXIS2_PLACEMENT_3D('',#2267,#1823,#1824);
#1673=AXIS2_PLACEMENT_3D('',#2273,#1828,#1829);
#1674=AXIS2_PLACEMENT_3D('',#2279,#1833,#1834);
#1675=AXIS2_PLACEMENT_3D('',#2282,#1837,#1838);
#1676=AXIS2_PLACEMENT_3D('',#2283,#1839,#1840);
#1677=AXIS2_PLACEMENT_3D('',#2286,#1841,#1842);
#1678=AXIS2_PLACEMENT_3D('',#2290,#1844,#1845);
#1679=AXIS2_PLACEMENT_3D('',#2292,#1847,#1848);
#1680=AXIS2_PLACEMENT_3D('',#2302,#1854,#1855);
#1681=AXIS2_PLACEMENT_3D('',#2305,#1856,#1857);
#1682=AXIS2_PLACEMENT_3D('',#2309,#1859,#1860);
#1683=AXIS2_PLACEMENT_3D('',#2311,#1862,#1863);
#1684=AXIS2_PLACEMENT_3D('',#2317,#1867,#1868);
#1685=AXIS2_PLACEMENT_3D('',#2320,#1869,#1870);
#1686=AXIS2_PLACEMENT_3D('',#2324,#1872,#1873);
#1687=AXIS2_PLACEMENT_3D('',#2326,#1875,#1876);
#1688=AXIS2_PLACEMENT_3D('',#2336,#1882,#1883);
#1689=AXIS2_PLACEMENT_3D('',#2339,#1884,#1885);
#1690=AXIS2_PLACEMENT_3D('',#2343,#1887,#1888);
#1691=AXIS2_PLACEMENT_3D('',#2345,#1890,#1891);
#1692=AXIS2_PLACEMENT_3D('',#2351,#1895,#1896);
#1693=AXIS2_PLACEMENT_3D('',#2354,#1897,#1898);
#1694=AXIS2_PLACEMENT_3D('',#2358,#1900,#1901);
#1695=AXIS2_PLACEMENT_3D('',#2360,#1903,#1904);
#1696=AXIS2_PLACEMENT_3D('',#2363,#1905,#1906);
#1697=AXIS2_PLACEMENT_3D('',#2364,#1907,#1908);
#1698=AXIS2_PLACEMENT_3D('',#2365,#1909,#1910);
#1699=AXIS2_PLACEMENT_3D('',#2366,#1911,#1912);
#1700=AXIS2_PLACEMENT_3D('',#2369,#1913,#1914);
#1701=AXIS2_PLACEMENT_3D('',#2372,#1917,#1918);
#1702=AXIS2_PLACEMENT_3D('',#2375,#1919,#1920);
#1703=AXIS2_PLACEMENT_3D('',#2376,#1921,#1922);
#1704=AXIS2_PLACEMENT_3D('',#2377,#1923,#1924);
#1705=AXIS2_PLACEMENT_3D('',#2378,#1925,#1926);
#1706=AXIS2_PLACEMENT_3D('',#2381,#1927,#1928);
#1707=AXIS2_PLACEMENT_3D('',#2384,#1931,#1932);
#1708=AXIS2_PLACEMENT_3D('',#2387,#1933,#1934);
#1709=AXIS2_PLACEMENT_3D('',#2388,#1935,#1936);
#1710=AXIS2_PLACEMENT_3D('',#2389,#1937,#1938);
#1711=AXIS2_PLACEMENT_3D('',#2390,#1939,#1940);
#1712=AXIS2_PLACEMENT_3D('',#2393,#1941,#1942);
#1713=AXIS2_PLACEMENT_3D('',#2396,#1945,#1946);
#1714=AXIS2_PLACEMENT_3D('',#2397,#1947,#1948);
#1715=AXIS2_PLACEMENT_3D('',#2398,#1949,#1950);
#1716=AXIS2_PLACEMENT_3D('',#2399,#1951,#1952);
#1717=AXIS2_PLACEMENT_3D('',#2403,#1954,#1955);
#1718=AXIS2_PLACEMENT_3D('',#2405,#1957,#1958);
#1719=AXIS2_PLACEMENT_3D('',#2409,#1961,#1962);
#1720=AXIS2_PLACEMENT_3D('',#2412,#1964,#1965);
#1721=AXIS2_PLACEMENT_3D('',#2413,#1966,#1967);
#1722=AXIS2_PLACEMENT_3D('',#2417,#1970,#1971);
#1723=AXIS2_PLACEMENT_3D('',#2438,#1984,#1985);
#1724=AXIS2_PLACEMENT_3D('',#2447,#1990,#1991);
#1725=AXIS2_PLACEMENT_3D('',#2450,#1994,#1995);
#1726=AXIS2_PLACEMENT_3D('',#2454,#1998,#1999);
#1727=AXIS2_PLACEMENT_3D('',#2458,#2002,#2003);
#1728=AXIS2_PLACEMENT_3D('',#2460,#2005,#2006);
#1729=AXIS2_PLACEMENT_3D('',#2469,#2011,#2012);
#1730=AXIS2_PLACEMENT_3D('',#2475,#2016,#2017);
#1731=AXIS2_PLACEMENT_3D('',#2481,#2021,#2022);
#1732=AXIS2_PLACEMENT_3D('',#2487,#2026,#2027);
#1733=AXIS2_PLACEMENT_3D('',#2491,#2030,#2031);
#1734=AXIS2_PLACEMENT_3D('',#2495,#2034,#2035);
#1735=AXIS2_PLACEMENT_3D('',#2497,#2037,#2038);
#1736=AXIS2_PLACEMENT_3D('',#2503,#2042,#2043);
#1737=AXIS2_PLACEMENT_3D('',#2509,#2047,#2048);
#1738=AXIS2_PLACEMENT_3D('',#2515,#2052,#2053);
#1739=AXIS2_PLACEMENT_3D('',#2521,#2057,#2058);
#1740=AXIS2_PLACEMENT_3D('',#2525,#2061,#2062);
#1741=AXIS2_PLACEMENT_3D('',#2527,#2063,#2064);
#1742=AXIS2_PLACEMENT_3D('',#2531,#2066,#2067);
#1743=AXIS2_PLACEMENT_3D('',#2575,#2092,#2093);
#1744=AXIS2_PLACEMENT_3D('',#2577,#2095,#2096);
#1745=AXIS2_PLACEMENT_3D('',#2579,#2098,#2099);
#1746=AXIS2_PLACEMENT_3D('',#2582,#2102,#2103);
#1747=AXIS2_PLACEMENT_3D('',#2583,#2104,#2105);
#1748=AXIS2_PLACEMENT_3D('',#2584,#2106,#2107);
#1749=AXIS2_PLACEMENT_3D('',#2585,#2108,#2109);
#1750=AXIS2_PLACEMENT_3D('',#2591,#2113,#2114);
#1751=AXIS2_PLACEMENT_3D('',#2597,#2118,#2119);
#1752=AXIS2_PLACEMENT_3D('',#2603,#2123,#2124);
#1753=AXIS2_PLACEMENT_3D('',#2609,#2128,#2129);
#1754=AXIS2_PLACEMENT_3D('',#2611,#2131,#2132);
#1755=AXIS2_PLACEMENT_3D('',#2613,#2134,#2135);
#1756=AXIS2_PLACEMENT_3D('',#2615,#2137,#2138);
#1757=AXIS2_PLACEMENT_3D('',#2618,#2141,#2142);
#1758=AXIS2_PLACEMENT_3D('',#2619,#2143,#2144);
#1759=AXIS2_PLACEMENT_3D('',#2620,#2145,#2146);
#1760=AXIS2_PLACEMENT_3D('',#2621,#2147,#2148);
#1761=AXIS2_PLACEMENT_3D('',#2627,#2152,#2153);
#1762=AXIS2_PLACEMENT_3D('',#2631,#2156,#2157);
#1763=AXIS2_PLACEMENT_3D('',#2635,#2160,#2161);
#1764=AXIS2_PLACEMENT_3D('',#2637,#2163,#2164);
#1765=AXIS2_PLACEMENT_3D('',#2638,#2165,#2166);
#1766=AXIS2_PLACEMENT_3D('',#2644,#2170,#2171);
#1767=AXIS2_PLACEMENT_3D('',#2648,#2174,#2175);
#1768=AXIS2_PLACEMENT_3D('',#2652,#2178,#2179);
#1769=AXIS2_PLACEMENT_3D('',#2654,#2181,#2182);
#1770=AXIS2_PLACEMENT_3D('',#2655,#2183,#2184);
#1771=AXIS2_PLACEMENT_3D('',#2661,#2188,#2189);
#1772=AXIS2_PLACEMENT_3D('',#2665,#2192,#2193);
#1773=AXIS2_PLACEMENT_3D('',#2669,#2196,#2197);
#1774=AXIS2_PLACEMENT_3D('',#2671,#2199,#2200);
#1775=AXIS2_PLACEMENT_3D('',#2672,#2201,#2202);
#1776=AXIS2_PLACEMENT_3D('',#2674,#2204,#2205);
#1777=AXIS2_PLACEMENT_3D('',#2676,#2207,#2208);
#1778=AXIS2_PLACEMENT_3D('',#2678,#2210,#2211);
#1779=DIRECTION('axis',(0.,0.,1.));
#1780=DIRECTION('refdir',(1.,0.,0.));
#1781=DIRECTION('center_axis',(0.,1.,0.));
#1782=DIRECTION('ref_axis',(-1.,0.,0.));
#1783=DIRECTION('',(0.,0.,-1.));
#1784=DIRECTION('',(1.,0.,0.));
#1785=DIRECTION('',(0.,0.,1.));
#1786=DIRECTION('',(-1.,0.,0.));
#1787=DIRECTION('',(0.,0.,1.));
#1788=DIRECTION('',(1.,0.,0.));
#1789=DIRECTION('center_axis',(1.,0.,0.));
#1790=DIRECTION('ref_axis',(0.,1.,0.));
#1791=DIRECTION('',(0.,-1.,0.));
#1792=DIRECTION('',(0.,1.,0.));
#1793=DIRECTION('',(0.,0.,1.));
#1794=DIRECTION('center_axis',(0.,-1.,0.));
#1795=DIRECTION('ref_axis',(1.,0.,0.));
#1796=DIRECTION('',(-1.,0.,0.));
#1797=DIRECTION('',(1.,0.,0.));
#1798=DIRECTION('',(0.,0.,1.));
#1799=DIRECTION('center_axis',(-1.,0.,0.));
#1800=DIRECTION('ref_axis',(0.,-1.,0.));
#1801=DIRECTION('',(0.,0.,1.));
#1802=DIRECTION('',(0.,1.,0.));
#1803=DIRECTION('',(0.,-1.,0.));
#1804=DIRECTION('',(0.,1.,0.));
#1805=DIRECTION('center_axis',(0.,0.,1.));
#1806=DIRECTION('ref_axis',(1.,0.,0.));
#1807=DIRECTION('center_axis',(0.,-1.,0.));
#1808=DIRECTION('ref_axis',(1.,0.,0.));
#1809=DIRECTION('',(1.,0.,0.));
#1810=DIRECTION('',(0.,0.,1.));
#1811=DIRECTION('',(-1.,0.,0.));
#1812=DIRECTION('center_axis',(0.,0.,1.));
#1813=DIRECTION('ref_axis',(1.,0.,0.));
#1814=DIRECTION('',(0.,1.,0.));
#1815=DIRECTION('',(-1.,0.,0.));
#1816=DIRECTION('',(0.,-1.,0.));
#1817=DIRECTION('center_axis',(0.,1.,0.));
#1818=DIRECTION('ref_axis',(-1.,0.,0.));
#1819=DIRECTION('',(1.,0.,0.));
#1820=DIRECTION('',(0.,0.,1.));
#1821=DIRECTION('',(-1.,0.,0.));
#1822=DIRECTION('',(0.,0.,1.));
#1823=DIRECTION('center_axis',(1.,0.,0.));
#1824=DIRECTION('ref_axis',(0.,1.,0.));
#1825=DIRECTION('',(0.,-1.,0.));
#1826=DIRECTION('',(0.,1.,0.));
#1827=DIRECTION('',(0.,0.,1.));
#1828=DIRECTION('center_axis',(0.,-1.,0.));
#1829=DIRECTION('ref_axis',(1.,0.,0.));
#1830=DIRECTION('',(-1.,0.,0.));
#1831=DIRECTION('',(1.,0.,0.));
#1832=DIRECTION('',(0.,0.,1.));
#1833=DIRECTION('center_axis',(-1.,0.,0.));
#1834=DIRECTION('ref_axis',(0.,-1.,0.));
#1835=DIRECTION('',(0.,1.,0.));
#1836=DIRECTION('',(0.,-1.,0.));
#1837=DIRECTION('center_axis',(0.,0.,1.));
#1838=DIRECTION('ref_axis',(1.,0.,0.));
#1839=DIRECTION('center_axis',(0.,0.,1.));
#1840=DIRECTION('ref_axis',(-0.707106781186548,0.707106781186547,0.));
#1841=DIRECTION('center_axis',(0.,0.,-1.));
#1842=DIRECTION('ref_axis',(-0.707106781186548,0.707106781186547,0.));
#1843=DIRECTION('',(0.,0.,1.));
#1844=DIRECTION('center_axis',(0.,0.,1.));
#1845=DIRECTION('ref_axis',(-0.707106781186548,0.707106781186547,0.));
#1846=DIRECTION('',(0.,0.,-1.));
#1847=DIRECTION('center_axis',(-3.27306316222039E-18,1.,0.));
#1848=DIRECTION('ref_axis',(-1.,-3.27306316222039E-18,0.));
#1849=DIRECTION('',(-1.,-3.27306316222039E-18,0.));
#1850=DIRECTION('',(0.,0.,1.));
#1851=DIRECTION('',(1.,0.,0.));
#1852=DIRECTION('',(0.,0.,-1.));
#1853=DIRECTION('',(1.,3.27306316222039E-18,0.));
#1854=DIRECTION('center_axis',(0.,0.,1.));
#1855=DIRECTION('ref_axis',(-0.707106781186548,-0.707106781186547,0.));
#1856=DIRECTION('center_axis',(0.,0.,-1.));
#1857=DIRECTION('ref_axis',(-0.707106781186548,-0.707106781186547,0.));
#1858=DIRECTION('',(0.,0.,1.));
#1859=DIRECTION('center_axis',(0.,0.,1.));
#1860=DIRECTION('ref_axis',(-0.707106781186548,-0.707106781186547,0.));
#1861=DIRECTION('',(0.,0.,-1.));
#1862=DIRECTION('center_axis',(-1.,0.,0.));
#1863=DIRECTION('ref_axis',(0.,-1.,0.));
#1864=DIRECTION('',(0.,-1.,0.));
#1865=DIRECTION('',(0.,0.,1.));
#1866=DIRECTION('',(0.,1.,0.));
#1867=DIRECTION('center_axis',(0.,0.,1.));
#1868=DIRECTION('ref_axis',(-0.707106781186556,0.707106781186539,0.));
#1869=DIRECTION('center_axis',(0.,0.,-1.));
#1870=DIRECTION('ref_axis',(-0.707106781186556,0.707106781186539,0.));
#1871=DIRECTION('',(0.,0.,1.));
#1872=DIRECTION('center_axis',(0.,0.,1.));
#1873=DIRECTION('ref_axis',(-0.707106781186556,0.707106781186539,0.));
#1874=DIRECTION('',(0.,0.,-1.));
#1875=DIRECTION('center_axis',(-3.27306316222039E-18,1.,0.));
#1876=DIRECTION('ref_axis',(-1.,-3.27306316222039E-18,0.));
#1877=DIRECTION('',(-1.,-3.27306316222039E-18,0.));
#1878=DIRECTION('',(0.,0.,1.));
#1879=DIRECTION('',(1.,0.,0.));
#1880=DIRECTION('',(0.,0.,-1.));
#1881=DIRECTION('',(1.,3.27306316222039E-18,0.));
#1882=DIRECTION('center_axis',(0.,0.,1.));
#1883=DIRECTION('ref_axis',(-0.707106781186556,-0.707106781186539,0.));
#1884=DIRECTION('center_axis',(0.,0.,-1.));
#1885=DIRECTION('ref_axis',(-0.707106781186556,-0.707106781186539,0.));
#1886=DIRECTION('',(0.,0.,1.));
#1887=DIRECTION('center_axis',(0.,0.,1.));
#1888=DIRECTION('ref_axis',(-0.707106781186556,-0.707106781186539,0.));
#1889=DIRECTION('',(0.,0.,-1.));
#1890=DIRECTION('center_axis',(-1.,0.,0.));
#1891=DIRECTION('ref_axis',(0.,-1.,0.));
#1892=DIRECTION('',(0.,-1.,0.));
#1893=DIRECTION('',(0.,0.,1.));
#1894=DIRECTION('',(0.,1.,0.));
#1895=DIRECTION('center_axis',(0.,-1.,0.));
#1896=DIRECTION('ref_axis',(-0.707106781186548,0.,-0.707106781186548));
#1897=DIRECTION('center_axis',(0.,-1.,0.));
#1898=DIRECTION('ref_axis',(-1.,0.,0.));
#1899=DIRECTION('',(0.,-1.,0.));
#1900=DIRECTION('center_axis',(2.77555756156289E-15,1.,0.));
#1901=DIRECTION('ref_axis',(0.,0.,-1.));
#1902=DIRECTION('',(0.,1.,0.));
#1903=DIRECTION('center_axis',(0.,0.,1.));
#1904=DIRECTION('ref_axis',(1.,0.,0.));
#1905=DIRECTION('center_axis',(-1.,1.38777878078144E-15,0.));
#1906=DIRECTION('ref_axis',(0.,0.,-1.));
#1907=DIRECTION('center_axis',(0.,0.,-1.));
#1908=DIRECTION('ref_axis',(-0.707106781186548,-0.707106781186548,0.));
#1909=DIRECTION('center_axis',(0.,0.,1.));
#1910=DIRECTION('ref_axis',(-0.707106781186548,-0.707106781186547,0.));
#1911=DIRECTION('center_axis',(1.,0.,0.));
#1912=DIRECTION('ref_axis',(0.,-0.707106781186548,-0.707106781186548));
#1913=DIRECTION('center_axis',(-1.,0.,0.));
#1914=DIRECTION('ref_axis',(0.,0.,-1.));
#1915=DIRECTION('',(-1.,0.,0.));
#1916=DIRECTION('',(1.,0.,0.));
#1917=DIRECTION('center_axis',(0.,0.,1.));
#1918=DIRECTION('ref_axis',(1.,0.,0.));
#1919=DIRECTION('center_axis',(0.,-1.,0.));
#1920=DIRECTION('ref_axis',(0.,0.,-1.));
#1921=DIRECTION('center_axis',(0.,0.,-1.));
#1922=DIRECTION('ref_axis',(0.707106781186548,-0.707106781186548,0.));
#1923=DIRECTION('center_axis',(0.,0.,1.));
#1924=DIRECTION('ref_axis',(0.707106781186548,-0.707106781186548,0.));
#1925=DIRECTION('center_axis',(0.,1.,0.));
#1926=DIRECTION('ref_axis',(0.707106781186555,0.,-0.70710678118654));
#1927=DIRECTION('center_axis',(0.,-1.,0.));
#1928=DIRECTION('ref_axis',(0.,0.,-1.));
#1929=DIRECTION('',(0.,-1.,0.));
#1930=DIRECTION('',(0.,1.,0.));
#1931=DIRECTION('center_axis',(0.,0.,1.));
#1932=DIRECTION('ref_axis',(1.,0.,0.));
#1933=DIRECTION('center_axis',(1.,0.,0.));
#1934=DIRECTION('ref_axis',(0.,0.,-1.));
#1935=DIRECTION('center_axis',(0.,0.,-1.));
#1936=DIRECTION('ref_axis',(0.707106781186548,0.707106781186548,0.));
#1937=DIRECTION('center_axis',(0.,0.,1.));
#1938=DIRECTION('ref_axis',(0.707106781186547,0.707106781186547,0.));
#1939=DIRECTION('center_axis',(-1.,0.,0.));
#1940=DIRECTION('ref_axis',(0.,0.70710678118654,-0.707106781186555));
#1941=DIRECTION('center_axis',(1.,2.77555756156289E-15,0.));
#1942=DIRECTION('ref_axis',(0.,0.,-1.));
#1943=DIRECTION('',(1.,0.,0.));
#1944=DIRECTION('',(-1.,0.,0.));
#1945=DIRECTION('center_axis',(0.,0.,1.));
#1946=DIRECTION('ref_axis',(1.,0.,0.));
#1947=DIRECTION('center_axis',(0.,0.,-1.));
#1948=DIRECTION('ref_axis',(-0.707106781186548,0.707106781186547,0.));
#1949=DIRECTION('center_axis',(0.,0.,1.));
#1950=DIRECTION('ref_axis',(-0.707106781186548,0.707106781186547,0.));
#1951=DIRECTION('center_axis',(0.,0.,1.));
#1952=DIRECTION('ref_axis',(1.,0.,0.));
#1953=DIRECTION('',(0.,0.,1.));
#1954=DIRECTION('center_axis',(0.,0.,1.));
#1955=DIRECTION('ref_axis',(1.,0.,0.));
#1956=DIRECTION('',(0.,0.,1.));
#1957=DIRECTION('center_axis',(0.,1.,0.));
#1958=DIRECTION('ref_axis',(-1.,0.,0.));
#1959=DIRECTION('',(0.,0.,1.));
#1960=DIRECTION('',(-1.,0.,0.));
#1961=DIRECTION('center_axis',(0.,0.,1.));
#1962=DIRECTION('ref_axis',(0.,1.,0.));
#1963=DIRECTION('',(0.,0.,1.));
#1964=DIRECTION('center_axis',(0.,0.,1.));
#1965=DIRECTION('ref_axis',(0.,1.,0.));
#1966=DIRECTION('center_axis',(-1.,0.,0.));
#1967=DIRECTION('ref_axis',(0.,-1.,0.));
#1968=DIRECTION('',(0.,0.,1.));
#1969=DIRECTION('',(0.,-1.,0.));
#1970=DIRECTION('center_axis',(0.,0.,1.));
#1971=DIRECTION('ref_axis',(1.,0.,0.));
#1972=DIRECTION('',(0.,1.,0.));
#1973=DIRECTION('',(-1.,0.,0.));
#1974=DIRECTION('',(1.,0.,0.));
#1975=DIRECTION('',(0.,-1.,0.));
#1976=DIRECTION('',(0.,-1.,0.));
#1977=DIRECTION('',(1.,0.,0.));
#1978=DIRECTION('',(0.,1.,0.));
#1979=DIRECTION('',(-1.,0.,0.));
#1980=DIRECTION('',(1.,0.,0.));
#1981=DIRECTION('',(0.,-1.,0.));
#1982=DIRECTION('',(0.,-1.,0.));
#1983=DIRECTION('',(1.,0.,0.));
#1984=DIRECTION('center_axis',(0.,0.,1.));
#1985=DIRECTION('ref_axis',(1.,0.,0.));
#1986=DIRECTION('',(1.,0.,0.));
#1987=DIRECTION('',(0.,-1.,0.));
#1988=DIRECTION('',(-1.,0.,0.));
#1989=DIRECTION('',(0.,1.,0.));
#1990=DIRECTION('center_axis',(0.,1.,0.));
#1991=DIRECTION('ref_axis',(-1.,0.,0.));
#1992=DIRECTION('',(0.,0.,1.));
#1993=DIRECTION('',(0.,0.,1.));
#1994=DIRECTION('center_axis',(-1.,0.,0.));
#1995=DIRECTION('ref_axis',(0.,-1.,0.));
#1996=DIRECTION('',(0.,0.,1.));
#1997=DIRECTION('',(0.,1.,0.));
#1998=DIRECTION('center_axis',(0.,1.,0.));
#1999=DIRECTION('ref_axis',(-1.,0.,0.));
#2000=DIRECTION('',(0.,0.,1.));
#2001=DIRECTION('',(1.,0.,0.));
#2002=DIRECTION('center_axis',(1.,0.,0.));
#2003=DIRECTION('ref_axis',(0.,1.,0.));
#2004=DIRECTION('',(0.,-1.,0.));
#2005=DIRECTION('center_axis',(0.,0.,1.));
#2006=DIRECTION('ref_axis',(1.,0.,0.));
#2007=DIRECTION('',(1.,0.,0.));
#2008=DIRECTION('',(0.,-1.,0.));
#2009=DIRECTION('',(-1.,0.,0.));
#2010=DIRECTION('',(0.,1.,0.));
#2011=DIRECTION('center_axis',(0.,1.,0.));
#2012=DIRECTION('ref_axis',(-1.,0.,0.));
#2013=DIRECTION('',(0.,0.,1.));
#2014=DIRECTION('',(-1.,0.,0.));
#2015=DIRECTION('',(0.,0.,1.));
#2016=DIRECTION('center_axis',(0.,0.,1.));
#2017=DIRECTION('ref_axis',(1.,0.,0.));
#2018=DIRECTION('',(0.,-1.,0.));
#2019=DIRECTION('',(1.,0.,0.));
#2020=DIRECTION('',(0.,1.,0.));
#2021=DIRECTION('center_axis',(-1.,0.,0.));
#2022=DIRECTION('ref_axis',(0.,-1.,0.));
#2023=DIRECTION('',(0.,0.,1.));
#2024=DIRECTION('',(0.,1.,0.));
#2025=DIRECTION('',(0.,0.,1.));
#2026=DIRECTION('center_axis',(0.,1.,0.));
#2027=DIRECTION('ref_axis',(-1.,0.,0.));
#2028=DIRECTION('',(0.,0.,1.));
#2029=DIRECTION('',(1.,0.,0.));
#2030=DIRECTION('center_axis',(1.,0.,0.));
#2031=DIRECTION('ref_axis',(0.,1.,0.));
#2032=DIRECTION('',(0.,0.,1.));
#2033=DIRECTION('',(0.,-1.,0.));
#2034=DIRECTION('center_axis',(0.,-1.,0.));
#2035=DIRECTION('ref_axis',(1.,0.,0.));
#2036=DIRECTION('',(-1.,0.,0.));
#2037=DIRECTION('center_axis',(0.,0.,-1.));
#2038=DIRECTION('ref_axis',(0.,1.,0.));
#2039=DIRECTION('',(0.,1.,0.));
#2040=DIRECTION('',(0.,1.,0.));
#2041=DIRECTION('',(1.,0.,0.));
#2042=DIRECTION('center_axis',(0.,-1.,0.));
#2043=DIRECTION('ref_axis',(0.,0.,-1.));
#2044=DIRECTION('',(0.,0.,-1.));
#2045=DIRECTION('',(0.,0.,-1.));
#2046=DIRECTION('',(1.,0.,0.));
#2047=DIRECTION('center_axis',(0.,-0.617821551931904,0.786318338822423));
#2048=DIRECTION('ref_axis',(0.,-0.786318338822423,-0.617821551931904));
#2049=DIRECTION('',(0.,-0.786318338822423,-0.617821551931903));
#2050=DIRECTION('',(0.,-0.786318338822423,-0.617821551931903));
#2051=DIRECTION('',(1.,0.,0.));
#2052=DIRECTION('center_axis',(0.,0.,1.));
#2053=DIRECTION('ref_axis',(0.,-1.,0.));
#2054=DIRECTION('',(0.,-1.,0.));
#2055=DIRECTION('',(0.,-1.,0.));
#2056=DIRECTION('',(1.,0.,0.));
#2057=DIRECTION('center_axis',(1.,0.,0.));
#2058=DIRECTION('ref_axis',(0.,0.,-1.));
#2059=DIRECTION('',(0.,0.,1.));
#2060=DIRECTION('',(0.,1.,0.));
#2061=DIRECTION('center_axis',(0.,0.,1.));
#2062=DIRECTION('ref_axis',(1.,0.,0.));
#2063=DIRECTION('center_axis',(0.,0.,1.));
#2064=DIRECTION('ref_axis',(-1.,0.,0.));
#2065=DIRECTION('',(1.,0.,0.));
#2066=DIRECTION('center_axis',(0.,0.,1.));
#2067=DIRECTION('ref_axis',(0.,-1.,0.));
#2068=DIRECTION('',(0.,1.,0.));
#2069=DIRECTION('',(-1.,0.,0.));
#2070=DIRECTION('',(1.,0.,0.));
#2071=DIRECTION('',(0.,-1.,0.));
#2072=DIRECTION('',(-1.,0.,0.));
#2073=DIRECTION('',(0.,1.,0.));
#2074=DIRECTION('',(0.,1.,0.));
#2075=DIRECTION('',(-1.,0.,0.));
#2076=DIRECTION('',(1.,0.,0.));
#2077=DIRECTION('',(0.,-1.,0.));
#2078=DIRECTION('',(-1.,0.,0.));
#2079=DIRECTION('',(0.,1.,0.));
#2080=DIRECTION('',(1.,0.,0.));
#2081=DIRECTION('',(0.,-1.,0.));
#2082=DIRECTION('',(-1.,0.,0.));
#2083=DIRECTION('',(0.,1.,0.));
#2084=DIRECTION('',(1.,0.,0.));
#2085=DIRECTION('',(0.,-1.,0.));
#2086=DIRECTION('',(-1.,0.,0.));
#2087=DIRECTION('',(0.,1.,0.));
#2088=DIRECTION('',(1.,0.,0.));
#2089=DIRECTION('',(0.,-1.,0.));
#2090=DIRECTION('',(-1.,0.,0.));
#2091=DIRECTION('',(0.,1.,0.));
#2092=DIRECTION('center_axis',(-1.,0.,0.));
#2093=DIRECTION('ref_axis',(0.,-1.,0.));
#2094=DIRECTION('',(0.,0.,-1.));
#2095=DIRECTION('center_axis',(0.,1.,0.));
#2096=DIRECTION('ref_axis',(-1.,0.,0.));
#2097=DIRECTION('',(0.,0.,1.));
#2098=DIRECTION('center_axis',(0.,-1.,0.));
#2099=DIRECTION('ref_axis',(1.,0.,0.));
#2100=DIRECTION('',(0.,0.,1.));
#2101=DIRECTION('',(0.,0.,1.));
#2102=DIRECTION('center_axis',(0.,-1.,0.));
#2103=DIRECTION('ref_axis',(1.,0.,0.));
#2104=DIRECTION('center_axis',(1.,0.,0.));
#2105=DIRECTION('ref_axis',(0.,1.,0.));
#2106=DIRECTION('center_axis',(-1.,0.,0.));
#2107=DIRECTION('ref_axis',(0.,-1.,0.));
#2108=DIRECTION('center_axis',(0.,0.,-1.));
#2109=DIRECTION('ref_axis',(0.,1.,0.));
#2110=DIRECTION('',(0.,1.,0.));
#2111=DIRECTION('',(0.,1.,0.));
#2112=DIRECTION('',(1.,0.,0.));
#2113=DIRECTION('center_axis',(0.,-1.,0.));
#2114=DIRECTION('ref_axis',(0.,0.,-1.));
#2115=DIRECTION('',(0.,0.,-1.));
#2116=DIRECTION('',(0.,0.,-1.));
#2117=DIRECTION('',(1.,0.,0.));
#2118=DIRECTION('center_axis',(0.,-0.617821551931904,0.786318338822423));
#2119=DIRECTION('ref_axis',(0.,-0.786318338822423,-0.617821551931904));
#2120=DIRECTION('',(0.,-0.786318338822423,-0.617821551931903));
#2121=DIRECTION('',(0.,-0.786318338822423,-0.617821551931903));
#2122=DIRECTION('',(1.,0.,0.));
#2123=DIRECTION('center_axis',(0.,0.,1.));
#2124=DIRECTION('ref_axis',(0.,-1.,0.));
#2125=DIRECTION('',(0.,-1.,0.));
#2126=DIRECTION('',(0.,-1.,0.));
#2127=DIRECTION('',(1.,0.,0.));
#2128=DIRECTION('center_axis',(1.,0.,0.));
#2129=DIRECTION('ref_axis',(0.,0.,-1.));
#2130=DIRECTION('',(0.,0.,1.));
#2131=DIRECTION('center_axis',(-1.,0.,0.));
#2132=DIRECTION('ref_axis',(0.,-1.,0.));
#2133=DIRECTION('',(0.,0.,-1.));
#2134=DIRECTION('center_axis',(0.,1.,0.));
#2135=DIRECTION('ref_axis',(-1.,0.,0.));
#2136=DIRECTION('',(0.,0.,1.));
#2137=DIRECTION('center_axis',(0.,-1.,0.));
#2138=DIRECTION('ref_axis',(1.,0.,0.));
#2139=DIRECTION('',(0.,0.,1.));
#2140=DIRECTION('',(0.,0.,1.));
#2141=DIRECTION('center_axis',(0.,-1.,0.));
#2142=DIRECTION('ref_axis',(1.,0.,0.));
#2143=DIRECTION('center_axis',(1.,0.,0.));
#2144=DIRECTION('ref_axis',(0.,1.,0.));
#2145=DIRECTION('center_axis',(-1.,0.,0.));
#2146=DIRECTION('ref_axis',(0.,-1.,0.));
#2147=DIRECTION('center_axis',(0.,1.,0.));
#2148=DIRECTION('ref_axis',(-1.,0.,0.));
#2149=DIRECTION('',(0.,0.,1.));
#2150=DIRECTION('',(-1.,0.,0.));
#2151=DIRECTION('',(0.,0.,1.));
#2152=DIRECTION('center_axis',(1.,0.,0.));
#2153=DIRECTION('ref_axis',(0.,1.,0.));
#2154=DIRECTION('',(0.,1.,0.));
#2155=DIRECTION('',(0.,0.,1.));
#2156=DIRECTION('center_axis',(0.,-1.,0.));
#2157=DIRECTION('ref_axis',(1.,0.,0.));
#2158=DIRECTION('',(1.,0.,0.));
#2159=DIRECTION('',(0.,0.,1.));
#2160=DIRECTION('center_axis',(-1.,0.,0.));
#2161=DIRECTION('ref_axis',(0.,-1.,0.));
#2162=DIRECTION('',(0.,-1.,0.));
#2163=DIRECTION('center_axis',(0.,0.,1.));
#2164=DIRECTION('ref_axis',(1.,0.,0.));
#2165=DIRECTION('center_axis',(0.,1.,0.));
#2166=DIRECTION('ref_axis',(-1.,0.,0.));
#2167=DIRECTION('',(0.,0.,1.));
#2168=DIRECTION('',(-1.,0.,0.));
#2169=DIRECTION('',(0.,0.,1.));
#2170=DIRECTION('center_axis',(1.,0.,0.));
#2171=DIRECTION('ref_axis',(0.,1.,0.));
#2172=DIRECTION('',(0.,1.,0.));
#2173=DIRECTION('',(0.,0.,1.));
#2174=DIRECTION('center_axis',(0.,-1.,0.));
#2175=DIRECTION('ref_axis',(1.,0.,0.));
#2176=DIRECTION('',(1.,0.,0.));
#2177=DIRECTION('',(0.,0.,1.));
#2178=DIRECTION('center_axis',(-1.,0.,0.));
#2179=DIRECTION('ref_axis',(0.,-1.,0.));
#2180=DIRECTION('',(0.,-1.,0.));
#2181=DIRECTION('center_axis',(0.,0.,1.));
#2182=DIRECTION('ref_axis',(1.,0.,0.));
#2183=DIRECTION('center_axis',(0.,1.,0.));
#2184=DIRECTION('ref_axis',(-1.,0.,0.));
#2185=DIRECTION('',(0.,0.,1.));
#2186=DIRECTION('',(-1.,0.,0.));
#2187=DIRECTION('',(0.,0.,1.));
#2188=DIRECTION('center_axis',(1.,0.,0.));
#2189=DIRECTION('ref_axis',(0.,1.,0.));
#2190=DIRECTION('',(0.,1.,0.));
#2191=DIRECTION('',(0.,0.,1.));
#2192=DIRECTION('center_axis',(0.,-1.,0.));
#2193=DIRECTION('ref_axis',(1.,0.,0.));
#2194=DIRECTION('',(1.,0.,0.));
#2195=DIRECTION('',(0.,0.,1.));
#2196=DIRECTION('center_axis',(-1.,0.,0.));
#2197=DIRECTION('ref_axis',(0.,-1.,0.));
#2198=DIRECTION('',(0.,-1.,0.));
#2199=DIRECTION('center_axis',(0.,0.,1.));
#2200=DIRECTION('ref_axis',(1.,0.,0.));
#2201=DIRECTION('center_axis',(1.,0.,0.));
#2202=DIRECTION('ref_axis',(0.,1.,0.));
#2203=DIRECTION('',(0.,0.,1.));
#2204=DIRECTION('center_axis',(0.,0.,1.));
#2205=DIRECTION('ref_axis',(0.,-1.,0.));
#2206=DIRECTION('',(0.,0.,1.));
#2207=DIRECTION('center_axis',(0.,-1.,0.));
#2208=DIRECTION('ref_axis',(1.,0.,0.));
#2209=DIRECTION('',(0.,0.,1.));
#2210=DIRECTION('center_axis',(0.,0.,1.));
#2211=DIRECTION('ref_axis',(-1.,0.,0.));
#2212=CARTESIAN_POINT('',(0.,0.,0.));
#2213=CARTESIAN_POINT('Origin',(51.,40.2,-4.7));
#2214=CARTESIAN_POINT('',(50.,40.2,-0.55));
#2215=CARTESIAN_POINT('',(50.,40.2,-4.7));
#2216=CARTESIAN_POINT('',(50.,40.2,-4.7));
#2217=CARTESIAN_POINT('',(48.,40.2,-0.55));
#2218=CARTESIAN_POINT('',(48.5,40.2,-0.55));
#2219=CARTESIAN_POINT('',(48.,40.2,0.));
#2220=CARTESIAN_POINT('',(48.,40.2,-4.7));
#2221=CARTESIAN_POINT('',(51.,40.2,0.));
#2222=CARTESIAN_POINT('',(51.,40.2,0.));
#2223=CARTESIAN_POINT('',(51.,40.2,-4.7));
#2224=CARTESIAN_POINT('',(51.,40.2,-4.7));
#2225=CARTESIAN_POINT('',(40.175,40.2,-4.7));
#2226=CARTESIAN_POINT('Origin',(51.,37.8,-4.7));
#2227=CARTESIAN_POINT('',(51.,37.8,-4.7));
#2228=CARTESIAN_POINT('',(51.,29.2,-4.7));
#2229=CARTESIAN_POINT('',(51.,37.8,0.));
#2230=CARTESIAN_POINT('',(51.,37.8,0.));
#2231=CARTESIAN_POINT('',(51.,37.8,-4.7));
#2232=CARTESIAN_POINT('Origin',(48.,37.8,-4.7));
#2233=CARTESIAN_POINT('',(48.,37.8,-4.7));
#2234=CARTESIAN_POINT('',(38.675,37.8,-4.7));
#2235=CARTESIAN_POINT('',(48.,37.8,0.));
#2236=CARTESIAN_POINT('',(48.,37.8,0.));
#2237=CARTESIAN_POINT('',(48.,37.8,-4.7));
#2238=CARTESIAN_POINT('Origin',(48.,40.2,-4.7));
#2239=CARTESIAN_POINT('',(48.,39.2,-4.7));
#2240=CARTESIAN_POINT('',(48.,39.2,-0.55));
#2241=CARTESIAN_POINT('',(48.,39.2,-4.7));
#2242=CARTESIAN_POINT('',(48.,30.4,-4.7));
#2243=CARTESIAN_POINT('',(48.,40.2,0.));
#2244=CARTESIAN_POINT('',(48.,40.2,-0.55));
#2245=CARTESIAN_POINT('Origin',(49.5,39.,0.));
#2246=CARTESIAN_POINT('Origin',(42.,39.2,-4.7));
#2247=CARTESIAN_POINT('',(42.,39.2,-0.55));
#2248=CARTESIAN_POINT('',(42.,39.2,-0.55));
#2249=CARTESIAN_POINT('',(42.,39.2,-4.7));
#2250=CARTESIAN_POINT('',(42.,39.2,-4.7));
#2251=CARTESIAN_POINT('',(35.675,39.2,-4.7));
#2252=CARTESIAN_POINT('Origin',(46.,40.2,-0.55));
#2253=CARTESIAN_POINT('',(50.,42.,-0.55));
#2254=CARTESIAN_POINT('',(50.,39.2,-0.55));
#2255=CARTESIAN_POINT('',(42.,42.,-0.55));
#2256=CARTESIAN_POINT('',(50.,42.,-0.55));
#2257=CARTESIAN_POINT('',(42.,42.,-0.55));
#2258=CARTESIAN_POINT('Origin',(53.5,33.5,-4.7));
#2259=CARTESIAN_POINT('',(49.5,33.5,-4.7));
#2260=CARTESIAN_POINT('',(53.5,33.5,-4.7));
#2261=CARTESIAN_POINT('',(41.425,33.5,-4.7));
#2262=CARTESIAN_POINT('',(49.5,33.5,0.));
#2263=CARTESIAN_POINT('',(49.5,33.5,-4.7));
#2264=CARTESIAN_POINT('',(53.5,33.5,0.));
#2265=CARTESIAN_POINT('',(53.5,33.5,0.));
#2266=CARTESIAN_POINT('',(53.5,33.5,-4.7));
#2267=CARTESIAN_POINT('Origin',(53.5,28.5,-4.7));
#2268=CARTESIAN_POINT('',(53.5,28.5,-4.7));
#2269=CARTESIAN_POINT('',(53.5,24.55,-4.7));
#2270=CARTESIAN_POINT('',(53.5,28.5,0.));
#2271=CARTESIAN_POINT('',(53.5,28.5,0.));
#2272=CARTESIAN_POINT('',(53.5,28.5,-4.7));
#2273=CARTESIAN_POINT('Origin',(49.5,28.5,-4.7));
#2274=CARTESIAN_POINT('',(49.5,28.5,-4.7));
#2275=CARTESIAN_POINT('',(39.425,28.5,-4.7));
#2276=CARTESIAN_POINT('',(49.5,28.5,0.));
#2277=CARTESIAN_POINT('',(49.5,28.5,0.));
#2278=CARTESIAN_POINT('',(49.5,28.5,-4.7));
#2279=CARTESIAN_POINT('Origin',(49.5,33.5,-4.7));
#2280=CARTESIAN_POINT('',(49.5,27.05,-4.7));
#2281=CARTESIAN_POINT('',(49.5,33.5,0.));
#2282=CARTESIAN_POINT('Origin',(51.5,31.,0.));
#2283=CARTESIAN_POINT('Origin',(12.4,-0.6,-6.8));
#2284=CARTESIAN_POINT('',(12.,-0.600000000000001,-6.7));
#2285=CARTESIAN_POINT('',(12.4,-0.2,-6.7));
#2286=CARTESIAN_POINT('Origin',(12.4,-0.6,-6.7));
#2287=CARTESIAN_POINT('',(12.4,-0.2,-4.7));
#2288=CARTESIAN_POINT('',(12.4,-0.2,-6.8));
#2289=CARTESIAN_POINT('',(12.,-0.600000000000001,-4.7));
#2290=CARTESIAN_POINT('Origin',(12.4,-0.6,-4.7));
#2291=CARTESIAN_POINT('',(12.,-0.6,-6.8));
#2292=CARTESIAN_POINT('Origin',(22.6,-0.2,-6.8));
#2293=CARTESIAN_POINT('',(22.,-0.2,-6.7));
#2294=CARTESIAN_POINT('',(25.975,-0.2,-6.7));
#2295=CARTESIAN_POINT('',(22.,-0.2,-2.75));
#2296=CARTESIAN_POINT('',(22.,-0.2,-6.8));
#2297=CARTESIAN_POINT('',(18.,-0.2,-2.75));
#2298=CARTESIAN_POINT('',(18.,-0.2,-2.75));
#2299=CARTESIAN_POINT('',(18.,-0.2,-4.7));
#2300=CARTESIAN_POINT('',(18.,-0.2,-2.75));
#2301=CARTESIAN_POINT('',(25.975,-0.2,-4.7));
#2302=CARTESIAN_POINT('Origin',(12.4,2.2,-6.8));
#2303=CARTESIAN_POINT('',(12.4,1.8,-6.7));
#2304=CARTESIAN_POINT('',(12.,2.2,-6.7));
#2305=CARTESIAN_POINT('Origin',(12.4,2.2,-6.7));
#2306=CARTESIAN_POINT('',(12.,2.2,-4.7));
#2307=CARTESIAN_POINT('',(12.,2.2,-6.8));
#2308=CARTESIAN_POINT('',(12.4,1.8,-4.7));
#2309=CARTESIAN_POINT('Origin',(12.4,2.2,-4.7));
#2310=CARTESIAN_POINT('',(12.4,1.8,-6.8));
#2311=CARTESIAN_POINT('Origin',(12.,2.4,-6.8));
#2312=CARTESIAN_POINT('',(12.,2.4,-6.7));
#2313=CARTESIAN_POINT('',(12.,11.5,-6.7));
#2314=CARTESIAN_POINT('',(12.,2.4,-4.7));
#2315=CARTESIAN_POINT('',(12.,2.4,-6.8));
#2316=CARTESIAN_POINT('',(12.,11.5,-4.7));
#2317=CARTESIAN_POINT('Origin',(40.4,-0.6,-6.8));
#2318=CARTESIAN_POINT('',(40.,-0.600000000000001,-6.7));
#2319=CARTESIAN_POINT('',(40.4,-0.2,-6.7));
#2320=CARTESIAN_POINT('Origin',(40.4,-0.6,-6.7));
#2321=CARTESIAN_POINT('',(40.4,-0.2,-4.7));
#2322=CARTESIAN_POINT('',(40.4,-0.2,-6.8));
#2323=CARTESIAN_POINT('',(40.,-0.600000000000001,-4.7));
#2324=CARTESIAN_POINT('Origin',(40.4,-0.6,-4.7));
#2325=CARTESIAN_POINT('',(40.,-0.6,-6.8));
#2326=CARTESIAN_POINT('Origin',(50.6,-0.2,-6.8));
#2327=CARTESIAN_POINT('',(50.,-0.2,-6.7));
#2328=CARTESIAN_POINT('',(39.975,-0.2,-6.7));
#2329=CARTESIAN_POINT('',(50.,-0.2,-2.75));
#2330=CARTESIAN_POINT('',(50.,-0.2,-6.8));
#2331=CARTESIAN_POINT('',(46.,-0.2,-2.75));
#2332=CARTESIAN_POINT('',(46.,-0.2,-2.75));
#2333=CARTESIAN_POINT('',(46.,-0.2,-4.7));
#2334=CARTESIAN_POINT('',(46.,-0.2,-2.75));
#2335=CARTESIAN_POINT('',(39.975,-0.2,-4.7));
#2336=CARTESIAN_POINT('Origin',(40.4,2.2,-6.8));
#2337=CARTESIAN_POINT('',(40.4,1.8,-6.7));
#2338=CARTESIAN_POINT('',(40.,2.2,-6.7));
#2339=CARTESIAN_POINT('Origin',(40.4,2.2,-6.7));
#2340=CARTESIAN_POINT('',(40.,2.2,-4.7));
#2341=CARTESIAN_POINT('',(40.,2.2,-6.8));
#2342=CARTESIAN_POINT('',(40.4,1.8,-4.7));
#2343=CARTESIAN_POINT('Origin',(40.4,2.2,-4.7));
#2344=CARTESIAN_POINT('',(40.4,1.8,-6.8));
#2345=CARTESIAN_POINT('Origin',(40.,2.4,-6.8));
#2346=CARTESIAN_POINT('',(40.,2.4,-6.7));
#2347=CARTESIAN_POINT('',(40.,11.5,-6.7));
#2348=CARTESIAN_POINT('',(40.,2.4,-4.7));
#2349=CARTESIAN_POINT('',(40.,2.4,-6.8));
#2350=CARTESIAN_POINT('',(40.,11.5,-4.7));
#2351=CARTESIAN_POINT('Origin',(-1.9,29.4,-6.3));
#2352=CARTESIAN_POINT('',(-2.30000000000001,38.2,-6.3));
#2353=CARTESIAN_POINT('',(-1.9,38.2,-6.7));
#2354=CARTESIAN_POINT('Origin',(-1.9,38.2,-6.3));
#2355=CARTESIAN_POINT('',(-1.9,3.,-6.7));
#2356=CARTESIAN_POINT('',(-1.9,29.4,-6.7));
#2357=CARTESIAN_POINT('',(-2.3,3.,-6.3));
#2358=CARTESIAN_POINT('Origin',(-1.9,3.,-6.3));
#2359=CARTESIAN_POINT('',(-2.3,29.4,-6.3));
#2360=CARTESIAN_POINT('Origin',(3.7,3.,-6.3));
#2361=CARTESIAN_POINT('',(3.7,-2.6,-6.7));
#2362=CARTESIAN_POINT('',(3.7,-3.,-6.3));
#2363=CARTESIAN_POINT('Origin',(3.7,-2.6,-6.3));
#2364=CARTESIAN_POINT('Origin',(3.7,3.,-6.3));
#2365=CARTESIAN_POINT('Origin',(3.7,3.,-6.7));
#2366=CARTESIAN_POINT('Origin',(16.525,-2.6,-6.3));
#2367=CARTESIAN_POINT('',(55.,-2.6,-6.7));
#2368=CARTESIAN_POINT('',(55.,-3.,-6.3));
#2369=CARTESIAN_POINT('Origin',(55.,-2.6,-6.3));
#2370=CARTESIAN_POINT('',(16.525,-3.,-6.3));
#2371=CARTESIAN_POINT('',(16.525,-2.6,-6.7));
#2372=CARTESIAN_POINT('Origin',(55.,3.,-6.3));
#2373=CARTESIAN_POINT('',(60.6,3.,-6.7));
#2374=CARTESIAN_POINT('',(61.,3.,-6.3));
#2375=CARTESIAN_POINT('Origin',(60.6,3.,-6.3));
#2376=CARTESIAN_POINT('Origin',(55.,3.,-6.3));
#2377=CARTESIAN_POINT('Origin',(55.,3.,-6.7));
#2378=CARTESIAN_POINT('Origin',(60.6,11.8,-6.3));
#2379=CARTESIAN_POINT('',(60.6,38.2,-6.7));
#2380=CARTESIAN_POINT('',(61.,38.2,-6.3));
#2381=CARTESIAN_POINT('Origin',(60.6,38.2,-6.3));
#2382=CARTESIAN_POINT('',(61.,11.8,-6.3));
#2383=CARTESIAN_POINT('',(60.6,11.8,-6.7));
#2384=CARTESIAN_POINT('Origin',(55.,38.2,-6.3));
#2385=CARTESIAN_POINT('',(55.,43.8,-6.7));
#2386=CARTESIAN_POINT('',(55.,44.2,-6.3));
#2387=CARTESIAN_POINT('Origin',(55.,43.8,-6.3));
#2388=CARTESIAN_POINT('Origin',(55.,38.2,-6.3));
#2389=CARTESIAN_POINT('Origin',(55.,38.2,-6.7));
#2390=CARTESIAN_POINT('Origin',(42.175,43.8,-6.3));
#2391=CARTESIAN_POINT('',(3.7,43.8,-6.7));
#2392=CARTESIAN_POINT('',(3.7,44.2,-6.3));
#2393=CARTESIAN_POINT('Origin',(3.7,43.8,-6.3));
#2394=CARTESIAN_POINT('',(42.175,44.2,-6.3));
#2395=CARTESIAN_POINT('',(42.175,43.8,-6.7));
#2396=CARTESIAN_POINT('Origin',(3.7,38.2,-6.3));
#2397=CARTESIAN_POINT('Origin',(3.7,38.2,-6.3));
#2398=CARTESIAN_POINT('Origin',(3.7,38.2,-6.7));
#2399=CARTESIAN_POINT('Origin',(55.,38.2,-6.7));
#2400=CARTESIAN_POINT('',(55.,44.2,-4.7));
#2401=CARTESIAN_POINT('',(55.,44.2,-6.7));
#2402=CARTESIAN_POINT('',(61.,38.2,-4.7));
#2403=CARTESIAN_POINT('Origin',(55.,38.2,-4.7));
#2404=CARTESIAN_POINT('',(61.,38.2,-6.7));
#2405=CARTESIAN_POINT('Origin',(55.,44.2,-6.7));
#2406=CARTESIAN_POINT('',(3.7,44.2,-4.7));
#2407=CARTESIAN_POINT('',(3.7,44.2,-6.7));
#2408=CARTESIAN_POINT('',(55.,44.2,-4.7));
#2409=CARTESIAN_POINT('Origin',(3.7,38.2,-6.7));
#2410=CARTESIAN_POINT('',(-2.30000000000001,38.2,-4.7));
#2411=CARTESIAN_POINT('',(-2.30000000000001,38.2,-6.7));
#2412=CARTESIAN_POINT('Origin',(3.7,38.2,-4.7));
#2413=CARTESIAN_POINT('Origin',(-2.3,38.2,-6.7));
#2414=CARTESIAN_POINT('',(-2.3,3.,-4.7));
#2415=CARTESIAN_POINT('',(-2.3,3.,-6.7));
#2416=CARTESIAN_POINT('',(-2.3,38.2,-4.7));
#2417=CARTESIAN_POINT('Origin',(29.35,20.6,-6.7));
#2418=CARTESIAN_POINT('',(22.6,-0.8,-6.7));
#2419=CARTESIAN_POINT('',(22.6,2.4,-6.7));
#2420=CARTESIAN_POINT('',(22.6,11.2,-6.7));
#2421=CARTESIAN_POINT('',(25.975,2.4,-6.7));
#2422=CARTESIAN_POINT('',(22.,1.8,-6.7));
#2423=CARTESIAN_POINT('',(20.675,1.8,-6.7));
#2424=CARTESIAN_POINT('',(22.,11.5,-6.7));
#2425=CARTESIAN_POINT('',(12.,-0.8,-6.7));
#2426=CARTESIAN_POINT('',(12.,10.2,-6.7));
#2427=CARTESIAN_POINT('',(20.675,-0.800000000000001,-6.7));
#2428=CARTESIAN_POINT('',(50.6,-0.8,-6.7));
#2429=CARTESIAN_POINT('',(50.6,2.4,-6.7));
#2430=CARTESIAN_POINT('',(50.6,11.2,-6.7));
#2431=CARTESIAN_POINT('',(39.975,2.4,-6.7));
#2432=CARTESIAN_POINT('',(50.,1.8,-6.7));
#2433=CARTESIAN_POINT('',(34.675,1.8,-6.7));
#2434=CARTESIAN_POINT('',(50.,11.5,-6.7));
#2435=CARTESIAN_POINT('',(40.,-0.8,-6.7));
#2436=CARTESIAN_POINT('',(40.,10.2,-6.7));
#2437=CARTESIAN_POINT('',(34.675,-0.800000000000001,-6.7));
#2438=CARTESIAN_POINT('Origin',(46.,41.,-2.55));
#2439=CARTESIAN_POINT('',(42.,41.2,-2.55));
#2440=CARTESIAN_POINT('',(50.,41.2,-2.55));
#2441=CARTESIAN_POINT('',(48.,41.2,-2.55));
#2442=CARTESIAN_POINT('',(42.,42.,-2.55));
#2443=CARTESIAN_POINT('',(42.,42.,-2.55));
#2444=CARTESIAN_POINT('',(50.,42.,-2.55));
#2445=CARTESIAN_POINT('',(50.,42.,-2.55));
#2446=CARTESIAN_POINT('',(50.,40.,-2.55));
#2447=CARTESIAN_POINT('Origin',(50.,42.,-2.55));
#2448=CARTESIAN_POINT('',(42.,42.,-2.55));
#2449=CARTESIAN_POINT('',(50.,42.,-2.55));
#2450=CARTESIAN_POINT('Origin',(42.,41.2,-4.7));
#2451=CARTESIAN_POINT('',(42.,41.2,-4.7));
#2452=CARTESIAN_POINT('',(42.,41.2,-4.7));
#2453=CARTESIAN_POINT('',(42.,30.9,-4.7));
#2454=CARTESIAN_POINT('Origin',(50.,41.2,-4.7));
#2455=CARTESIAN_POINT('',(50.,41.2,-4.7));
#2456=CARTESIAN_POINT('',(50.,41.2,-4.7));
#2457=CARTESIAN_POINT('',(39.675,41.2,-4.7));
#2458=CARTESIAN_POINT('Origin',(50.,39.2,-4.7));
#2459=CARTESIAN_POINT('',(50.,29.9,-4.7));
#2460=CARTESIAN_POINT('Origin',(14.,41.,-2.55));
#2461=CARTESIAN_POINT('',(10.,41.2,-2.55));
#2462=CARTESIAN_POINT('',(18.,41.2,-2.55));
#2463=CARTESIAN_POINT('',(16.,41.2,-2.55));
#2464=CARTESIAN_POINT('',(10.,42.,-2.55));
#2465=CARTESIAN_POINT('',(10.,42.,-2.55));
#2466=CARTESIAN_POINT('',(18.,42.,-2.55));
#2467=CARTESIAN_POINT('',(18.,42.,-2.55));
#2468=CARTESIAN_POINT('',(18.,40.,-2.55));
#2469=CARTESIAN_POINT('Origin',(18.,42.,-2.55));
#2470=CARTESIAN_POINT('',(10.,42.,-0.55));
#2471=CARTESIAN_POINT('',(10.,42.,-2.55));
#2472=CARTESIAN_POINT('',(18.,42.,-0.55));
#2473=CARTESIAN_POINT('',(18.,42.,-0.55));
#2474=CARTESIAN_POINT('',(18.,42.,-2.55));
#2475=CARTESIAN_POINT('Origin',(14.,40.2,-0.55));
#2476=CARTESIAN_POINT('',(10.,39.2,-0.55));
#2477=CARTESIAN_POINT('',(10.,42.,-0.55));
#2478=CARTESIAN_POINT('',(18.,39.2,-0.55));
#2479=CARTESIAN_POINT('',(10.,39.2,-0.55));
#2480=CARTESIAN_POINT('',(18.,39.2,-0.55));
#2481=CARTESIAN_POINT('Origin',(10.,41.2,-4.7));
#2482=CARTESIAN_POINT('',(10.,41.2,-4.7));
#2483=CARTESIAN_POINT('',(10.,41.2,-4.7));
#2484=CARTESIAN_POINT('',(10.,39.2,-4.7));
#2485=CARTESIAN_POINT('',(10.,30.9,-4.7));
#2486=CARTESIAN_POINT('',(10.,39.2,-4.7));
#2487=CARTESIAN_POINT('Origin',(18.,41.2,-4.7));
#2488=CARTESIAN_POINT('',(18.,41.2,-4.7));
#2489=CARTESIAN_POINT('',(18.,41.2,-4.7));
#2490=CARTESIAN_POINT('',(23.675,41.2,-4.7));
#2491=CARTESIAN_POINT('Origin',(18.,39.2,-4.7));
#2492=CARTESIAN_POINT('',(18.,39.2,-4.7));
#2493=CARTESIAN_POINT('',(18.,39.2,-4.7));
#2494=CARTESIAN_POINT('',(18.,29.9,-4.7));
#2495=CARTESIAN_POINT('Origin',(10.,39.2,-4.7));
#2496=CARTESIAN_POINT('',(19.675,39.2,-4.7));
#2497=CARTESIAN_POINT('Origin',(46.,-0.85,-2.75));
#2498=CARTESIAN_POINT('',(46.,-0.85,-2.75));
#2499=CARTESIAN_POINT('',(46.,-0.85,-2.75));
#2500=CARTESIAN_POINT('',(50.,-0.85,-2.75));
#2501=CARTESIAN_POINT('',(50.,-0.85,-2.75));
#2502=CARTESIAN_POINT('',(46.,-0.85,-2.75));
#2503=CARTESIAN_POINT('Origin',(46.,-0.85,-0.75));
#2504=CARTESIAN_POINT('',(46.,-0.85,-0.75));
#2505=CARTESIAN_POINT('',(46.,-0.85,-0.75));
#2506=CARTESIAN_POINT('',(50.,-0.85,-0.75));
#2507=CARTESIAN_POINT('',(50.,-0.85,-0.75));
#2508=CARTESIAN_POINT('',(46.,-0.85,-0.75));
#2509=CARTESIAN_POINT('Origin',(46.,-0.15,-0.2));
#2510=CARTESIAN_POINT('',(46.,-0.15,-0.2));
#2511=CARTESIAN_POINT('',(46.,-0.15,-0.2));
#2512=CARTESIAN_POINT('',(50.,-0.15,-0.2));
#2513=CARTESIAN_POINT('',(50.,-0.15,-0.2));
#2514=CARTESIAN_POINT('',(46.,-0.15,-0.2));
#2515=CARTESIAN_POINT('Origin',(46.,1.8,-0.2));
#2516=CARTESIAN_POINT('',(46.,1.8,-0.2));
#2517=CARTESIAN_POINT('',(46.,1.8,-0.2));
#2518=CARTESIAN_POINT('',(50.,1.8,-0.2));
#2519=CARTESIAN_POINT('',(50.,1.8,-0.2));
#2520=CARTESIAN_POINT('',(46.,1.8,-0.2));
#2521=CARTESIAN_POINT('Origin',(46.,0.475,-2.45));
#2522=CARTESIAN_POINT('',(46.,1.8,-4.7));
#2523=CARTESIAN_POINT('',(46.,1.8,-4.7));
#2524=CARTESIAN_POINT('',(46.,10.5375,-4.7));
#2525=CARTESIAN_POINT('Origin',(29.35,20.6,-4.7));
#2526=CARTESIAN_POINT('',(3.7,-3.,-4.7));
#2527=CARTESIAN_POINT('Origin',(3.7,3.,-4.7));
#2528=CARTESIAN_POINT('',(55.,-3.,-4.7));
#2529=CARTESIAN_POINT('',(3.7,-3.,-4.7));
#2530=CARTESIAN_POINT('',(61.,3.,-4.7));
#2531=CARTESIAN_POINT('Origin',(55.,3.,-4.7));
#2532=CARTESIAN_POINT('',(61.,3.,-4.7));
#2533=CARTESIAN_POINT('',(34.675,1.8,-4.7));
#2534=CARTESIAN_POINT('',(50.6,2.4,-4.7));
#2535=CARTESIAN_POINT('',(39.975,2.4,-4.7));
#2536=CARTESIAN_POINT('',(50.6,-0.8,-4.7));
#2537=CARTESIAN_POINT('',(50.6,11.2,-4.7));
#2538=CARTESIAN_POINT('',(40.,-0.8,-4.7));
#2539=CARTESIAN_POINT('',(34.675,-0.800000000000001,-4.7));
#2540=CARTESIAN_POINT('',(40.,10.2,-4.7));
#2541=CARTESIAN_POINT('',(18.,1.8,-4.7));
#2542=CARTESIAN_POINT('',(18.,10.5375,-4.7));
#2543=CARTESIAN_POINT('',(20.675,1.8,-4.7));
#2544=CARTESIAN_POINT('',(22.6,2.4,-4.7));
#2545=CARTESIAN_POINT('',(25.975,2.4,-4.7));
#2546=CARTESIAN_POINT('',(22.6,-0.8,-4.7));
#2547=CARTESIAN_POINT('',(22.6,11.2,-4.7));
#2548=CARTESIAN_POINT('',(12.,-0.8,-4.7));
#2549=CARTESIAN_POINT('',(20.675,-0.800000000000001,-4.7));
#2550=CARTESIAN_POINT('',(12.,10.2,-4.7));
#2551=CARTESIAN_POINT('',(52.2,9.5,-4.7));
#2552=CARTESIAN_POINT('',(54.6,9.5,-4.7));
#2553=CARTESIAN_POINT('',(41.975,9.5,-4.7));
#2554=CARTESIAN_POINT('',(54.6,6.5,-4.7));
#2555=CARTESIAN_POINT('',(54.6,13.55,-4.7));
#2556=CARTESIAN_POINT('',(52.2,6.5,-4.7));
#2557=CARTESIAN_POINT('',(40.775,6.5,-4.7));
#2558=CARTESIAN_POINT('',(52.2,15.05,-4.7));
#2559=CARTESIAN_POINT('',(0.2,33.5,-4.7));
#2560=CARTESIAN_POINT('',(2.6,33.5,-4.7));
#2561=CARTESIAN_POINT('',(15.975,33.5,-4.7));
#2562=CARTESIAN_POINT('',(2.6,30.5,-4.7));
#2563=CARTESIAN_POINT('',(2.6,25.55,-4.7));
#2564=CARTESIAN_POINT('',(0.2,30.5,-4.7));
#2565=CARTESIAN_POINT('',(14.775,30.5,-4.7));
#2566=CARTESIAN_POINT('',(0.2,27.05,-4.7));
#2567=CARTESIAN_POINT('',(0.2,9.5,-4.7));
#2568=CARTESIAN_POINT('',(2.6,9.5,-4.7));
#2569=CARTESIAN_POINT('',(15.975,9.5,-4.7));
#2570=CARTESIAN_POINT('',(2.6,6.5,-4.7));
#2571=CARTESIAN_POINT('',(2.6,13.55,-4.7));
#2572=CARTESIAN_POINT('',(0.2,6.5,-4.7));
#2573=CARTESIAN_POINT('',(14.775,6.5,-4.7));
#2574=CARTESIAN_POINT('',(0.2,15.05,-4.7));
#2575=CARTESIAN_POINT('Origin',(50.,2.4,-6.8));
#2576=CARTESIAN_POINT('',(50.,1.8,-6.8));
#2577=CARTESIAN_POINT('Origin',(50.6,2.4,-6.8));
#2578=CARTESIAN_POINT('',(50.6,2.4,-6.8));
#2579=CARTESIAN_POINT('Origin',(40.,-0.8,-6.8));
#2580=CARTESIAN_POINT('',(40.,-0.8,-6.8));
#2581=CARTESIAN_POINT('',(50.6,-0.8,-6.8));
#2582=CARTESIAN_POINT('Origin',(40.,1.8,-6.8));
#2583=CARTESIAN_POINT('Origin',(50.6,1.8,-6.8));
#2584=CARTESIAN_POINT('Origin',(40.,-0.2,-6.8));
#2585=CARTESIAN_POINT('Origin',(18.,-0.85,-2.75));
#2586=CARTESIAN_POINT('',(18.,-0.85,-2.75));
#2587=CARTESIAN_POINT('',(18.,-0.85,-2.75));
#2588=CARTESIAN_POINT('',(22.,-0.85,-2.75));
#2589=CARTESIAN_POINT('',(22.,-0.85,-2.75));
#2590=CARTESIAN_POINT('',(18.,-0.85,-2.75));
#2591=CARTESIAN_POINT('Origin',(18.,-0.85,-0.75));
#2592=CARTESIAN_POINT('',(18.,-0.85,-0.75));
#2593=CARTESIAN_POINT('',(18.,-0.85,-0.75));
#2594=CARTESIAN_POINT('',(22.,-0.85,-0.75));
#2595=CARTESIAN_POINT('',(22.,-0.85,-0.75));
#2596=CARTESIAN_POINT('',(18.,-0.85,-0.75));
#2597=CARTESIAN_POINT('Origin',(18.,-0.15,-0.2));
#2598=CARTESIAN_POINT('',(18.,-0.15,-0.2));
#2599=CARTESIAN_POINT('',(18.,-0.15,-0.2));
#2600=CARTESIAN_POINT('',(22.,-0.15,-0.2));
#2601=CARTESIAN_POINT('',(22.,-0.15,-0.2));
#2602=CARTESIAN_POINT('',(18.,-0.15,-0.2));
#2603=CARTESIAN_POINT('Origin',(18.,1.8,-0.2));
#2604=CARTESIAN_POINT('',(18.,1.8,-0.2));
#2605=CARTESIAN_POINT('',(18.,1.8,-0.2));
#2606=CARTESIAN_POINT('',(22.,1.8,-0.2));
#2607=CARTESIAN_POINT('',(22.,1.8,-0.2));
#2608=CARTESIAN_POINT('',(18.,1.8,-0.2));
#2609=CARTESIAN_POINT('Origin',(18.,0.475,-2.45));
#2610=CARTESIAN_POINT('',(18.,1.8,-4.7));
#2611=CARTESIAN_POINT('Origin',(22.,2.4,-6.8));
#2612=CARTESIAN_POINT('',(22.,1.8,-6.8));
#2613=CARTESIAN_POINT('Origin',(22.6,2.4,-6.8));
#2614=CARTESIAN_POINT('',(22.6,2.4,-6.8));
#2615=CARTESIAN_POINT('Origin',(12.,-0.8,-6.8));
#2616=CARTESIAN_POINT('',(12.,-0.8,-6.8));
#2617=CARTESIAN_POINT('',(22.6,-0.8,-6.8));
#2618=CARTESIAN_POINT('Origin',(12.,1.8,-6.8));
#2619=CARTESIAN_POINT('Origin',(22.6,1.8,-6.8));
#2620=CARTESIAN_POINT('Origin',(12.,-0.2,-6.8));
#2621=CARTESIAN_POINT('Origin',(54.6,9.5,-4.7));
#2622=CARTESIAN_POINT('',(52.2,9.5,0.));
#2623=CARTESIAN_POINT('',(52.2,9.5,-4.7));
#2624=CARTESIAN_POINT('',(54.6,9.5,0.));
#2625=CARTESIAN_POINT('',(54.6,9.5,0.));
#2626=CARTESIAN_POINT('',(54.6,9.5,-4.7));
#2627=CARTESIAN_POINT('Origin',(54.6,6.5,-4.7));
#2628=CARTESIAN_POINT('',(54.6,6.5,0.));
#2629=CARTESIAN_POINT('',(54.6,6.5,0.));
#2630=CARTESIAN_POINT('',(54.6,6.5,-4.7));
#2631=CARTESIAN_POINT('Origin',(52.2,6.5,-4.7));
#2632=CARTESIAN_POINT('',(52.2,6.5,0.));
#2633=CARTESIAN_POINT('',(52.2,6.5,0.));
#2634=CARTESIAN_POINT('',(52.2,6.5,-4.7));
#2635=CARTESIAN_POINT('Origin',(52.2,9.5,-4.7));
#2636=CARTESIAN_POINT('',(52.2,9.5,0.));
#2637=CARTESIAN_POINT('Origin',(53.4,8.,0.));
#2638=CARTESIAN_POINT('Origin',(2.6,33.5,-4.7));
#2639=CARTESIAN_POINT('',(0.2,33.5,0.));
#2640=CARTESIAN_POINT('',(0.2,33.5,-4.7));
#2641=CARTESIAN_POINT('',(2.6,33.5,0.));
#2642=CARTESIAN_POINT('',(2.6,33.5,0.));
#2643=CARTESIAN_POINT('',(2.6,33.5,-4.7));
#2644=CARTESIAN_POINT('Origin',(2.6,30.5,-4.7));
#2645=CARTESIAN_POINT('',(2.6,30.5,0.));
#2646=CARTESIAN_POINT('',(2.6,30.5,0.));
#2647=CARTESIAN_POINT('',(2.6,30.5,-4.7));
#2648=CARTESIAN_POINT('Origin',(0.2,30.5,-4.7));
#2649=CARTESIAN_POINT('',(0.2,30.5,0.));
#2650=CARTESIAN_POINT('',(0.2,30.5,0.));
#2651=CARTESIAN_POINT('',(0.2,30.5,-4.7));
#2652=CARTESIAN_POINT('Origin',(0.2,33.5,-4.7));
#2653=CARTESIAN_POINT('',(0.2,33.5,0.));
#2654=CARTESIAN_POINT('Origin',(1.4,32.,0.));
#2655=CARTESIAN_POINT('Origin',(2.6,9.5,-4.7));
#2656=CARTESIAN_POINT('',(0.2,9.5,0.));
#2657=CARTESIAN_POINT('',(0.2,9.5,-4.7));
#2658=CARTESIAN_POINT('',(2.6,9.5,0.));
#2659=CARTESIAN_POINT('',(2.6,9.5,0.));
#2660=CARTESIAN_POINT('',(2.6,9.5,-4.7));
#2661=CARTESIAN_POINT('Origin',(2.6,6.5,-4.7));
#2662=CARTESIAN_POINT('',(2.6,6.5,0.));
#2663=CARTESIAN_POINT('',(2.6,6.5,0.));
#2664=CARTESIAN_POINT('',(2.6,6.5,-4.7));
#2665=CARTESIAN_POINT('Origin',(0.2,6.5,-4.7));
#2666=CARTESIAN_POINT('',(0.2,6.5,0.));
#2667=CARTESIAN_POINT('',(0.2,6.5,0.));
#2668=CARTESIAN_POINT('',(0.2,6.5,-4.7));
#2669=CARTESIAN_POINT('Origin',(0.2,9.5,-4.7));
#2670=CARTESIAN_POINT('',(0.2,9.5,0.));
#2671=CARTESIAN_POINT('Origin',(1.4,8.,0.));
#2672=CARTESIAN_POINT('Origin',(61.,3.,-6.7));
#2673=CARTESIAN_POINT('',(61.,3.,-6.7));
#2674=CARTESIAN_POINT('Origin',(55.,3.,-6.7));
#2675=CARTESIAN_POINT('',(55.,-3.,-6.7));
#2676=CARTESIAN_POINT('Origin',(3.7,-3.,-6.7));
#2677=CARTESIAN_POINT('',(3.7,-3.,-6.7));
#2678=CARTESIAN_POINT('Origin',(3.7,3.,-6.7));
#2679=UNCERTAINTY_MEASURE_WITH_UNIT(LENGTH_MEASURE(0.01),#2683,
'DISTANCE_ACCURACY_VALUE',
'Maximum model space distance between geometric entities at asserted c
onnectivities');
#2680=UNCERTAINTY_MEASURE_WITH_UNIT(LENGTH_MEASURE(0.01),#2683,
'DISTANCE_ACCURACY_VALUE',
'Maximum model space distance between geometric entities at asserted c
onnectivities');
#2681=(
GEOMETRIC_REPRESENTATION_CONTEXT(3)
GLOBAL_UNCERTAINTY_ASSIGNED_CONTEXT((#2679))
GLOBAL_UNIT_ASSIGNED_CONTEXT((#2683,#2685,#2686))
REPRESENTATION_CONTEXT('','3D')
);
#2682=(
GEOMETRIC_REPRESENTATION_CONTEXT(3)
GLOBAL_UNCERTAINTY_ASSIGNED_CONTEXT((#2680))
GLOBAL_UNIT_ASSIGNED_CONTEXT((#2683,#2685,#2686))
REPRESENTATION_CONTEXT('','3D')
);
#2683=(
LENGTH_UNIT()
NAMED_UNIT(*)
SI_UNIT(.MILLI.,.METRE.)
);
#2684=(
LENGTH_UNIT()
NAMED_UNIT(*)
SI_UNIT($,.METRE.)
);
#2685=(
NAMED_UNIT(*)
PLANE_ANGLE_UNIT()
SI_UNIT($,.RADIAN.)
);
#2686=(
NAMED_UNIT(*)
SI_UNIT($,.STERADIAN.)
SOLID_ANGLE_UNIT()
);
#2687=SHAPE_DEFINITION_REPRESENTATION(#2688,#2689);
#2688=PRODUCT_DEFINITION_SHAPE('',$,#2691);
#2689=SHAPE_REPRESENTATION('',(#1663),#2681);
#2690=PRODUCT_DEFINITION_CONTEXT('part definition',#2695,'design');
#2691=PRODUCT_DEFINITION('2026-09-06-19-15-58-090','Enclosure Bottom',#2692,
#2690);
#2692=PRODUCT_DEFINITION_FORMATION('',$,#2697);
#2693=PRODUCT_RELATED_PRODUCT_CATEGORY('Enclosure Bottom',
'Enclosure Bottom',(#2697));
#2694=APPLICATION_PROTOCOL_DEFINITION('international standard',
'automotive_design',2009,#2695);
#2695=APPLICATION_CONTEXT(
'Core Data for Automotive Mechanical Design Process');
#2696=PRODUCT_CONTEXT('part definition',#2695,'mechanical');
#2697=PRODUCT('2026-09-06-19-15-58-090','Enclosure Bottom',$,(#2696));
#2698=PRESENTATION_STYLE_ASSIGNMENT((#2700));
#2699=PRESENTATION_STYLE_ASSIGNMENT((#2701));
#2700=SURFACE_STYLE_USAGE(.BOTH.,#2702);
#2701=SURFACE_STYLE_USAGE(.BOTH.,#2703);
#2702=SURFACE_SIDE_STYLE('',(#2704));
#2703=SURFACE_SIDE_STYLE('',(#2705));
#2704=SURFACE_STYLE_FILL_AREA(#2706);
#2705=SURFACE_STYLE_FILL_AREA(#2707);
#2706=FILL_AREA_STYLE('Steel - Satin',(#2708));
#2707=FILL_AREA_STYLE('Enclosure White',(#2709));
#2708=FILL_AREA_STYLE_COLOUR('Steel - Satin',#2710);
#2709=FILL_AREA_STYLE_COLOUR('Enclosure White',#2711);
#2710=COLOUR_RGB('Steel - Satin',0.627450980392157,0.627450980392157,0.627450980392157);
#2711=COLOUR_RGB('Enclosure White',1.,1.,1.);
ENDSEC;
END-ISO-10303-21;
