ISO-10303-21;
HEADER;
/* Generated by software containing ST-Developer
 * from STEP Tools, Inc. (www.steptools.com) 
 */

FILE_DESCRIPTION(
/* description */ (''),
/* implementation_level */ '2;1');

FILE_NAME(
/* name */ 'KachiButton-Keycap-Thx-25x18x10.step',
/* time_stamp */ '2026-09-06T03:43:26+09:00',
/* author */ (''),
/* organization */ (''),
/* preprocessor_version */ 'ST-DEVELOPER v20.1',
/* originating_system */ 'Autodesk Translation Framework v15.8.0.0',
/* authorisation */ '');

FILE_SCHEMA (('AUTOMOTIVE_DESIGN { 1 0 10303 214 3 1 1 }'));
ENDSEC;

DATA;
#10=MECHANICAL_DESIGN_GEOMETRIC_PRESENTATION_REPRESENTATION('',(#13,#14,
#15,#16,#17,#18),#7577);
#11=SHAPE_REPRESENTATION_RELATIONSHIP('SRR','None',#7584,#12);
#12=ADVANCED_BREP_SHAPE_REPRESENTATION('',(#19,#20,#21,#22,#23,#24),#7576);
#13=STYLED_ITEM('',(#7594),#19);
#14=STYLED_ITEM('',(#7595),#20);
#15=STYLED_ITEM('',(#7595),#21);
#16=STYLED_ITEM('',(#7595),#22);
#17=STYLED_ITEM('',(#7595),#23);
#18=STYLED_ITEM('',(#7595),#24);
#19=MANIFOLD_SOLID_BREP('Green keycap shell',#2771);
#20=MANIFOLD_SOLID_BREP('SVG white legend 1',#2772);
#21=MANIFOLD_SOLID_BREP('SVG white legend 2',#2773);
#22=MANIFOLD_SOLID_BREP('SVG white legend 3',#2774);
#23=MANIFOLD_SOLID_BREP('SVG white legend 4',#2775);
#24=MANIFOLD_SOLID_BREP('SVG white legend 5',#2776);
#25=B_SPLINE_SURFACE_WITH_KNOTS('',3,3,((#4271,#4272,#4273,#4274,#4275),
(#4276,#4277,#4278,#4279,#4280),(#4281,#4282,#4283,#4284,#4285),(#4286,
#4287,#4288,#4289,#4290),(#4291,#4292,#4293,#4294,#4295),(#4296,#4297,#4298,
#4299,#4300),(#4301,#4302,#4303,#4304,#4305),(#4306,#4307,#4308,#4309,#4310),
(#4311,#4312,#4313,#4314,#4315),(#4316,#4317,#4318,#4319,#4320),(#4321,
#4322,#4323,#4324,#4325),(#4326,#4327,#4328,#4329,#4330),(#4331,#4332,#4333,
#4334,#4335),(#4336,#4337,#4338,#4339,#4340),(#4341,#4342,#4343,#4344,#4345),
(#4346,#4347,#4348,#4349,#4350),(#4351,#4352,#4353,#4354,#4355),(#4356,
#4357,#4358,#4359,#4360),(#4361,#4362,#4363,#4364,#4365),(#4366,#4367,#4368,
#4369,#4370),(#4371,#4372,#4373,#4374,#4375),(#4376,#4377,#4378,#4379,#4380),
(#4381,#4382,#4383,#4384,#4385),(#4386,#4387,#4388,#4389,#4390),(#4391,
#4392,#4393,#4394,#4395),(#4396,#4397,#4398,#4399,#4400),(#4401,#4402,#4403,
#4404,#4405),(#4406,#4407,#4408,#4409,#4410),(#4411,#4412,#4413,#4414,#4415),
(#4416,#4417,#4418,#4419,#4420),(#4421,#4422,#4423,#4424,#4425),(#4426,
#4427,#4428,#4429,#4430),(#4431,#4432,#4433,#4434,#4435),(#4436,#4437,#4438,
#4439,#4440),(#4441,#4442,#4443,#4444,#4445),(#4446,#4447,#4448,#4449,#4450),
(#4451,#4452,#4453,#4454,#4455),(#4456,#4457,#4458,#4459,#4460),(#4461,
#4462,#4463,#4464,#4465),(#4466,#4467,#4468,#4469,#4470),(#4471,#4472,#4473,
#4474,#4475),(#4476,#4477,#4478,#4479,#4480),(#4481,#4482,#4483,#4484,#4485),
(#4486,#4487,#4488,#4489,#4490)),.UNSPECIFIED.,.T.,.F.,.F.,(4,1,1,1,2,1,
1,1,1,1,2,1,1,1,2,1,1,2,1,1,1,2,1,1,1,1,1,1,2,1,1,1,2,1,4),(4,1,4),(0.,
0.00584280512522035,0.00934848820035257,0.0140227323005288,0.0186969764007051,
0.0364081049858663,0.0541192335710274,0.0895414907413496,0.160386005081994,
0.231230519422639,0.302075033763283,0.306749277863459,0.311423521963636,
0.3184348881139,0.320772010163988,0.34317550889349,0.365579007622991,0.5,
0.504674244100176,0.509348488200353,0.516359854350617,0.518696976400705,
0.536408104985866,0.58954149074135,0.660386005081994,0.731230519422638,
0.76665277659296,0.784363905178121,0.802075033763283,0.804412155813371,
0.811423521963635,0.816097766063811,0.820772010163988,0.910386005081994,
1.),(0.0117647058823528,0.717647058823529,1.),.UNSPECIFIED.);
#26=B_SPLINE_SURFACE_WITH_KNOTS('',3,3,((#4596,#4597,#4598,#4599,#4600,
#4601,#4602,#4603,#4604,#4605,#4606,#4607,#4608,#4609,#4610,#4611,#4612,
#4613,#4614,#4615,#4616,#4617,#4618,#4619,#4620,#4621,#4622,#4623,#4624,
#4625,#4626,#4627,#4628,#4629,#4630,#4631,#4632,#4633,#4634,#4635,#4636,
#4637,#4638,#4639,#4640,#4641,#4642,#4643,#4644,#4645,#4646,#4647,#4648,
#4649,#4650,#4651,#4652,#4653,#4654,#4655,#4656,#4657,#4658,#4659,#4660,
#4661,#4662,#4663,#4664,#4665,#4666,#4667,#4668,#4669,#4670,#4671,#4672,
#4673,#4674,#4675,#4676,#4677,#4678,#4679,#4680,#4681,#4682,#4683,#4684,
#4685,#4686,#4687,#4688,#4689,#4690,#4691,#4692,#4693,#4694,#4695,#4696,
#4697,#4698,#4699,#4700,#4701,#4702,#4703,#4704,#4705,#4706,#4707,#4708,
#4709,#4710,#4711,#4712,#4713,#4714,#4715,#4716,#4717,#4718,#4719,#4720,
#4721,#4722,#4723,#4724,#4725,#4726,#4727,#4728,#4729,#4730,#4731,#4732,
#4733,#4734,#4735,#4736,#4737,#4738,#4739,#4740,#4741,#4742,#4743,#4744,
#4745,#4746,#4747,#4748,#4749,#4750,#4751,#4752,#4753,#4754,#4755,#4756,
#4757,#4758,#4759,#4760,#4761,#4762,#4763,#4764,#4765,#4766,#4767,#4768,
#4769,#4770,#4771,#4772,#4773,#4774,#4775,#4776,#4777,#4778,#4779,#4780,
#4781,#4782,#4783,#4784,#4785,#4786,#4787,#4788,#4789,#4790,#4791,#4792,
#4793,#4794,#4795,#4796,#4797,#4798,#4799,#4800,#4801,#4802,#4803,#4804,
#4805,#4806,#4807,#4808,#4809,#4810,#4811,#4812,#4813,#4814,#4815,#4816,
#4817,#4818,#4819,#4820,#4821,#4822,#4823,#4824,#4825,#4826,#4827,#4828,
#4829,#4830,#4831,#4832,#4833,#4834,#4835,#4836,#4837,#4838,#4839,#4840,
#4841,#4842,#4843,#4844,#4845,#4846,#4847,#4848,#4849,#4850),(#4851,#4852,
#4853,#4854,#4855,#4856,#4857,#4858,#4859,#4860,#4861,#4862,#4863,#4864,
#4865,#4866,#4867,#4868,#4869,#4870,#4871,#4872,#4873,#4874,#4875,#4876,
#4877,#4878,#4879,#4880,#4881,#4882,#4883,#4884,#4885,#4886,#4887,#4888,
#4889,#4890,#4891,#4892,#4893,#4894,#4895,#4896,#4897,#4898,#4899,#4900,
#4901,#4902,#4903,#4904,#4905,#4906,#4907,#4908,#4909,#4910,#4911,#4912,
#4913,#4914,#4915,#4916,#4917,#4918,#4919,#4920,#4921,#4922,#4923,#4924,
#4925,#4926,#4927,#4928,#4929,#4930,#4931,#4932,#4933,#4934,#4935,#4936,
#4937,#4938,#4939,#4940,#4941,#4942,#4943,#4944,#4945,#4946,#4947,#4948,
#4949,#4950,#4951,#4952,#4953,#4954,#4955,#4956,#4957,#4958,#4959,#4960,
#4961,#4962,#4963,#4964,#4965,#4966,#4967,#4968,#4969,#4970,#4971,#4972,
#4973,#4974,#4975,#4976,#4977,#4978,#4979,#4980,#4981,#4982,#4983,#4984,
#4985,#4986,#4987,#4988,#4989,#4990,#4991,#4992,#4993,#4994,#4995,#4996,
#4997,#4998,#4999,#5000,#5001,#5002,#5003,#5004,#5005,#5006,#5007,#5008,
#5009,#5010,#5011,#5012,#5013,#5014,#5015,#5016,#5017,#5018,#5019,#5020,
#5021,#5022,#5023,#5024,#5025,#5026,#5027,#5028,#5029,#5030,#5031,#5032,
#5033,#5034,#5035,#5036,#5037,#5038,#5039,#5040,#5041,#5042,#5043,#5044,
#5045,#5046,#5047,#5048,#5049,#5050,#5051,#5052,#5053,#5054,#5055,#5056,
#5057,#5058,#5059,#5060,#5061,#5062,#5063,#5064,#5065,#5066,#5067,#5068,
#5069,#5070,#5071,#5072,#5073,#5074,#5075,#5076,#5077,#5078,#5079,#5080,
#5081,#5082,#5083,#5084,#5085,#5086,#5087,#5088,#5089,#5090,#5091,#5092,
#5093,#5094,#5095,#5096,#5097,#5098,#5099,#5100,#5101,#5102,#5103,#5104,
#5105),(#5106,#5107,#5108,#5109,#5110,#5111,#5112,#5113,#5114,#5115,#5116,
#5117,#5118,#5119,#5120,#5121,#5122,#5123,#5124,#5125,#5126,#5127,#5128,
#5129,#5130,#5131,#5132,#5133,#5134,#5135,#5136,#5137,#5138,#5139,#5140,
#5141,#5142,#5143,#5144,#5145,#5146,#5147,#5148,#5149,#5150,#5151,#5152,
#5153,#5154,#5155,#5156,#5157,#5158,#5159,#5160,#5161,#5162,#5163,#5164,
#5165,#5166,#5167,#5168,#5169,#5170,#5171,#5172,#5173,#5174,#5175,#5176,
#5177,#5178,#5179,#5180,#5181,#5182,#5183,#5184,#5185,#5186,#5187,#5188,
#5189,#5190,#5191,#5192,#5193,#5194,#5195,#5196,#5197,#5198,#5199,#5200,
#5201,#5202,#5203,#5204,#5205,#5206,#5207,#5208,#5209,#5210,#5211,#5212,
#5213,#5214,#5215,#5216,#5217,#5218,#5219,#5220,#5221,#5222,#5223,#5224,
#5225,#5226,#5227,#5228,#5229,#5230,#5231,#5232,#5233,#5234,#5235,#5236,
#5237,#5238,#5239,#5240,#5241,#5242,#5243,#5244,#5245,#5246,#5247,#5248,
#5249,#5250,#5251,#5252,#5253,#5254,#5255,#5256,#5257,#5258,#5259,#5260,
#5261,#5262,#5263,#5264,#5265,#5266,#5267,#5268,#5269,#5270,#5271,#5272,
#5273,#5274,#5275,#5276,#5277,#5278,#5279,#5280,#5281,#5282,#5283,#5284,
#5285,#5286,#5287,#5288,#5289,#5290,#5291,#5292,#5293,#5294,#5295,#5296,
#5297,#5298,#5299,#5300,#5301,#5302,#5303,#5304,#5305,#5306,#5307,#5308,
#5309,#5310,#5311,#5312,#5313,#5314,#5315,#5316,#5317,#5318,#5319,#5320,
#5321,#5322,#5323,#5324,#5325,#5326,#5327,#5328,#5329,#5330,#5331,#5332,
#5333,#5334,#5335,#5336,#5337,#5338,#5339,#5340,#5341,#5342,#5343,#5344,
#5345,#5346,#5347,#5348,#5349,#5350,#5351,#5352,#5353,#5354,#5355,#5356,
#5357,#5358,#5359,#5360),(#5361,#5362,#5363,#5364,#5365,#5366,#5367,#5368,
#5369,#5370,#5371,#5372,#5373,#5374,#5375,#5376,#5377,#5378,#5379,#5380,
#5381,#5382,#5383,#5384,#5385,#5386,#5387,#5388,#5389,#5390,#5391,#5392,
#5393,#5394,#5395,#5396,#5397,#5398,#5399,#5400,#5401,#5402,#5403,#5404,
#5405,#5406,#5407,#5408,#5409,#5410,#5411,#5412,#5413,#5414,#5415,#5416,
#5417,#5418,#5419,#5420,#5421,#5422,#5423,#5424,#5425,#5426,#5427,#5428,
#5429,#5430,#5431,#5432,#5433,#5434,#5435,#5436,#5437,#5438,#5439,#5440,
#5441,#5442,#5443,#5444,#5445,#5446,#5447,#5448,#5449,#5450,#5451,#5452,
#5453,#5454,#5455,#5456,#5457,#5458,#5459,#5460,#5461,#5462,#5463,#5464,
#5465,#5466,#5467,#5468,#5469,#5470,#5471,#5472,#5473,#5474,#5475,#5476,
#5477,#5478,#5479,#5480,#5481,#5482,#5483,#5484,#5485,#5486,#5487,#5488,
#5489,#5490,#5491,#5492,#5493,#5494,#5495,#5496,#5497,#5498,#5499,#5500,
#5501,#5502,#5503,#5504,#5505,#5506,#5507,#5508,#5509,#5510,#5511,#5512,
#5513,#5514,#5515,#5516,#5517,#5518,#5519,#5520,#5521,#5522,#5523,#5524,
#5525,#5526,#5527,#5528,#5529,#5530,#5531,#5532,#5533,#5534,#5535,#5536,
#5537,#5538,#5539,#5540,#5541,#5542,#5543,#5544,#5545,#5546,#5547,#5548,
#5549,#5550,#5551,#5552,#5553,#5554,#5555,#5556,#5557,#5558,#5559,#5560,
#5561,#5562,#5563,#5564,#5565,#5566,#5567,#5568,#5569,#5570,#5571,#5572,
#5573,#5574,#5575,#5576,#5577,#5578,#5579,#5580,#5581,#5582,#5583,#5584,
#5585,#5586,#5587,#5588,#5589,#5590,#5591,#5592,#5593,#5594,#5595,#5596,
#5597,#5598,#5599,#5600,#5601,#5602,#5603,#5604,#5605,#5606,#5607,#5608,
#5609,#5610,#5611,#5612,#5613,#5614,#5615),(#5616,#5617,#5618,#5619,#5620,
#5621,#5622,#5623,#5624,#5625,#5626,#5627,#5628,#5629,#5630,#5631,#5632,
#5633,#5634,#5635,#5636,#5637,#5638,#5639,#5640,#5641,#5642,#5643,#5644,
#5645,#5646,#5647,#5648,#5649,#5650,#5651,#5652,#5653,#5654,#5655,#5656,
#5657,#5658,#5659,#5660,#5661,#5662,#5663,#5664,#5665,#5666,#5667,#5668,
#5669,#5670,#5671,#5672,#5673,#5674,#5675,#5676,#5677,#5678,#5679,#5680,
#5681,#5682,#5683,#5684,#5685,#5686,#5687,#5688,#5689,#5690,#5691,#5692,
#5693,#5694,#5695,#5696,#5697,#5698,#5699,#5700,#5701,#5702,#5703,#5704,
#5705,#5706,#5707,#5708,#5709,#5710,#5711,#5712,#5713,#5714,#5715,#5716,
#5717,#5718,#5719,#5720,#5721,#5722,#5723,#5724,#5725,#5726,#5727,#5728,
#5729,#5730,#5731,#5732,#5733,#5734,#5735,#5736,#5737,#5738,#5739,#5740,
#5741,#5742,#5743,#5744,#5745,#5746,#5747,#5748,#5749,#5750,#5751,#5752,
#5753,#5754,#5755,#5756,#5757,#5758,#5759,#5760,#5761,#5762,#5763,#5764,
#5765,#5766,#5767,#5768,#5769,#5770,#5771,#5772,#5773,#5774,#5775,#5776,
#5777,#5778,#5779,#5780,#5781,#5782,#5783,#5784,#5785,#5786,#5787,#5788,
#5789,#5790,#5791,#5792,#5793,#5794,#5795,#5796,#5797,#5798,#5799,#5800,
#5801,#5802,#5803,#5804,#5805,#5806,#5807,#5808,#5809,#5810,#5811,#5812,
#5813,#5814,#5815,#5816,#5817,#5818,#5819,#5820,#5821,#5822,#5823,#5824,
#5825,#5826,#5827,#5828,#5829,#5830,#5831,#5832,#5833,#5834,#5835,#5836,
#5837,#5838,#5839,#5840,#5841,#5842,#5843,#5844,#5845,#5846,#5847,#5848,
#5849,#5850,#5851,#5852,#5853,#5854,#5855,#5856,#5857,#5858,#5859,#5860,
#5861,#5862,#5863,#5864,#5865,#5866,#5867,#5868,#5869,#5870)),
 .UNSPECIFIED.,.F.,.T.,.F.,(4,1,4),(4,1,1,1,2,1,1,1,1,1,1,1,1,1,1,1,1,1,
1,1,1,1,1,1,1,1,1,1,1,1,1,1,1,1,1,1,1,1,1,1,2,1,1,1,1,1,2,1,1,1,1,1,1,1,
1,1,1,1,1,1,1,1,1,1,1,1,1,1,1,1,1,1,1,1,1,1,1,1,1,1,1,1,1,2,1,1,1,1,1,1,
2,1,1,1,1,1,1,1,1,1,1,1,1,1,1,1,1,1,1,1,1,1,1,1,1,1,1,1,1,1,1,1,1,1,1,1,
1,1,1,1,1,1,1,1,1,1,1,1,1,1,1,1,1,1,1,1,1,1,1,1,1,1,1,1,1,1,2,1,1,1,1,1,
1,2,1,1,1,1,1,1,1,1,1,1,1,1,1,1,1,1,1,1,1,1,1,1,1,1,1,1,1,1,1,1,1,1,1,1,
1,1,1,1,1,1,1,1,1,1,1,1,1,1,1,1,1,1,1,1,1,1,1,1,1,1,1,1,1,1,1,1,1,1,1,1,
1,1,1,1,1,1,1,2,1,1,4),(0.,0.5,1.),(0.,0.00601713406758836,0.0120342681351767,
0.0180514022027651,0.0240685362703534,0.0261728673756604,0.0282771984809674,
0.0324858606915814,0.0409031851128094,0.0493205095340373,0.0577378339552653,
0.0661551583764932,0.0745724827977212,0.0829898072189492,0.0914071316401771,
0.0998244560614051,0.108241780482633,0.116659104903861,0.125076429325089,
0.133493753746317,0.141911078167545,0.150328402588773,0.158745727010001,
0.167163051431229,0.175580375852457,0.183997700273685,0.192415024694913,
0.200832349116141,0.209249673537369,0.217666997958597,0.226084322379825,
0.234501646801053,0.24291897122228,0.247127633432894,0.251336295643508,
0.259753620064736,0.268170944485964,0.272379606696578,0.276588268907192,
0.28500559332842,0.293422917749648,0.295458573398264,0.29749422904688,0.301565540344113,
0.309708162938577,0.317850785533042,0.325993408127506,0.328579212949024,
0.331165017770542,0.336336627413578,0.341508237056614,0.34667984669965,
0.351851456342686,0.357023065985723,0.362194675628759,0.367366285271795,
0.372537894914831,0.377709504557867,0.382881114200903,0.388052723843939,
0.393224333486975,0.398395943130011,0.403567552773047,0.408739162416083,
0.413910772059119,0.419082381702155,0.424253991345191,0.429425600988227,
0.434597210631263,0.439768820274299,0.444940429917336,0.450112039560372,
0.455283649203408,0.460455258846444,0.46562686848948,0.470798478132516,
0.472091380543275,0.473384282954034,0.475970087775552,0.47855589259707,
0.481141697418588,0.483727502240106,0.486313307061624,0.49148491670466,
0.49352237730684,0.495559837909021,0.499634759113382,0.503709680317743,
0.507784601522104,0.515934443930826,0.524084286339548,0.526188664522613,
0.528293042705679,0.53250179907181,0.534606177254875,0.536710555437941,
0.540919311804071,0.545128068170202,0.549336824536333,0.553545580902464,
0.557754337268595,0.561963093634726,0.566171850000856,0.570380606366987,
0.574589362733118,0.578798119099249,0.58300687546538,0.58721563183151,0.591424388197641,
0.595633144563772,0.599841900929903,0.604050657296034,0.608259413662165,
0.612468170028295,0.616676926394426,0.620885682760557,0.625094439126688,
0.629303195492819,0.63351195185895,0.63772070822508,0.641929464591211,0.646138220957342,
0.650346977323473,0.654555733689604,0.658764490055735,0.662973246421865,
0.667182002787996,0.671390759154127,0.675599515520258,0.679808271886389,
0.68401702825252,0.68822578461865,0.692434540984781,0.696643297350912,0.700852053717043,
0.705060810083174,0.709269566449305,0.713478322815435,0.717687079181566,
0.721895835547697,0.726104591913828,0.730313348279959,0.73452210464609,
0.738730861012221,0.742939617378351,0.747148373744482,0.751357130110613,
0.755565886476744,0.759774642842875,0.763983399209005,0.768192155575136,
0.772400911941267,0.776609668307398,0.780818424673529,0.78502718103966,
0.78923593740579,0.793444693771921,0.795480348063722,0.797516002355522,
0.801587310939123,0.809729928106325,0.817872545273528,0.821943853857129,
0.82601516244073,0.828600959253909,0.831186756067089,0.836358349693448,
0.841529943319807,0.846701536946166,0.851873130572525,0.854458927385704,
0.855105376588999,0.855751825792294,0.856398274995589,0.857044724198884,
0.862216317825243,0.867387911451602,0.872559505077961,0.87773109870432,
0.908760660462475,0.913932254088833,0.919103847715193,0.924275441341552,
0.929447034967911,0.93461862859427,0.939790222220629,0.944961815846988,
0.950133409473347,0.955305003099706,0.960476596726065,0.965648190352424,
0.970819783978783,0.970981396279607,0.97114300858043,0.971466233182078,
0.972112682385373,0.973405580791963,0.975991377605142,0.977284276011732,
0.977607500613379,0.977930725215027,0.978253949816674,0.978577174418322,
0.979870072824911,0.981162971231501,0.982455869638091,0.983748768044681,
0.984395217247976,0.98504166645127,0.98633456485786,0.986496177158684,0.986657789459508,
0.986981014061155,0.98762746326445,0.98892036167104,0.989081973971863,0.989243586272687,
0.989566810874335,0.989728423175158,0.989890035475982,0.990213260077629,
0.990374872378453,0.990536484679277,0.990698096980101,0.990859709280924,
0.990940515431336,0.991021321581748,0.99110212773216,0.991182933882572,
0.991223336957778,0.991263740032984,0.991344546183395,0.991384949258601,
0.991425352333807,0.99144555387141,0.991455654640212,0.991465755409013,
0.991485956946616,0.991496057715418,0.991501108099818,0.991503633292019,
0.991506158484219,0.993629618863164,0.99575307924211,1.),.UNSPECIFIED.);
#27=B_SPLINE_SURFACE_WITH_KNOTS('',3,3,((#6408,#6409,#6410,#6411,#6412,
#6413),(#6414,#6415,#6416,#6417,#6418,#6419),(#6420,#6421,#6422,#6423,#6424,
#6425),(#6426,#6427,#6428,#6429,#6430,#6431),(#6432,#6433,#6434,#6435,#6436,
#6437),(#6438,#6439,#6440,#6441,#6442,#6443),(#6444,#6445,#6446,#6447,#6448,
#6449),(#6450,#6451,#6452,#6453,#6454,#6455),(#6456,#6457,#6458,#6459,#6460,
#6461),(#6462,#6463,#6464,#6465,#6466,#6467),(#6468,#6469,#6470,#6471,#6472,
#6473),(#6474,#6475,#6476,#6477,#6478,#6479),(#6480,#6481,#6482,#6483,#6484,
#6485),(#6486,#6487,#6488,#6489,#6490,#6491),(#6492,#6493,#6494,#6495,#6496,
#6497),(#6498,#6499,#6500,#6501,#6502,#6503),(#6504,#6505,#6506,#6507,#6508,
#6509),(#6510,#6511,#6512,#6513,#6514,#6515),(#6516,#6517,#6518,#6519,#6520,
#6521),(#6522,#6523,#6524,#6525,#6526,#6527),(#6528,#6529,#6530,#6531,#6532,
#6533),(#6534,#6535,#6536,#6537,#6538,#6539),(#6540,#6541,#6542,#6543,#6544,
#6545),(#6546,#6547,#6548,#6549,#6550,#6551),(#6552,#6553,#6554,#6555,#6556,
#6557),(#6558,#6559,#6560,#6561,#6562,#6563),(#6564,#6565,#6566,#6567,#6568,
#6569),(#6570,#6571,#6572,#6573,#6574,#6575),(#6576,#6577,#6578,#6579,#6580,
#6581),(#6582,#6583,#6584,#6585,#6586,#6587),(#6588,#6589,#6590,#6591,#6592,
#6593),(#6594,#6595,#6596,#6597,#6598,#6599),(#6600,#6601,#6602,#6603,#6604,
#6605),(#6606,#6607,#6608,#6609,#6610,#6611),(#6612,#6613,#6614,#6615,#6616,
#6617),(#6618,#6619,#6620,#6621,#6622,#6623),(#6624,#6625,#6626,#6627,#6628,
#6629),(#6630,#6631,#6632,#6633,#6634,#6635),(#6636,#6637,#6638,#6639,#6640,
#6641),(#6642,#6643,#6644,#6645,#6646,#6647),(#6648,#6649,#6650,#6651,#6652,
#6653),(#6654,#6655,#6656,#6657,#6658,#6659),(#6660,#6661,#6662,#6663,#6664,
#6665),(#6666,#6667,#6668,#6669,#6670,#6671)),.UNSPECIFIED.,.T.,.F.,.F.,
(4,1,1,1,2,1,1,1,1,1,2,1,1,1,2,1,1,1,1,2,1,1,1,2,1,1,1,1,2,1,1,1,2,1,4),
(4,1,1,4),(0.,0.0103211233081906,0.0206422466163813,0.0283830890975243,
0.0412844932327626,0.0492441783879033,0.0572038635430441,0.0731232338533256,
0.104961974473889,0.168639455715015,0.295994418197267,0.301154979851362,
0.316636664813648,0.326957788121839,0.337278911430029,0.342363945447841,
0.347448979465652,0.357619047501276,0.418639455715015,0.5,0.505160561654096,
0.520642246616381,0.536123931578667,0.541284493232763,0.573123233853326,
0.604961974473889,0.668639455715015,0.764155677576704,0.795994418197266,
0.801154979851362,0.816636664813648,0.832118349775934,0.837278911430029,
0.918639455715015,1.),(0.,0.680391472764211,0.816469767317054,0.952548061869896),
 .UNSPECIFIED.);
#28=B_SPLINE_CURVE_WITH_KNOTS('',3,(#4227,#4228,#4229,#4230,#4231,#4232,
#4233,#4234,#4235,#4236,#4237,#4238,#4239,#4240,#4241,#4242,#4243,#4244,
#4245,#4246,#4247,#4248,#4249,#4250,#4251,#4252,#4253,#4254,#4255,#4256,
#4257,#4258,#4259,#4260,#4261,#4262,#4263,#4264,#4265,#4266,#4267,#4268,
#4269,#4270),.UNSPECIFIED.,.T.,.F.,(4,1,1,1,2,1,1,1,1,1,2,1,1,1,2,1,1,2,
1,1,1,2,1,1,1,1,1,1,2,1,1,1,2,1,4),(0.,0.00584280512522035,0.00934848820035257,
0.0140227323005288,0.0186969764007051,0.0364081049858663,0.0541192335710274,
0.0895414907413496,0.160386005081994,0.231230519422639,0.302075033763283,
0.306749277863459,0.311423521963636,0.3184348881139,0.320772010163988,0.34317550889349,
0.365579007622991,0.5,0.504674244100176,0.509348488200353,0.516359854350617,
0.518696976400705,0.536408104985866,0.58954149074135,0.660386005081994,
0.731230519422638,0.76665277659296,0.784363905178121,0.802075033763283,
0.804412155813371,0.811423521963635,0.816097766063811,0.820772010163988,
0.910386005081994,1.),.UNSPECIFIED.);
#29=B_SPLINE_CURVE_WITH_KNOTS('',3,(#4492,#4493,#4494,#4495,#4496,#4497,
#4498,#4499,#4500,#4501,#4502,#4503,#4504,#4505,#4506,#4507,#4508,#4509,
#4510,#4511,#4512,#4513,#4514,#4515,#4516,#4517,#4518,#4519,#4520,#4521,
#4522,#4523,#4524,#4525,#4526,#4527,#4528,#4529,#4530,#4531,#4532,#4533,
#4534,#4535,#4536,#4537,#4538,#4539,#4540,#4541,#4542,#4543,#4544,#4545,
#4546,#4547,#4548,#4549,#4550,#4551,#4552,#4553,#4554,#4555,#4556,#4557,
#4558,#4559,#4560,#4561,#4562,#4563,#4564,#4565,#4566,#4567,#4568,#4569,
#4570,#4571,#4572,#4573,#4574,#4575,#4576,#4577,#4578,#4579,#4580,#4581,
#4582,#4583,#4584,#4585,#4586,#4587,#4588,#4589,#4590,#4591,#4592,#4593,
#4594),.UNSPECIFIED.,.T.,.F.,(4,3,3,3,3,3,3,3,3,3,3,3,3,3,3,3,3,3,3,3,3,
3,3,3,3,3,3,3,3,3,3,3,3,3,4),(0.665385543471459,0.704690923308546,0.728274151210797,
0.759718455080467,0.791162758950136,0.910308036169523,1.02945331338891,
1.26774386782769,1.74432497670524,2.22090608558279,2.69748719446034,2.72893149833001,
2.76037580219967,2.80754225800418,2.82326440993901,2.97397592750131,3.12468744506361,
4.02895655043741,4.06040085430708,4.09184515817675,4.13901161398125,4.15473376591608,
4.27387904313547,4.63131487479363,5.10789598367118,5.58447709254873,5.82276764698751,
5.94191292420689,6.06105820142628,6.07678035336111,6.12394680916562,6.15539111303529,
6.18683541690496,6.78968148715415,7.39252755740335),.UNSPECIFIED.);
#30=B_SPLINE_CURVE_WITH_KNOTS('',3,(#5875,#5876,#5877,#5878,#5879,#5880,
#5881),.UNSPECIFIED.,.F.,.F.,(4,1,1,1,4),(0.,0.00601713406758836,0.0120342681351767,
0.0180514022027651,0.0240685362703534),.UNSPECIFIED.);
#31=B_SPLINE_CURVE_WITH_KNOTS('',3,(#5883,#5884,#5885,#5886,#5887,#5888,
#5889,#5890,#5891,#5892,#5893,#5894,#5895,#5896,#5897,#5898,#5899,#5900,
#5901,#5902,#5903,#5904,#5905,#5906,#5907,#5908,#5909,#5910,#5911,#5912,
#5913,#5914,#5915,#5916,#5917,#5918,#5919,#5920,#5921),.UNSPECIFIED.,.F.,
 .F.,(4,1,1,1,1,1,1,1,1,1,1,1,1,1,1,1,1,1,1,1,1,1,1,1,1,1,1,1,1,1,1,1,1,
1,1,1,4),(0.0240685362703534,0.0261728673756604,0.0282771984809674,0.0324858606915814,
0.0409031851128094,0.0493205095340373,0.0577378339552653,0.0661551583764932,
0.0745724827977212,0.0829898072189492,0.0914071316401771,0.0998244560614051,
0.108241780482633,0.116659104903861,0.125076429325089,0.133493753746317,
0.141911078167545,0.150328402588773,0.158745727010001,0.167163051431229,
0.175580375852457,0.183997700273685,0.192415024694913,0.200832349116141,
0.209249673537369,0.217666997958597,0.226084322379825,0.234501646801053,
0.24291897122228,0.247127633432894,0.251336295643508,0.259753620064736,
0.268170944485964,0.272379606696578,0.276588268907192,0.28500559332842,
0.293422917749648),.UNSPECIFIED.);
#32=B_SPLINE_CURVE_WITH_KNOTS('',3,(#5923,#5924,#5925,#5926,#5927,#5928,
#5929,#5930,#5931),.UNSPECIFIED.,.F.,.F.,(4,1,1,1,1,1,4),(0.293422917749648,
0.295458573398264,0.29749422904688,0.301565540344113,0.309708162938577,
0.317850785533042,0.325993408127506),.UNSPECIFIED.);
#33=B_SPLINE_CURVE_WITH_KNOTS('',3,(#5933,#5934,#5935,#5936,#5937,#5938,
#5939,#5940,#5941,#5942,#5943,#5944,#5945,#5946,#5947,#5948,#5949,#5950,
#5951,#5952,#5953,#5954,#5955,#5956,#5957,#5958,#5959,#5960,#5961,#5962,
#5963,#5964,#5965,#5966,#5967,#5968,#5969,#5970,#5971,#5972),
 .UNSPECIFIED.,.F.,.F.,(4,1,1,1,1,1,1,1,1,1,1,1,1,1,1,1,1,1,1,1,1,1,1,1,
1,1,1,1,1,1,1,1,1,1,1,1,1,4),(0.325993408127506,0.328579212949024,0.331165017770542,
0.336336627413578,0.341508237056614,0.34667984669965,0.351851456342686,
0.357023065985723,0.362194675628759,0.367366285271795,0.372537894914831,
0.377709504557867,0.382881114200903,0.388052723843939,0.393224333486975,
0.398395943130011,0.403567552773047,0.408739162416083,0.413910772059119,
0.419082381702155,0.424253991345191,0.429425600988227,0.434597210631263,
0.439768820274299,0.444940429917336,0.450112039560372,0.455283649203408,
0.460455258846444,0.46562686848948,0.470798478132516,0.472091380543275,
0.473384282954034,0.475970087775552,0.47855589259707,0.481141697418588,
0.483727502240106,0.486313307061624,0.49148491670466),.UNSPECIFIED.);
#34=B_SPLINE_CURVE_WITH_KNOTS('',3,(#5974,#5975,#5976,#5977,#5978,#5979,
#5980,#5981,#5982,#5983),.UNSPECIFIED.,.F.,.F.,(4,1,1,1,1,1,1,4),(0.49148491670466,
0.49352237730684,0.495559837909021,0.499634759113382,0.503709680317743,
0.507784601522104,0.515934443930826,0.524084286339548),.UNSPECIFIED.);
#35=B_SPLINE_CURVE_WITH_KNOTS('',3,(#5985,#5986,#5987,#5988,#5989,#5990,
#5991,#5992,#5993,#5994,#5995,#5996,#5997,#5998,#5999,#6000,#6001,#6002,
#6003,#6004,#6005,#6006,#6007,#6008,#6009,#6010,#6011,#6012,#6013,#6014,
#6015,#6016,#6017,#6018,#6019,#6020,#6021,#6022,#6023,#6024,#6025,#6026,
#6027,#6028,#6029,#6030,#6031,#6032,#6033,#6034,#6035,#6036,#6037,#6038,
#6039,#6040,#6041,#6042,#6043,#6044,#6045,#6046,#6047,#6048,#6049,#6050,
#6051,#6052,#6053),.UNSPECIFIED.,.F.,.F.,(4,1,1,1,1,1,1,1,1,1,1,1,1,1,1,
1,1,1,1,1,1,1,1,1,1,1,1,1,1,1,1,1,1,1,1,1,1,1,1,1,1,1,1,1,1,1,1,1,1,1,1,
1,1,1,1,1,1,1,1,1,1,1,1,1,1,1,4),(0.524084286339548,0.526188664522613,0.528293042705679,
0.53250179907181,0.534606177254875,0.536710555437941,0.540919311804071,
0.545128068170202,0.549336824536333,0.553545580902464,0.557754337268595,
0.561963093634726,0.566171850000856,0.570380606366987,0.574589362733118,
0.578798119099249,0.58300687546538,0.58721563183151,0.591424388197641,0.595633144563772,
0.599841900929903,0.604050657296034,0.608259413662165,0.612468170028295,
0.616676926394426,0.620885682760557,0.625094439126688,0.629303195492819,
0.63351195185895,0.63772070822508,0.641929464591211,0.646138220957342,0.650346977323473,
0.654555733689604,0.658764490055735,0.662973246421865,0.667182002787996,
0.671390759154127,0.675599515520258,0.679808271886389,0.68401702825252,
0.68822578461865,0.692434540984781,0.696643297350912,0.700852053717043,
0.705060810083174,0.709269566449305,0.713478322815435,0.717687079181566,
0.721895835547697,0.726104591913828,0.730313348279959,0.73452210464609,
0.738730861012221,0.742939617378351,0.747148373744482,0.751357130110613,
0.755565886476744,0.759774642842875,0.763983399209005,0.768192155575136,
0.772400911941267,0.776609668307398,0.780818424673529,0.78502718103966,
0.78923593740579,0.793444693771921),.UNSPECIFIED.);
#36=B_SPLINE_CURVE_WITH_KNOTS('',3,(#6055,#6056,#6057,#6058,#6059,#6060,
#6061,#6062,#6063,#6064),.UNSPECIFIED.,.F.,.F.,(4,1,1,1,1,1,1,4),(0.793444693771921,
0.795480348063722,0.797516002355522,0.801587310939123,0.809729928106325,
0.817872545273528,0.821943853857129,0.82601516244073),.UNSPECIFIED.);
#37=B_SPLINE_CURVE_WITH_KNOTS('',3,(#6066,#6067,#6068,#6069,#6070,#6071,
#6072,#6073,#6074,#6075,#6076,#6077,#6078,#6079,#6080,#6081,#6082,#6083,
#6084,#6085,#6086,#6087,#6088,#6089,#6090,#6091,#6092,#6093,#6094,#6095,
#6096,#6097,#6098,#6099,#6100,#6101,#6102,#6103,#6104,#6105,#6106,#6107,
#6108,#6109,#6110,#6111,#6112,#6113,#6114,#6115,#6116,#6117,#6118,#6119,
#6120,#6121,#6122,#6123,#6124,#6125,#6126,#6127,#6128,#6129,#6130,#6131,
#6132,#6133,#6134,#6135,#6136,#6137,#6138,#6139,#6140,#6141,#6142,#6143,
#6144,#6145,#6146),.UNSPECIFIED.,.F.,.F.,(4,1,1,1,1,1,1,1,1,1,1,1,1,1,1,
1,1,1,1,1,1,1,1,1,1,1,1,1,1,1,1,1,1,1,1,1,1,1,1,1,1,1,1,1,1,1,1,1,1,1,1,
1,1,1,1,1,1,1,1,1,1,1,1,1,1,1,1,1,1,1,1,1,1,1,1,1,1,1,4),(0.82601516244073,
0.828600959253909,0.831186756067089,0.836358349693448,0.841529943319807,
0.846701536946166,0.851873130572525,0.854458927385704,0.855105376588999,
0.855751825792294,0.856398274995589,0.857044724198884,0.862216317825243,
0.867387911451602,0.872559505077961,0.87773109870432,0.908760660462475,
0.913932254088833,0.919103847715193,0.924275441341552,0.929447034967911,
0.93461862859427,0.939790222220629,0.944961815846988,0.950133409473347,
0.955305003099706,0.960476596726065,0.965648190352424,0.970819783978783,
0.970981396279607,0.97114300858043,0.971466233182078,0.972112682385373,
0.973405580791963,0.975991377605142,0.977284276011732,0.977607500613379,
0.977930725215027,0.978253949816674,0.978577174418322,0.979870072824911,
0.981162971231501,0.982455869638091,0.983748768044681,0.984395217247976,
0.98504166645127,0.98633456485786,0.986496177158684,0.986657789459508,0.986981014061155,
0.98762746326445,0.98892036167104,0.989081973971863,0.989243586272687,0.989566810874335,
0.989728423175158,0.989890035475982,0.990213260077629,0.990374872378453,
0.990536484679277,0.990698096980101,0.990859709280924,0.990940515431336,
0.991021321581748,0.99110212773216,0.991182933882572,0.991223336957778,
0.991263740032984,0.991344546183395,0.991384949258601,0.991425352333807,
0.99144555387141,0.991455654640212,0.991465755409013,0.991485956946616,
0.991496057715418,0.991501108099818,0.991503633292019,0.991506158484219),
 .UNSPECIFIED.);
#38=B_SPLINE_CURVE_WITH_KNOTS('',3,(#6147,#6148,#6149,#6150,#6151,#6152),
 .UNSPECIFIED.,.F.,.F.,(4,1,1,4),(0.991506158484219,0.993629618863164,0.99575307924211,
1.),.UNSPECIFIED.);
#39=B_SPLINE_CURVE_WITH_KNOTS('',3,(#6153,#6154,#6155,#6156,#6157,#6158,
#6159,#6160,#6161,#6162,#6163,#6164,#6165,#6166,#6167,#6168,#6169,#6170,
#6171,#6172,#6173,#6174,#6175,#6176,#6177,#6178,#6179,#6180,#6181,#6182,
#6183,#6184,#6185,#6186,#6187,#6188,#6189,#6190,#6191,#6192,#6193,#6194,
#6195,#6196,#6197,#6198,#6199,#6200,#6201,#6202,#6203,#6204,#6205,#6206,
#6207,#6208,#6209,#6210,#6211,#6212,#6213,#6214,#6215,#6216,#6217,#6218,
#6219,#6220,#6221,#6222,#6223,#6224,#6225,#6226,#6227,#6228,#6229,#6230,
#6231,#6232,#6233,#6234,#6235,#6236,#6237,#6238,#6239,#6240,#6241,#6242,
#6243,#6244,#6245,#6246,#6247,#6248,#6249,#6250,#6251,#6252,#6253,#6254,
#6255,#6256,#6257,#6258,#6259,#6260,#6261,#6262,#6263,#6264,#6265,#6266,
#6267,#6268,#6269,#6270,#6271,#6272,#6273,#6274,#6275,#6276,#6277,#6278,
#6279,#6280,#6281,#6282,#6283,#6284,#6285,#6286,#6287,#6288,#6289,#6290,
#6291,#6292,#6293,#6294,#6295,#6296,#6297,#6298,#6299,#6300,#6301,#6302,
#6303,#6304,#6305,#6306,#6307,#6308,#6309,#6310,#6311,#6312,#6313,#6314,
#6315,#6316,#6317,#6318,#6319,#6320,#6321,#6322,#6323,#6324,#6325,#6326,
#6327,#6328,#6329,#6330,#6331,#6332,#6333,#6334,#6335,#6336,#6337,#6338,
#6339,#6340,#6341,#6342,#6343,#6344,#6345,#6346,#6347,#6348,#6349,#6350,
#6351,#6352,#6353,#6354,#6355,#6356,#6357,#6358,#6359,#6360,#6361,#6362,
#6363,#6364,#6365,#6366,#6367,#6368,#6369,#6370,#6371,#6372,#6373,#6374,
#6375,#6376,#6377,#6378,#6379,#6380,#6381,#6382,#6383,#6384,#6385,#6386,
#6387,#6388,#6389,#6390,#6391,#6392,#6393,#6394,#6395,#6396,#6397,#6398,
#6399,#6400,#6401,#6402,#6403,#6404,#6405,#6406,#6407),.UNSPECIFIED.,.T.,
 .F.,(4,1,1,2,1,1,1,1,1,1,1,1,1,1,1,1,1,1,1,1,1,1,1,1,1,1,1,1,1,1,1,1,1,
1,1,1,1,1,1,1,1,1,1,1,1,1,1,1,1,1,1,1,1,1,1,1,1,1,1,1,1,1,1,1,1,1,1,1,1,
1,1,1,1,1,1,1,1,1,1,1,1,2,1,1,1,1,1,1,2,1,1,1,1,1,1,1,1,1,1,1,1,1,1,1,1,
1,1,1,1,1,1,1,1,1,1,1,1,1,1,1,1,1,1,1,1,1,1,1,1,1,1,1,1,1,1,1,1,1,1,1,1,
1,1,1,1,1,1,1,1,1,1,1,1,1,2,1,1,1,1,1,1,2,1,1,1,1,1,1,1,1,1,1,1,1,1,1,1,
1,1,1,1,1,1,1,1,1,1,1,1,1,1,1,1,1,1,1,1,1,2,1,1,1,1,1,2,1,1,1,1,1,1,1,1,
1,1,1,1,1,1,1,1,1,1,1,1,1,1,1,1,1,1,1,1,1,1,1,1,1,1,1,2,1,1,1,4),(-1.,-0.99575307924211,
-0.993629618863164,-0.991506158484219,-0.991503633292019,-0.991501108099818,
-0.991496057715418,-0.991485956946616,-0.991465755409013,-0.991455654640212,
-0.99144555387141,-0.991425352333807,-0.991384949258601,-0.991344546183395,
-0.991263740032984,-0.991223336957778,-0.991182933882572,-0.99110212773216,
-0.991021321581748,-0.990940515431336,-0.990859709280924,-0.990698096980101,
-0.990536484679277,-0.990374872378453,-0.990213260077629,-0.989890035475982,
-0.989728423175158,-0.989566810874335,-0.989243586272687,-0.989081973971863,
-0.98892036167104,-0.98762746326445,-0.986981014061155,-0.986657789459508,
-0.986496177158684,-0.98633456485786,-0.98504166645127,-0.984395217247976,
-0.983748768044681,-0.982455869638091,-0.981162971231501,-0.979870072824911,
-0.978577174418322,-0.978253949816674,-0.977930725215027,-0.977607500613379,
-0.977284276011732,-0.975991377605142,-0.973405580791963,-0.972112682385373,
-0.971466233182078,-0.97114300858043,-0.970981396279607,-0.970819783978783,
-0.965648190352424,-0.960476596726065,-0.955305003099706,-0.950133409473347,
-0.944961815846988,-0.939790222220629,-0.93461862859427,-0.929447034967911,
-0.924275441341552,-0.919103847715193,-0.913932254088833,-0.908760660462475,
-0.87773109870432,-0.872559505077961,-0.867387911451602,-0.862216317825243,
-0.857044724198884,-0.856398274995589,-0.855751825792294,-0.855105376588999,
-0.854458927385704,-0.851873130572525,-0.846701536946166,-0.841529943319807,
-0.836358349693448,-0.831186756067089,-0.828600959253909,-0.82601516244073,
-0.821943853857129,-0.817872545273528,-0.809729928106325,-0.801587310939123,
-0.797516002355522,-0.795480348063722,-0.793444693771921,-0.78923593740579,
-0.78502718103966,-0.780818424673529,-0.776609668307398,-0.772400911941267,
-0.768192155575136,-0.763983399209005,-0.759774642842875,-0.755565886476744,
-0.751357130110613,-0.747148373744482,-0.742939617378351,-0.738730861012221,
-0.73452210464609,-0.730313348279959,-0.726104591913828,-0.721895835547697,
-0.717687079181566,-0.713478322815435,-0.709269566449305,-0.705060810083174,
-0.700852053717043,-0.696643297350912,-0.692434540984781,-0.68822578461865,
-0.68401702825252,-0.679808271886389,-0.675599515520258,-0.671390759154127,
-0.667182002787996,-0.662973246421865,-0.658764490055735,-0.654555733689604,
-0.650346977323473,-0.646138220957342,-0.641929464591211,-0.63772070822508,
-0.63351195185895,-0.629303195492819,-0.625094439126688,-0.620885682760557,
-0.616676926394426,-0.612468170028295,-0.608259413662165,-0.604050657296034,
-0.599841900929903,-0.595633144563772,-0.591424388197641,-0.58721563183151,
-0.58300687546538,-0.578798119099249,-0.574589362733118,-0.570380606366987,
-0.566171850000856,-0.561963093634726,-0.557754337268595,-0.553545580902464,
-0.549336824536333,-0.545128068170202,-0.540919311804071,-0.536710555437941,
-0.534606177254875,-0.53250179907181,-0.528293042705679,-0.526188664522613,
-0.524084286339548,-0.515934443930826,-0.507784601522104,-0.503709680317743,
-0.499634759113382,-0.495559837909021,-0.49352237730684,-0.49148491670466,
-0.486313307061624,-0.483727502240106,-0.481141697418588,-0.47855589259707,
-0.475970087775552,-0.473384282954034,-0.472091380543275,-0.470798478132516,
-0.46562686848948,-0.460455258846444,-0.455283649203408,-0.450112039560372,
-0.444940429917336,-0.439768820274299,-0.434597210631263,-0.429425600988227,
-0.424253991345191,-0.419082381702155,-0.413910772059119,-0.408739162416083,
-0.403567552773047,-0.398395943130011,-0.393224333486975,-0.388052723843939,
-0.382881114200903,-0.377709504557867,-0.372537894914831,-0.367366285271795,
-0.362194675628759,-0.357023065985723,-0.351851456342686,-0.34667984669965,
-0.341508237056614,-0.336336627413578,-0.331165017770542,-0.328579212949024,
-0.325993408127506,-0.317850785533042,-0.309708162938577,-0.301565540344113,
-0.29749422904688,-0.295458573398264,-0.293422917749648,-0.28500559332842,
-0.276588268907192,-0.272379606696578,-0.268170944485964,-0.259753620064736,
-0.251336295643508,-0.247127633432894,-0.24291897122228,-0.234501646801053,
-0.226084322379825,-0.217666997958597,-0.209249673537369,-0.200832349116141,
-0.192415024694913,-0.183997700273685,-0.175580375852457,-0.167163051431229,
-0.158745727010001,-0.150328402588773,-0.141911078167545,-0.133493753746317,
-0.125076429325089,-0.116659104903861,-0.108241780482633,-0.0998244560614051,
-0.0914071316401771,-0.0829898072189492,-0.0745724827977212,-0.0661551583764932,
-0.0577378339552653,-0.0493205095340373,-0.0409031851128094,-0.0324858606915814,
-0.0282771984809674,-0.0261728673756604,-0.0240685362703534,-0.0180514022027651,
-0.0120342681351767,-0.00601713406758836,0.),.UNSPECIFIED.);
#40=B_SPLINE_CURVE_WITH_KNOTS('',3,(#6674,#6675,#6676,#6677,#6678,#6679,
#6680,#6681,#6682,#6683,#6684,#6685,#6686,#6687,#6688,#6689,#6690,#6691,
#6692,#6693,#6694,#6695,#6696,#6697,#6698,#6699,#6700,#6701,#6702,#6703,
#6704,#6705,#6706,#6707,#6708,#6709,#6710,#6711,#6712,#6713,#6714,#6715,
#6716,#6717),.UNSPECIFIED.,.T.,.F.,(4,1,1,1,2,1,1,1,1,1,2,1,1,1,2,1,1,1,
1,2,1,1,1,2,1,1,1,1,2,1,1,1,2,1,4),(0.,0.0103211233081906,0.0206422466163813,
0.0283830890975243,0.0412844932327626,0.0492441783879033,0.0572038635430441,
0.0731232338533256,0.104961974473889,0.168639455715015,0.295994418197267,
0.301154979851362,0.316636664813648,0.326957788121839,0.337278911430029,
0.342363945447841,0.347448979465652,0.357619047501276,0.418639455715015,
0.5,0.505160561654096,0.520642246616381,0.536123931578667,0.541284493232763,
0.573123233853326,0.604961974473889,0.668639455715015,0.764155677576704,
0.795994418197266,0.801154979851362,0.816636664813648,0.832118349775934,
0.837278911430029,0.918639455715015,1.),.UNSPECIFIED.);
#41=FACE_BOUND('',#367,.T.);
#42=FACE_BOUND('',#369,.T.);
#43=FACE_BOUND('',#374,.T.);
#44=FACE_BOUND('',#375,.T.);
#45=FACE_BOUND('',#376,.T.);
#46=FACE_BOUND('',#377,.T.);
#47=FACE_BOUND('',#378,.T.);
#48=FACE_BOUND('',#380,.T.);
#49=CIRCLE('',#2835,3.5);
#50=CIRCLE('',#2836,3.5);
#51=CIRCLE('',#2839,0.599999999999999);
#52=CYLINDRICAL_SURFACE('',#2834,3.5);
#53=PLANE('',#2790);
#54=PLANE('',#2791);
#55=PLANE('',#2792);
#56=PLANE('',#2793);
#57=PLANE('',#2794);
#58=PLANE('',#2795);
#59=PLANE('',#2796);
#60=PLANE('',#2797);
#61=PLANE('',#2798);
#62=PLANE('',#2799);
#63=PLANE('',#2800);
#64=PLANE('',#2801);
#65=PLANE('',#2802);
#66=PLANE('',#2803);
#67=PLANE('',#2804);
#68=PLANE('',#2805);
#69=PLANE('',#2806);
#70=PLANE('',#2807);
#71=PLANE('',#2808);
#72=PLANE('',#2809);
#73=PLANE('',#2810);
#74=PLANE('',#2811);
#75=PLANE('',#2812);
#76=PLANE('',#2813);
#77=PLANE('',#2814);
#78=PLANE('',#2815);
#79=PLANE('',#2816);
#80=PLANE('',#2817);
#81=PLANE('',#2818);
#82=PLANE('',#2819);
#83=PLANE('',#2820);
#84=PLANE('',#2821);
#85=PLANE('',#2822);
#86=PLANE('',#2823);
#87=PLANE('',#2824);
#88=PLANE('',#2825);
#89=PLANE('',#2826);
#90=PLANE('',#2827);
#91=PLANE('',#2828);
#92=PLANE('',#2829);
#93=PLANE('',#2830);
#94=PLANE('',#2831);
#95=PLANE('',#2832);
#96=PLANE('',#2833);
#97=PLANE('',#2837);
#98=PLANE('',#2838);
#99=PLANE('',#2840);
#100=PLANE('',#2841);
#101=PLANE('',#2842);
#102=PLANE('',#2843);
#103=PLANE('',#2844);
#104=PLANE('',#2845);
#105=PLANE('',#2846);
#106=PLANE('',#2847);
#107=PLANE('',#2848);
#108=PLANE('',#2849);
#109=PLANE('',#2850);
#110=PLANE('',#2851);
#111=PLANE('',#2852);
#112=PLANE('',#2853);
#113=PLANE('',#2854);
#114=PLANE('',#2855);
#115=PLANE('',#2856);
#116=PLANE('',#2857);
#117=PLANE('',#2858);
#118=PLANE('',#2859);
#119=PLANE('',#2860);
#120=PLANE('',#2861);
#121=PLANE('',#2862);
#122=PLANE('',#2863);
#123=PLANE('',#2864);
#124=PLANE('',#2865);
#125=FACE_OUTER_BOUND('',#281,.T.);
#126=FACE_OUTER_BOUND('',#282,.T.);
#127=FACE_OUTER_BOUND('',#283,.T.);
#128=FACE_OUTER_BOUND('',#284,.T.);
#129=FACE_OUTER_BOUND('',#285,.T.);
#130=FACE_OUTER_BOUND('',#286,.T.);
#131=FACE_OUTER_BOUND('',#287,.T.);
#132=FACE_OUTER_BOUND('',#288,.T.);
#133=FACE_OUTER_BOUND('',#289,.T.);
#134=FACE_OUTER_BOUND('',#290,.T.);
#135=FACE_OUTER_BOUND('',#291,.T.);
#136=FACE_OUTER_BOUND('',#292,.T.);
#137=FACE_OUTER_BOUND('',#293,.T.);
#138=FACE_OUTER_BOUND('',#294,.T.);
#139=FACE_OUTER_BOUND('',#295,.T.);
#140=FACE_OUTER_BOUND('',#296,.T.);
#141=FACE_OUTER_BOUND('',#297,.T.);
#142=FACE_OUTER_BOUND('',#298,.T.);
#143=FACE_OUTER_BOUND('',#299,.T.);
#144=FACE_OUTER_BOUND('',#300,.T.);
#145=FACE_OUTER_BOUND('',#301,.T.);
#146=FACE_OUTER_BOUND('',#302,.T.);
#147=FACE_OUTER_BOUND('',#303,.T.);
#148=FACE_OUTER_BOUND('',#304,.T.);
#149=FACE_OUTER_BOUND('',#305,.T.);
#150=FACE_OUTER_BOUND('',#306,.T.);
#151=FACE_OUTER_BOUND('',#307,.T.);
#152=FACE_OUTER_BOUND('',#308,.T.);
#153=FACE_OUTER_BOUND('',#309,.T.);
#154=FACE_OUTER_BOUND('',#310,.T.);
#155=FACE_OUTER_BOUND('',#311,.T.);
#156=FACE_OUTER_BOUND('',#312,.T.);
#157=FACE_OUTER_BOUND('',#313,.T.);
#158=FACE_OUTER_BOUND('',#314,.T.);
#159=FACE_OUTER_BOUND('',#315,.T.);
#160=FACE_OUTER_BOUND('',#316,.T.);
#161=FACE_OUTER_BOUND('',#317,.T.);
#162=FACE_OUTER_BOUND('',#318,.T.);
#163=FACE_OUTER_BOUND('',#319,.T.);
#164=FACE_OUTER_BOUND('',#320,.T.);
#165=FACE_OUTER_BOUND('',#321,.T.);
#166=FACE_OUTER_BOUND('',#322,.T.);
#167=FACE_OUTER_BOUND('',#323,.T.);
#168=FACE_OUTER_BOUND('',#324,.T.);
#169=FACE_OUTER_BOUND('',#325,.T.);
#170=FACE_OUTER_BOUND('',#326,.T.);
#171=FACE_OUTER_BOUND('',#327,.T.);
#172=FACE_OUTER_BOUND('',#328,.T.);
#173=FACE_OUTER_BOUND('',#329,.T.);
#174=FACE_OUTER_BOUND('',#330,.T.);
#175=FACE_OUTER_BOUND('',#331,.T.);
#176=FACE_OUTER_BOUND('',#332,.T.);
#177=FACE_OUTER_BOUND('',#333,.T.);
#178=FACE_OUTER_BOUND('',#334,.T.);
#179=FACE_OUTER_BOUND('',#335,.T.);
#180=FACE_OUTER_BOUND('',#336,.T.);
#181=FACE_OUTER_BOUND('',#337,.T.);
#182=FACE_OUTER_BOUND('',#338,.T.);
#183=FACE_OUTER_BOUND('',#339,.T.);
#184=FACE_OUTER_BOUND('',#340,.T.);
#185=FACE_OUTER_BOUND('',#341,.T.);
#186=FACE_OUTER_BOUND('',#342,.T.);
#187=FACE_OUTER_BOUND('',#343,.T.);
#188=FACE_OUTER_BOUND('',#344,.T.);
#189=FACE_OUTER_BOUND('',#345,.T.);
#190=FACE_OUTER_BOUND('',#346,.T.);
#191=FACE_OUTER_BOUND('',#347,.T.);
#192=FACE_OUTER_BOUND('',#348,.T.);
#193=FACE_OUTER_BOUND('',#349,.T.);
#194=FACE_OUTER_BOUND('',#350,.T.);
#195=FACE_OUTER_BOUND('',#351,.T.);
#196=FACE_OUTER_BOUND('',#352,.T.);
#197=FACE_OUTER_BOUND('',#353,.T.);
#198=FACE_OUTER_BOUND('',#354,.T.);
#199=FACE_OUTER_BOUND('',#355,.T.);
#200=FACE_OUTER_BOUND('',#356,.T.);
#201=FACE_OUTER_BOUND('',#357,.T.);
#202=FACE_OUTER_BOUND('',#358,.T.);
#203=FACE_OUTER_BOUND('',#359,.T.);
#204=FACE_OUTER_BOUND('',#360,.T.);
#205=FACE_OUTER_BOUND('',#361,.T.);
#206=FACE_OUTER_BOUND('',#362,.T.);
#207=FACE_OUTER_BOUND('',#363,.T.);
#208=FACE_OUTER_BOUND('',#364,.T.);
#209=FACE_OUTER_BOUND('',#365,.T.);
#210=FACE_OUTER_BOUND('',#366,.T.);
#211=FACE_OUTER_BOUND('',#368,.T.);
#212=FACE_OUTER_BOUND('',#370,.T.);
#213=FACE_OUTER_BOUND('',#371,.T.);
#214=FACE_OUTER_BOUND('',#372,.T.);
#215=FACE_OUTER_BOUND('',#373,.T.);
#216=FACE_OUTER_BOUND('',#379,.T.);
#217=FACE_OUTER_BOUND('',#381,.T.);
#218=FACE_OUTER_BOUND('',#382,.T.);
#219=FACE_OUTER_BOUND('',#383,.T.);
#220=FACE_OUTER_BOUND('',#384,.T.);
#221=FACE_OUTER_BOUND('',#385,.T.);
#222=FACE_OUTER_BOUND('',#386,.T.);
#223=FACE_OUTER_BOUND('',#387,.T.);
#224=FACE_OUTER_BOUND('',#388,.T.);
#225=FACE_OUTER_BOUND('',#389,.T.);
#226=FACE_OUTER_BOUND('',#390,.T.);
#227=FACE_OUTER_BOUND('',#391,.T.);
#228=FACE_OUTER_BOUND('',#392,.T.);
#229=FACE_OUTER_BOUND('',#393,.T.);
#230=FACE_OUTER_BOUND('',#394,.T.);
#231=FACE_OUTER_BOUND('',#395,.T.);
#232=FACE_OUTER_BOUND('',#396,.T.);
#233=FACE_OUTER_BOUND('',#397,.T.);
#234=FACE_OUTER_BOUND('',#398,.T.);
#235=FACE_OUTER_BOUND('',#399,.T.);
#236=FACE_OUTER_BOUND('',#400,.T.);
#237=FACE_OUTER_BOUND('',#401,.T.);
#238=FACE_OUTER_BOUND('',#402,.T.);
#239=FACE_OUTER_BOUND('',#403,.T.);
#240=FACE_OUTER_BOUND('',#404,.T.);
#241=FACE_OUTER_BOUND('',#405,.T.);
#242=FACE_OUTER_BOUND('',#406,.T.);
#243=FACE_OUTER_BOUND('',#407,.T.);
#244=FACE_OUTER_BOUND('',#408,.T.);
#245=FACE_OUTER_BOUND('',#409,.T.);
#246=FACE_OUTER_BOUND('',#410,.T.);
#247=FACE_OUTER_BOUND('',#411,.T.);
#248=FACE_OUTER_BOUND('',#412,.T.);
#249=FACE_OUTER_BOUND('',#413,.T.);
#250=FACE_OUTER_BOUND('',#414,.T.);
#251=FACE_OUTER_BOUND('',#415,.T.);
#252=FACE_OUTER_BOUND('',#416,.T.);
#253=FACE_OUTER_BOUND('',#417,.T.);
#254=FACE_OUTER_BOUND('',#418,.T.);
#255=FACE_OUTER_BOUND('',#419,.T.);
#256=FACE_OUTER_BOUND('',#420,.T.);
#257=FACE_OUTER_BOUND('',#421,.T.);
#258=FACE_OUTER_BOUND('',#422,.T.);
#259=FACE_OUTER_BOUND('',#423,.T.);
#260=FACE_OUTER_BOUND('',#424,.T.);
#261=FACE_OUTER_BOUND('',#425,.T.);
#262=FACE_OUTER_BOUND('',#426,.T.);
#263=FACE_OUTER_BOUND('',#427,.T.);
#264=FACE_OUTER_BOUND('',#428,.T.);
#265=FACE_OUTER_BOUND('',#429,.T.);
#266=FACE_OUTER_BOUND('',#430,.T.);
#267=FACE_OUTER_BOUND('',#431,.T.);
#268=FACE_OUTER_BOUND('',#432,.T.);
#269=FACE_OUTER_BOUND('',#433,.T.);
#270=FACE_OUTER_BOUND('',#434,.T.);
#271=FACE_OUTER_BOUND('',#435,.T.);
#272=FACE_OUTER_BOUND('',#436,.T.);
#273=FACE_OUTER_BOUND('',#437,.T.);
#274=FACE_OUTER_BOUND('',#438,.T.);
#275=FACE_OUTER_BOUND('',#439,.T.);
#276=FACE_OUTER_BOUND('',#440,.T.);
#277=FACE_OUTER_BOUND('',#441,.T.);
#278=FACE_OUTER_BOUND('',#442,.T.);
#279=FACE_OUTER_BOUND('',#443,.T.);
#280=FACE_OUTER_BOUND('',#444,.T.);
#281=EDGE_LOOP('',(#1729,#1730,#1731,#1732));
#282=EDGE_LOOP('',(#1733,#1734,#1735,#1736));
#283=EDGE_LOOP('',(#1737,#1738,#1739,#1740));
#284=EDGE_LOOP('',(#1741,#1742,#1743,#1744));
#285=EDGE_LOOP('',(#1745,#1746,#1747,#1748));
#286=EDGE_LOOP('',(#1749,#1750,#1751,#1752));
#287=EDGE_LOOP('',(#1753,#1754,#1755,#1756));
#288=EDGE_LOOP('',(#1757,#1758,#1759,#1760));
#289=EDGE_LOOP('',(#1761,#1762,#1763,#1764,#1765,#1766,#1767,#1768));
#290=EDGE_LOOP('',(#1769,#1770,#1771,#1772));
#291=EDGE_LOOP('',(#1773,#1774,#1775,#1776));
#292=EDGE_LOOP('',(#1777,#1778,#1779,#1780));
#293=EDGE_LOOP('',(#1781,#1782,#1783,#1784));
#294=EDGE_LOOP('',(#1785,#1786,#1787,#1788));
#295=EDGE_LOOP('',(#1789,#1790,#1791,#1792));
#296=EDGE_LOOP('',(#1793,#1794,#1795,#1796));
#297=EDGE_LOOP('',(#1797,#1798,#1799,#1800));
#298=EDGE_LOOP('',(#1801,#1802,#1803,#1804));
#299=EDGE_LOOP('',(#1805,#1806,#1807,#1808));
#300=EDGE_LOOP('',(#1809,#1810,#1811,#1812));
#301=EDGE_LOOP('',(#1813,#1814,#1815,#1816));
#302=EDGE_LOOP('',(#1817,#1818,#1819,#1820));
#303=EDGE_LOOP('',(#1821,#1822,#1823,#1824));
#304=EDGE_LOOP('',(#1825,#1826,#1827,#1828));
#305=EDGE_LOOP('',(#1829,#1830,#1831,#1832,#1833,#1834,#1835,#1836,#1837,
#1838,#1839,#1840,#1841,#1842,#1843));
#306=EDGE_LOOP('',(#1844,#1845,#1846,#1847));
#307=EDGE_LOOP('',(#1848,#1849,#1850,#1851));
#308=EDGE_LOOP('',(#1852,#1853,#1854,#1855));
#309=EDGE_LOOP('',(#1856,#1857,#1858,#1859));
#310=EDGE_LOOP('',(#1860,#1861,#1862,#1863));
#311=EDGE_LOOP('',(#1864,#1865,#1866,#1867));
#312=EDGE_LOOP('',(#1868,#1869,#1870,#1871));
#313=EDGE_LOOP('',(#1872,#1873,#1874,#1875));
#314=EDGE_LOOP('',(#1876,#1877,#1878,#1879));
#315=EDGE_LOOP('',(#1880,#1881,#1882,#1883));
#316=EDGE_LOOP('',(#1884,#1885,#1886,#1887));
#317=EDGE_LOOP('',(#1888,#1889,#1890,#1891));
#318=EDGE_LOOP('',(#1892,#1893,#1894,#1895,#1896,#1897,#1898,#1899,#1900,
#1901,#1902,#1903));
#319=EDGE_LOOP('',(#1904,#1905,#1906,#1907));
#320=EDGE_LOOP('',(#1908,#1909,#1910,#1911));
#321=EDGE_LOOP('',(#1912,#1913,#1914,#1915));
#322=EDGE_LOOP('',(#1916,#1917,#1918,#1919));
#323=EDGE_LOOP('',(#1920,#1921,#1922,#1923));
#324=EDGE_LOOP('',(#1924,#1925,#1926,#1927));
#325=EDGE_LOOP('',(#1928,#1929,#1930,#1931));
#326=EDGE_LOOP('',(#1932,#1933,#1934,#1935));
#327=EDGE_LOOP('',(#1936,#1937,#1938,#1939));
#328=EDGE_LOOP('',(#1940,#1941,#1942,#1943));
#329=EDGE_LOOP('',(#1944,#1945,#1946,#1947));
#330=EDGE_LOOP('',(#1948,#1949,#1950,#1951));
#331=EDGE_LOOP('',(#1952,#1953,#1954,#1955));
#332=EDGE_LOOP('',(#1956,#1957,#1958,#1959));
#333=EDGE_LOOP('',(#1960,#1961,#1962,#1963,#1964,#1965,#1966,#1967,#1968,
#1969,#1970,#1971,#1972,#1973));
#334=EDGE_LOOP('',(#1974,#1975,#1976,#1977));
#335=EDGE_LOOP('',(#1978,#1979,#1980,#1981));
#336=EDGE_LOOP('',(#1982,#1983,#1984,#1985));
#337=EDGE_LOOP('',(#1986,#1987,#1988,#1989));
#338=EDGE_LOOP('',(#1990,#1991,#1992,#1993));
#339=EDGE_LOOP('',(#1994,#1995,#1996,#1997,#1998));
#340=EDGE_LOOP('',(#1999,#2000,#2001,#2002));
#341=EDGE_LOOP('',(#2003,#2004,#2005,#2006));
#342=EDGE_LOOP('',(#2007,#2008,#2009,#2010));
#343=EDGE_LOOP('',(#2011,#2012,#2013,#2014));
#344=EDGE_LOOP('',(#2015,#2016,#2017,#2018));
#345=EDGE_LOOP('',(#2019,#2020,#2021,#2022));
#346=EDGE_LOOP('',(#2023,#2024,#2025,#2026));
#347=EDGE_LOOP('',(#2027,#2028,#2029,#2030));
#348=EDGE_LOOP('',(#2031,#2032,#2033,#2034));
#349=EDGE_LOOP('',(#2035,#2036,#2037,#2038));
#350=EDGE_LOOP('',(#2039,#2040,#2041,#2042));
#351=EDGE_LOOP('',(#2043,#2044,#2045,#2046));
#352=EDGE_LOOP('',(#2047,#2048,#2049,#2050));
#353=EDGE_LOOP('',(#2051,#2052,#2053,#2054));
#354=EDGE_LOOP('',(#2055,#2056,#2057,#2058));
#355=EDGE_LOOP('',(#2059,#2060,#2061,#2062));
#356=EDGE_LOOP('',(#2063,#2064,#2065,#2066));
#357=EDGE_LOOP('',(#2067,#2068,#2069,#2070));
#358=EDGE_LOOP('',(#2071,#2072,#2073,#2074));
#359=EDGE_LOOP('',(#2075,#2076,#2077,#2078));
#360=EDGE_LOOP('',(#2079,#2080,#2081,#2082));
#361=EDGE_LOOP('',(#2083,#2084,#2085,#2086));
#362=EDGE_LOOP('',(#2087,#2088,#2089,#2090));
#363=EDGE_LOOP('',(#2091,#2092,#2093,#2094));
#364=EDGE_LOOP('',(#2095,#2096,#2097,#2098,#2099,#2100,#2101,#2102,#2103,
#2104,#2105,#2106));
#365=EDGE_LOOP('',(#2107,#2108,#2109,#2110));
#366=EDGE_LOOP('',(#2111));
#367=EDGE_LOOP('',(#2112,#2113,#2114,#2115,#2116,#2117,#2118,#2119,#2120,
#2121,#2122,#2123));
#368=EDGE_LOOP('',(#2124));
#369=EDGE_LOOP('',(#2125));
#370=EDGE_LOOP('',(#2126,#2127,#2128,#2129));
#371=EDGE_LOOP('',(#2130,#2131,#2132,#2133,#2134,#2135,#2136,#2137,#2138,
#2139,#2140,#2141));
#372=EDGE_LOOP('',(#2142,#2143,#2144,#2145,#2146,#2147,#2148,#2149,#2150,
#2151,#2152,#2153));
#373=EDGE_LOOP('',(#2154));
#374=EDGE_LOOP('',(#2155,#2156,#2157,#2158,#2159));
#375=EDGE_LOOP('',(#2160,#2161,#2162,#2163,#2164,#2165,#2166,#2167,#2168,
#2169,#2170,#2171,#2172,#2173));
#376=EDGE_LOOP('',(#2174,#2175,#2176,#2177,#2178,#2179,#2180,#2181,#2182,
#2183,#2184,#2185));
#377=EDGE_LOOP('',(#2186,#2187,#2188,#2189,#2190,#2191,#2192,#2193,#2194,
#2195,#2196,#2197,#2198,#2199,#2200));
#378=EDGE_LOOP('',(#2201,#2202,#2203,#2204,#2205,#2206,#2207,#2208));
#379=EDGE_LOOP('',(#2209));
#380=EDGE_LOOP('',(#2210));
#381=EDGE_LOOP('',(#2211,#2212,#2213,#2214));
#382=EDGE_LOOP('',(#2215,#2216,#2217,#2218));
#383=EDGE_LOOP('',(#2219,#2220,#2221,#2222));
#384=EDGE_LOOP('',(#2223,#2224,#2225,#2226));
#385=EDGE_LOOP('',(#2227,#2228,#2229,#2230));
#386=EDGE_LOOP('',(#2231,#2232,#2233,#2234));
#387=EDGE_LOOP('',(#2235,#2236,#2237,#2238));
#388=EDGE_LOOP('',(#2239,#2240,#2241,#2242));
#389=EDGE_LOOP('',(#2243,#2244,#2245,#2246,#2247,#2248,#2249,#2250));
#390=EDGE_LOOP('',(#2251,#2252,#2253,#2254,#2255,#2256,#2257,#2258));
#391=EDGE_LOOP('',(#2259,#2260,#2261,#2262));
#392=EDGE_LOOP('',(#2263,#2264,#2265,#2266));
#393=EDGE_LOOP('',(#2267,#2268,#2269,#2270));
#394=EDGE_LOOP('',(#2271,#2272,#2273,#2274));
#395=EDGE_LOOP('',(#2275,#2276,#2277,#2278));
#396=EDGE_LOOP('',(#2279,#2280,#2281,#2282));
#397=EDGE_LOOP('',(#2283,#2284,#2285,#2286));
#398=EDGE_LOOP('',(#2287,#2288,#2289,#2290));
#399=EDGE_LOOP('',(#2291,#2292,#2293,#2294));
#400=EDGE_LOOP('',(#2295,#2296,#2297,#2298));
#401=EDGE_LOOP('',(#2299,#2300,#2301,#2302));
#402=EDGE_LOOP('',(#2303,#2304,#2305,#2306));
#403=EDGE_LOOP('',(#2307,#2308,#2309,#2310));
#404=EDGE_LOOP('',(#2311,#2312,#2313,#2314));
#405=EDGE_LOOP('',(#2315,#2316,#2317,#2318));
#406=EDGE_LOOP('',(#2319,#2320,#2321,#2322,#2323,#2324,#2325,#2326,#2327,
#2328,#2329,#2330,#2331,#2332,#2333));
#407=EDGE_LOOP('',(#2334,#2335,#2336,#2337,#2338,#2339,#2340,#2341,#2342,
#2343,#2344,#2345,#2346,#2347,#2348));
#408=EDGE_LOOP('',(#2349,#2350,#2351,#2352));
#409=EDGE_LOOP('',(#2353,#2354,#2355,#2356));
#410=EDGE_LOOP('',(#2357,#2358,#2359,#2360));
#411=EDGE_LOOP('',(#2361,#2362,#2363,#2364));
#412=EDGE_LOOP('',(#2365,#2366,#2367,#2368));
#413=EDGE_LOOP('',(#2369,#2370,#2371,#2372));
#414=EDGE_LOOP('',(#2373,#2374,#2375,#2376));
#415=EDGE_LOOP('',(#2377,#2378,#2379,#2380));
#416=EDGE_LOOP('',(#2381,#2382,#2383,#2384));
#417=EDGE_LOOP('',(#2385,#2386,#2387,#2388));
#418=EDGE_LOOP('',(#2389,#2390,#2391,#2392));
#419=EDGE_LOOP('',(#2393,#2394,#2395,#2396));
#420=EDGE_LOOP('',(#2397,#2398,#2399,#2400,#2401,#2402,#2403,#2404,#2405,
#2406,#2407,#2408));
#421=EDGE_LOOP('',(#2409,#2410,#2411,#2412,#2413,#2414,#2415,#2416,#2417,
#2418,#2419,#2420));
#422=EDGE_LOOP('',(#2421,#2422,#2423,#2424));
#423=EDGE_LOOP('',(#2425,#2426,#2427,#2428));
#424=EDGE_LOOP('',(#2429,#2430,#2431,#2432));
#425=EDGE_LOOP('',(#2433,#2434,#2435,#2436));
#426=EDGE_LOOP('',(#2437,#2438,#2439,#2440));
#427=EDGE_LOOP('',(#2441,#2442,#2443,#2444));
#428=EDGE_LOOP('',(#2445,#2446,#2447,#2448));
#429=EDGE_LOOP('',(#2449,#2450,#2451,#2452));
#430=EDGE_LOOP('',(#2453,#2454,#2455,#2456));
#431=EDGE_LOOP('',(#2457,#2458,#2459,#2460));
#432=EDGE_LOOP('',(#2461,#2462,#2463,#2464));
#433=EDGE_LOOP('',(#2465,#2466,#2467,#2468));
#434=EDGE_LOOP('',(#2469,#2470,#2471,#2472));
#435=EDGE_LOOP('',(#2473,#2474,#2475,#2476));
#436=EDGE_LOOP('',(#2477,#2478,#2479,#2480,#2481,#2482,#2483,#2484,#2485,
#2486,#2487,#2488,#2489,#2490));
#437=EDGE_LOOP('',(#2491,#2492,#2493,#2494,#2495,#2496,#2497,#2498,#2499,
#2500,#2501,#2502,#2503,#2504));
#438=EDGE_LOOP('',(#2505,#2506,#2507,#2508));
#439=EDGE_LOOP('',(#2509,#2510,#2511,#2512));
#440=EDGE_LOOP('',(#2513,#2514,#2515,#2516));
#441=EDGE_LOOP('',(#2517,#2518,#2519,#2520));
#442=EDGE_LOOP('',(#2521,#2522,#2523,#2524));
#443=EDGE_LOOP('',(#2525,#2526,#2527,#2528,#2529));
#444=EDGE_LOOP('',(#2530,#2531,#2532,#2533,#2534));
#445=LINE('',#3263,#672);
#446=LINE('',#3269,#673);
#447=LINE('',#3272,#674);
#448=LINE('',#3274,#675);
#449=LINE('',#3275,#676);
#450=LINE('',#3290,#677);
#451=LINE('',#3309,#678);
#452=LINE('',#3328,#679);
#453=LINE('',#3335,#680);
#454=LINE('',#3337,#681);
#455=LINE('',#3338,#682);
#456=LINE('',#3341,#683);
#457=LINE('',#3343,#684);
#458=LINE('',#3344,#685);
#459=LINE('',#3377,#686);
#460=LINE('',#3383,#687);
#461=LINE('',#3398,#688);
#462=LINE('',#3405,#689);
#463=LINE('',#3407,#690);
#464=LINE('',#3408,#691);
#465=LINE('',#3423,#692);
#466=LINE('',#3442,#693);
#467=LINE('',#3461,#694);
#468=LINE('',#3480,#695);
#469=LINE('',#3499,#696);
#470=LINE('',#3518,#697);
#471=LINE('',#3525,#698);
#472=LINE('',#3527,#699);
#473=LINE('',#3528,#700);
#474=LINE('',#3543,#701);
#475=LINE('',#3562,#702);
#476=LINE('',#3581,#703);
#477=LINE('',#3588,#704);
#478=LINE('',#3590,#705);
#479=LINE('',#3591,#706);
#480=LINE('',#3593,#707);
#481=LINE('',#3594,#708);
#482=LINE('',#3599,#709);
#483=LINE('',#3601,#710);
#484=LINE('',#3603,#711);
#485=LINE('',#3604,#712);
#486=LINE('',#3619,#713);
#487=LINE('',#3638,#714);
#488=LINE('',#3657,#715);
#489=LINE('',#3676,#716);
#490=LINE('',#3695,#717);
#491=LINE('',#3702,#718);
#492=LINE('',#3704,#719);
#493=LINE('',#3705,#720);
#494=LINE('',#3708,#721);
#495=LINE('',#3710,#722);
#496=LINE('',#3711,#723);
#497=LINE('',#3726,#724);
#498=LINE('',#3745,#725);
#499=LINE('',#3764,#726);
#500=LINE('',#3770,#727);
#501=LINE('',#3771,#728);
#502=LINE('',#3788,#729);
#503=LINE('',#3794,#730);
#504=LINE('',#3809,#731);
#505=LINE('',#3816,#732);
#506=LINE('',#3818,#733);
#507=LINE('',#3819,#734);
#508=LINE('',#3834,#735);
#509=LINE('',#3853,#736);
#510=LINE('',#3860,#737);
#511=LINE('',#3862,#738);
#512=LINE('',#3863,#739);
#513=LINE('',#3878,#740);
#514=LINE('',#3897,#741);
#515=LINE('',#3916,#742);
#516=LINE('',#3923,#743);
#517=LINE('',#3925,#744);
#518=LINE('',#3926,#745);
#519=LINE('',#3941,#746);
#520=LINE('',#3960,#747);
#521=LINE('',#3979,#748);
#522=LINE('',#4016,#749);
#523=LINE('',#4022,#750);
#524=LINE('',#4037,#751);
#525=LINE('',#4056,#752);
#526=LINE('',#4075,#753);
#527=LINE('',#4100,#754);
#528=LINE('',#4102,#755);
#529=LINE('',#4104,#756);
#530=LINE('',#4105,#757);
#531=LINE('',#4108,#758);
#532=LINE('',#4110,#759);
#533=LINE('',#4111,#760);
#534=LINE('',#4114,#761);
#535=LINE('',#4116,#762);
#536=LINE('',#4117,#763);
#537=LINE('',#4120,#764);
#538=LINE('',#4122,#765);
#539=LINE('',#4123,#766);
#540=LINE('',#4126,#767);
#541=LINE('',#4128,#768);
#542=LINE('',#4129,#769);
#543=LINE('',#4132,#770);
#544=LINE('',#4134,#771);
#545=LINE('',#4135,#772);
#546=LINE('',#4138,#773);
#547=LINE('',#4140,#774);
#548=LINE('',#4141,#775);
#549=LINE('',#4144,#776);
#550=LINE('',#4146,#777);
#551=LINE('',#4147,#778);
#552=LINE('',#4150,#779);
#553=LINE('',#4152,#780);
#554=LINE('',#4153,#781);
#555=LINE('',#4156,#782);
#556=LINE('',#4158,#783);
#557=LINE('',#4159,#784);
#558=LINE('',#4162,#785);
#559=LINE('',#4164,#786);
#560=LINE('',#4165,#787);
#561=LINE('',#4167,#788);
#562=LINE('',#4168,#789);
#563=LINE('',#4171,#790);
#564=LINE('',#4173,#791);
#565=LINE('',#4174,#792);
#566=LINE('',#4177,#793);
#567=LINE('',#4178,#794);
#568=LINE('',#4181,#795);
#569=LINE('',#4182,#796);
#570=LINE('',#4185,#797);
#571=LINE('',#4186,#798);
#572=LINE('',#4189,#799);
#573=LINE('',#4190,#800);
#574=LINE('',#4193,#801);
#575=LINE('',#4194,#802);
#576=LINE('',#4197,#803);
#577=LINE('',#4198,#804);
#578=LINE('',#4201,#805);
#579=LINE('',#4202,#806);
#580=LINE('',#4205,#807);
#581=LINE('',#4206,#808);
#582=LINE('',#4209,#809);
#583=LINE('',#4210,#810);
#584=LINE('',#4213,#811);
#585=LINE('',#4214,#812);
#586=LINE('',#4216,#813);
#587=LINE('',#4222,#814);
#588=LINE('',#4595,#815);
#589=LINE('',#6673,#816);
#590=LINE('',#6735,#817);
#591=LINE('',#6741,#818);
#592=LINE('',#6744,#819);
#593=LINE('',#6746,#820);
#594=LINE('',#6747,#821);
#595=LINE('',#6766,#822);
#596=LINE('',#6785,#823);
#597=LINE('',#6804,#824);
#598=LINE('',#6807,#825);
#599=LINE('',#6809,#826);
#600=LINE('',#6810,#827);
#601=LINE('',#6813,#828);
#602=LINE('',#6815,#829);
#603=LINE('',#6816,#830);
#604=LINE('',#6850,#831);
#605=LINE('',#6856,#832);
#606=LINE('',#6875,#833);
#607=LINE('',#6878,#834);
#608=LINE('',#6880,#835);
#609=LINE('',#6881,#836);
#610=LINE('',#6900,#837);
#611=LINE('',#6919,#838);
#612=LINE('',#6938,#839);
#613=LINE('',#6957,#840);
#614=LINE('',#6976,#841);
#615=LINE('',#6995,#842);
#616=LINE('',#6998,#843);
#617=LINE('',#7000,#844);
#618=LINE('',#7001,#845);
#619=LINE('',#7020,#846);
#620=LINE('',#7039,#847);
#621=LINE('',#7058,#848);
#622=LINE('',#7061,#849);
#623=LINE('',#7063,#850);
#624=LINE('',#7064,#851);
#625=LINE('',#7066,#852);
#626=LINE('',#7067,#853);
#627=LINE('',#7073,#854);
#628=LINE('',#7075,#855);
#629=LINE('',#7077,#856);
#630=LINE('',#7078,#857);
#631=LINE('',#7097,#858);
#632=LINE('',#7116,#859);
#633=LINE('',#7135,#860);
#634=LINE('',#7154,#861);
#635=LINE('',#7173,#862);
#636=LINE('',#7176,#863);
#637=LINE('',#7178,#864);
#638=LINE('',#7179,#865);
#639=LINE('',#7182,#866);
#640=LINE('',#7184,#867);
#641=LINE('',#7185,#868);
#642=LINE('',#7204,#869);
#643=LINE('',#7223,#870);
#644=LINE('',#7242,#871);
#645=LINE('',#7244,#872);
#646=LINE('',#7245,#873);
#647=LINE('',#7263,#874);
#648=LINE('',#7269,#875);
#649=LINE('',#7288,#876);
#650=LINE('',#7291,#877);
#651=LINE('',#7293,#878);
#652=LINE('',#7294,#879);
#653=LINE('',#7313,#880);
#654=LINE('',#7332,#881);
#655=LINE('',#7335,#882);
#656=LINE('',#7337,#883);
#657=LINE('',#7338,#884);
#658=LINE('',#7357,#885);
#659=LINE('',#7376,#886);
#660=LINE('',#7395,#887);
#661=LINE('',#7398,#888);
#662=LINE('',#7400,#889);
#663=LINE('',#7401,#890);
#664=LINE('',#7420,#891);
#665=LINE('',#7439,#892);
#666=LINE('',#7458,#893);
#667=LINE('',#7492,#894);
#668=LINE('',#7498,#895);
#669=LINE('',#7517,#896);
#670=LINE('',#7536,#897);
#671=LINE('',#7555,#898);
#672=VECTOR('',#2868,10.);
#673=VECTOR('',#2869,10.);
#674=VECTOR('',#2872,10.);
#675=VECTOR('',#2873,10.);
#676=VECTOR('',#2874,10.);
#677=VECTOR('',#2875,10.);
#678=VECTOR('',#2876,10.);
#679=VECTOR('',#2877,10.);
#680=VECTOR('',#2880,10.);
#681=VECTOR('',#2881,10.);
#682=VECTOR('',#2882,10.);
#683=VECTOR('',#2885,10.);
#684=VECTOR('',#2886,10.);
#685=VECTOR('',#2887,10.);
#686=VECTOR('',#2890,10.);
#687=VECTOR('',#2891,10.);
#688=VECTOR('',#2892,10.);
#689=VECTOR('',#2895,10.);
#690=VECTOR('',#2896,10.);
#691=VECTOR('',#2897,10.);
#692=VECTOR('',#2898,10.);
#693=VECTOR('',#2899,10.);
#694=VECTOR('',#2900,10.);
#695=VECTOR('',#2901,10.);
#696=VECTOR('',#2902,10.);
#697=VECTOR('',#2903,10.);
#698=VECTOR('',#2906,10.);
#699=VECTOR('',#2907,10.);
#700=VECTOR('',#2908,10.);
#701=VECTOR('',#2909,10.);
#702=VECTOR('',#2910,10.);
#703=VECTOR('',#2911,10.);
#704=VECTOR('',#2914,10.);
#705=VECTOR('',#2915,10.);
#706=VECTOR('',#2916,10.);
#707=VECTOR('',#2919,10.);
#708=VECTOR('',#2920,10.);
#709=VECTOR('',#2925,10.);
#710=VECTOR('',#2926,10.);
#711=VECTOR('',#2927,10.);
#712=VECTOR('',#2928,10.);
#713=VECTOR('',#2929,10.);
#714=VECTOR('',#2930,10.);
#715=VECTOR('',#2931,10.);
#716=VECTOR('',#2932,10.);
#717=VECTOR('',#2933,10.);
#718=VECTOR('',#2936,10.);
#719=VECTOR('',#2937,10.);
#720=VECTOR('',#2938,10.);
#721=VECTOR('',#2941,10.);
#722=VECTOR('',#2942,10.);
#723=VECTOR('',#2943,10.);
#724=VECTOR('',#2944,10.);
#725=VECTOR('',#2945,10.);
#726=VECTOR('',#2946,10.);
#727=VECTOR('',#2949,10.);
#728=VECTOR('',#2950,10.);
#729=VECTOR('',#2953,10.);
#730=VECTOR('',#2954,10.);
#731=VECTOR('',#2955,10.);
#732=VECTOR('',#2958,10.);
#733=VECTOR('',#2959,10.);
#734=VECTOR('',#2960,10.);
#735=VECTOR('',#2961,10.);
#736=VECTOR('',#2962,10.);
#737=VECTOR('',#2965,10.);
#738=VECTOR('',#2966,10.);
#739=VECTOR('',#2967,10.);
#740=VECTOR('',#2968,10.);
#741=VECTOR('',#2969,10.);
#742=VECTOR('',#2970,10.);
#743=VECTOR('',#2973,10.);
#744=VECTOR('',#2974,10.);
#745=VECTOR('',#2975,10.);
#746=VECTOR('',#2976,10.);
#747=VECTOR('',#2977,10.);
#748=VECTOR('',#2978,10.);
#749=VECTOR('',#2981,10.);
#750=VECTOR('',#2982,10.);
#751=VECTOR('',#2983,10.);
#752=VECTOR('',#2984,10.);
#753=VECTOR('',#2985,10.);
#754=VECTOR('',#2990,10.);
#755=VECTOR('',#2991,10.);
#756=VECTOR('',#2992,10.);
#757=VECTOR('',#2993,10.);
#758=VECTOR('',#2996,10.);
#759=VECTOR('',#2997,10.);
#760=VECTOR('',#2998,10.);
#761=VECTOR('',#3001,10.);
#762=VECTOR('',#3002,10.);
#763=VECTOR('',#3003,10.);
#764=VECTOR('',#3006,10.);
#765=VECTOR('',#3007,10.);
#766=VECTOR('',#3008,10.);
#767=VECTOR('',#3011,10.);
#768=VECTOR('',#3012,10.);
#769=VECTOR('',#3013,10.);
#770=VECTOR('',#3016,10.);
#771=VECTOR('',#3017,10.);
#772=VECTOR('',#3018,10.);
#773=VECTOR('',#3021,10.);
#774=VECTOR('',#3022,10.);
#775=VECTOR('',#3023,10.);
#776=VECTOR('',#3026,10.);
#777=VECTOR('',#3027,10.);
#778=VECTOR('',#3028,10.);
#779=VECTOR('',#3031,10.);
#780=VECTOR('',#3032,10.);
#781=VECTOR('',#3033,10.);
#782=VECTOR('',#3036,10.);
#783=VECTOR('',#3037,10.);
#784=VECTOR('',#3038,10.);
#785=VECTOR('',#3041,10.);
#786=VECTOR('',#3042,10.);
#787=VECTOR('',#3043,10.);
#788=VECTOR('',#3046,10.);
#789=VECTOR('',#3047,10.);
#790=VECTOR('',#3050,10.);
#791=VECTOR('',#3051,10.);
#792=VECTOR('',#3052,10.);
#793=VECTOR('',#3055,10.);
#794=VECTOR('',#3056,10.);
#795=VECTOR('',#3059,10.);
#796=VECTOR('',#3060,10.);
#797=VECTOR('',#3063,10.);
#798=VECTOR('',#3064,10.);
#799=VECTOR('',#3067,10.);
#800=VECTOR('',#3068,10.);
#801=VECTOR('',#3071,10.);
#802=VECTOR('',#3072,10.);
#803=VECTOR('',#3075,10.);
#804=VECTOR('',#3076,10.);
#805=VECTOR('',#3079,10.);
#806=VECTOR('',#3080,10.);
#807=VECTOR('',#3083,10.);
#808=VECTOR('',#3084,10.);
#809=VECTOR('',#3087,10.);
#810=VECTOR('',#3088,10.);
#811=VECTOR('',#3091,10.);
#812=VECTOR('',#3092,10.);
#813=VECTOR('',#3095,10.);
#814=VECTOR('',#3102,3.5);
#815=VECTOR('',#3109,8.68476827555001);
#816=VECTOR('',#3112,10.2225241501304);
#817=VECTOR('',#3117,10.);
#818=VECTOR('',#3118,10.);
#819=VECTOR('',#3121,10.);
#820=VECTOR('',#3122,10.);
#821=VECTOR('',#3123,10.);
#822=VECTOR('',#3124,10.);
#823=VECTOR('',#3125,10.);
#824=VECTOR('',#3126,10.);
#825=VECTOR('',#3129,10.);
#826=VECTOR('',#3130,10.);
#827=VECTOR('',#3131,10.);
#828=VECTOR('',#3134,10.);
#829=VECTOR('',#3135,10.);
#830=VECTOR('',#3136,10.);
#831=VECTOR('',#3141,10.);
#832=VECTOR('',#3142,10.);
#833=VECTOR('',#3143,10.);
#834=VECTOR('',#3146,10.);
#835=VECTOR('',#3147,10.);
#836=VECTOR('',#3148,10.);
#837=VECTOR('',#3149,10.);
#838=VECTOR('',#3150,10.);
#839=VECTOR('',#3151,10.);
#840=VECTOR('',#3152,10.);
#841=VECTOR('',#3153,10.);
#842=VECTOR('',#3154,10.);
#843=VECTOR('',#3157,10.);
#844=VECTOR('',#3158,10.);
#845=VECTOR('',#3159,10.);
#846=VECTOR('',#3160,10.);
#847=VECTOR('',#3161,10.);
#848=VECTOR('',#3162,10.);
#849=VECTOR('',#3165,10.);
#850=VECTOR('',#3166,10.);
#851=VECTOR('',#3167,10.);
#852=VECTOR('',#3170,10.);
#853=VECTOR('',#3171,10.);
#854=VECTOR('',#3178,10.);
#855=VECTOR('',#3179,10.);
#856=VECTOR('',#3180,10.);
#857=VECTOR('',#3181,10.);
#858=VECTOR('',#3182,10.);
#859=VECTOR('',#3183,10.);
#860=VECTOR('',#3184,10.);
#861=VECTOR('',#3185,10.);
#862=VECTOR('',#3186,10.);
#863=VECTOR('',#3189,10.);
#864=VECTOR('',#3190,10.);
#865=VECTOR('',#3191,10.);
#866=VECTOR('',#3194,10.);
#867=VECTOR('',#3195,10.);
#868=VECTOR('',#3196,10.);
#869=VECTOR('',#3197,10.);
#870=VECTOR('',#3198,10.);
#871=VECTOR('',#3199,10.);
#872=VECTOR('',#3202,10.);
#873=VECTOR('',#3203,10.);
#874=VECTOR('',#3208,10.);
#875=VECTOR('',#3209,10.);
#876=VECTOR('',#3210,10.);
#877=VECTOR('',#3213,10.);
#878=VECTOR('',#3214,10.);
#879=VECTOR('',#3215,10.);
#880=VECTOR('',#3216,10.);
#881=VECTOR('',#3217,10.);
#882=VECTOR('',#3220,10.);
#883=VECTOR('',#3221,10.);
#884=VECTOR('',#3222,10.);
#885=VECTOR('',#3223,10.);
#886=VECTOR('',#3224,10.);
#887=VECTOR('',#3225,10.);
#888=VECTOR('',#3228,10.);
#889=VECTOR('',#3229,10.);
#890=VECTOR('',#3230,10.);
#891=VECTOR('',#3231,10.);
#892=VECTOR('',#3232,10.);
#893=VECTOR('',#3233,10.);
#894=VECTOR('',#3238,10.);
#895=VECTOR('',#3239,10.);
#896=VECTOR('',#3240,10.);
#897=VECTOR('',#3241,10.);
#898=VECTOR('',#3242,10.);
#899=(
BOUNDED_CURVE()
B_SPLINE_CURVE(3,(#3258,#3259,#3260,#3261),.UNSPECIFIED.,.F.,.F.)
B_SPLINE_CURVE_WITH_KNOTS((4,4),(0.,1.),.UNSPECIFIED.)
CURVE()
GEOMETRIC_REPRESENTATION_ITEM()
RATIONAL_B_SPLINE_CURVE((1.,1.,1.,1.))
REPRESENTATION_ITEM('')
);
#900=(
BOUNDED_CURVE()
B_SPLINE_CURVE(3,(#3265,#3266,#3267,#3268),.UNSPECIFIED.,.F.,.F.)
B_SPLINE_CURVE_WITH_KNOTS((4,4),(0.,1.),.UNSPECIFIED.)
CURVE()
GEOMETRIC_REPRESENTATION_ITEM()
RATIONAL_B_SPLINE_CURVE((1.,1.,1.,1.))
REPRESENTATION_ITEM('')
);
#901=(
BOUNDED_CURVE()
B_SPLINE_CURVE(3,(#3285,#3286,#3287,#3288),.UNSPECIFIED.,.F.,.F.)
B_SPLINE_CURVE_WITH_KNOTS((4,4),(0.,1.),.UNSPECIFIED.)
CURVE()
GEOMETRIC_REPRESENTATION_ITEM()
RATIONAL_B_SPLINE_CURVE((1.,1.,1.,1.))
REPRESENTATION_ITEM('')
);
#902=(
BOUNDED_CURVE()
B_SPLINE_CURVE(3,(#3291,#3292,#3293,#3294),.UNSPECIFIED.,.F.,.F.)
B_SPLINE_CURVE_WITH_KNOTS((4,4),(0.,1.),.UNSPECIFIED.)
CURVE()
GEOMETRIC_REPRESENTATION_ITEM()
RATIONAL_B_SPLINE_CURVE((1.,1.,1.,1.))
REPRESENTATION_ITEM('')
);
#903=(
BOUNDED_CURVE()
B_SPLINE_CURVE(3,(#3304,#3305,#3306,#3307),.UNSPECIFIED.,.F.,.F.)
B_SPLINE_CURVE_WITH_KNOTS((4,4),(0.,1.),.UNSPECIFIED.)
CURVE()
GEOMETRIC_REPRESENTATION_ITEM()
RATIONAL_B_SPLINE_CURVE((1.,1.,1.,1.))
REPRESENTATION_ITEM('')
);
#904=(
BOUNDED_CURVE()
B_SPLINE_CURVE(3,(#3310,#3311,#3312,#3313),.UNSPECIFIED.,.F.,.F.)
B_SPLINE_CURVE_WITH_KNOTS((4,4),(0.,1.),.UNSPECIFIED.)
CURVE()
GEOMETRIC_REPRESENTATION_ITEM()
RATIONAL_B_SPLINE_CURVE((1.,1.,1.,1.))
REPRESENTATION_ITEM('')
);
#905=(
BOUNDED_CURVE()
B_SPLINE_CURVE(3,(#3323,#3324,#3325,#3326),.UNSPECIFIED.,.F.,.F.)
B_SPLINE_CURVE_WITH_KNOTS((4,4),(0.,1.),.UNSPECIFIED.)
CURVE()
GEOMETRIC_REPRESENTATION_ITEM()
RATIONAL_B_SPLINE_CURVE((1.,1.,1.,1.))
REPRESENTATION_ITEM('')
);
#906=(
BOUNDED_CURVE()
B_SPLINE_CURVE(3,(#3329,#3330,#3331,#3332),.UNSPECIFIED.,.F.,.F.)
B_SPLINE_CURVE_WITH_KNOTS((4,4),(0.,1.),.UNSPECIFIED.)
CURVE()
GEOMETRIC_REPRESENTATION_ITEM()
RATIONAL_B_SPLINE_CURVE((1.,1.,1.,1.))
REPRESENTATION_ITEM('')
);
#907=(
BOUNDED_CURVE()
B_SPLINE_CURVE(3,(#3353,#3354,#3355,#3356),.UNSPECIFIED.,.F.,.F.)
B_SPLINE_CURVE_WITH_KNOTS((4,4),(0.,1.),.UNSPECIFIED.)
CURVE()
GEOMETRIC_REPRESENTATION_ITEM()
RATIONAL_B_SPLINE_CURVE((1.,1.,1.,1.))
REPRESENTATION_ITEM('')
);
#908=(
BOUNDED_CURVE()
B_SPLINE_CURVE(3,(#3357,#3358,#3359,#3360),.UNSPECIFIED.,.F.,.F.)
B_SPLINE_CURVE_WITH_KNOTS((4,4),(0.,1.),.UNSPECIFIED.)
CURVE()
GEOMETRIC_REPRESENTATION_ITEM()
RATIONAL_B_SPLINE_CURVE((1.,1.,1.,1.))
REPRESENTATION_ITEM('')
);
#909=(
BOUNDED_CURVE()
B_SPLINE_CURVE(3,(#3372,#3373,#3374,#3375),.UNSPECIFIED.,.F.,.F.)
B_SPLINE_CURVE_WITH_KNOTS((4,4),(0.,1.),.UNSPECIFIED.)
CURVE()
GEOMETRIC_REPRESENTATION_ITEM()
RATIONAL_B_SPLINE_CURVE((1.,1.,1.,1.))
REPRESENTATION_ITEM('')
);
#910=(
BOUNDED_CURVE()
B_SPLINE_CURVE(3,(#3379,#3380,#3381,#3382),.UNSPECIFIED.,.F.,.F.)
B_SPLINE_CURVE_WITH_KNOTS((4,4),(0.,1.),.UNSPECIFIED.)
CURVE()
GEOMETRIC_REPRESENTATION_ITEM()
RATIONAL_B_SPLINE_CURVE((1.,1.,1.,1.))
REPRESENTATION_ITEM('')
);
#911=(
BOUNDED_CURVE()
B_SPLINE_CURVE(3,(#3393,#3394,#3395,#3396),.UNSPECIFIED.,.F.,.F.)
B_SPLINE_CURVE_WITH_KNOTS((4,4),(0.,1.),.UNSPECIFIED.)
CURVE()
GEOMETRIC_REPRESENTATION_ITEM()
RATIONAL_B_SPLINE_CURVE((1.,1.,1.,1.))
REPRESENTATION_ITEM('')
);
#912=(
BOUNDED_CURVE()
B_SPLINE_CURVE(3,(#3399,#3400,#3401,#3402),.UNSPECIFIED.,.F.,.F.)
B_SPLINE_CURVE_WITH_KNOTS((4,4),(0.,1.),.UNSPECIFIED.)
CURVE()
GEOMETRIC_REPRESENTATION_ITEM()
RATIONAL_B_SPLINE_CURVE((1.,1.,1.,1.))
REPRESENTATION_ITEM('')
);
#913=(
BOUNDED_CURVE()
B_SPLINE_CURVE(3,(#3418,#3419,#3420,#3421),.UNSPECIFIED.,.F.,.F.)
B_SPLINE_CURVE_WITH_KNOTS((4,4),(0.,1.),.UNSPECIFIED.)
CURVE()
GEOMETRIC_REPRESENTATION_ITEM()
RATIONAL_B_SPLINE_CURVE((1.,1.,1.,1.))
REPRESENTATION_ITEM('')
);
#914=(
BOUNDED_CURVE()
B_SPLINE_CURVE(3,(#3424,#3425,#3426,#3427),.UNSPECIFIED.,.F.,.F.)
B_SPLINE_CURVE_WITH_KNOTS((4,4),(0.,1.),.UNSPECIFIED.)
CURVE()
GEOMETRIC_REPRESENTATION_ITEM()
RATIONAL_B_SPLINE_CURVE((1.,1.,1.,1.))
REPRESENTATION_ITEM('')
);
#915=(
BOUNDED_CURVE()
B_SPLINE_CURVE(3,(#3437,#3438,#3439,#3440),.UNSPECIFIED.,.F.,.F.)
B_SPLINE_CURVE_WITH_KNOTS((4,4),(0.,1.),.UNSPECIFIED.)
CURVE()
GEOMETRIC_REPRESENTATION_ITEM()
RATIONAL_B_SPLINE_CURVE((1.,1.,1.,1.))
REPRESENTATION_ITEM('')
);
#916=(
BOUNDED_CURVE()
B_SPLINE_CURVE(3,(#3443,#3444,#3445,#3446),.UNSPECIFIED.,.F.,.F.)
B_SPLINE_CURVE_WITH_KNOTS((4,4),(0.,1.),.UNSPECIFIED.)
CURVE()
GEOMETRIC_REPRESENTATION_ITEM()
RATIONAL_B_SPLINE_CURVE((1.,1.,1.,1.))
REPRESENTATION_ITEM('')
);
#917=(
BOUNDED_CURVE()
B_SPLINE_CURVE(3,(#3456,#3457,#3458,#3459),.UNSPECIFIED.,.F.,.F.)
B_SPLINE_CURVE_WITH_KNOTS((4,4),(0.,1.),.UNSPECIFIED.)
CURVE()
GEOMETRIC_REPRESENTATION_ITEM()
RATIONAL_B_SPLINE_CURVE((1.,1.,1.,1.))
REPRESENTATION_ITEM('')
);
#918=(
BOUNDED_CURVE()
B_SPLINE_CURVE(3,(#3462,#3463,#3464,#3465),.UNSPECIFIED.,.F.,.F.)
B_SPLINE_CURVE_WITH_KNOTS((4,4),(0.,1.),.UNSPECIFIED.)
CURVE()
GEOMETRIC_REPRESENTATION_ITEM()
RATIONAL_B_SPLINE_CURVE((1.,1.,1.,1.))
REPRESENTATION_ITEM('')
);
#919=(
BOUNDED_CURVE()
B_SPLINE_CURVE(3,(#3475,#3476,#3477,#3478),.UNSPECIFIED.,.F.,.F.)
B_SPLINE_CURVE_WITH_KNOTS((4,4),(0.,1.),.UNSPECIFIED.)
CURVE()
GEOMETRIC_REPRESENTATION_ITEM()
RATIONAL_B_SPLINE_CURVE((1.,1.,1.,1.))
REPRESENTATION_ITEM('')
);
#920=(
BOUNDED_CURVE()
B_SPLINE_CURVE(3,(#3481,#3482,#3483,#3484),.UNSPECIFIED.,.F.,.F.)
B_SPLINE_CURVE_WITH_KNOTS((4,4),(0.,1.),.UNSPECIFIED.)
CURVE()
GEOMETRIC_REPRESENTATION_ITEM()
RATIONAL_B_SPLINE_CURVE((1.,1.,1.,1.))
REPRESENTATION_ITEM('')
);
#921=(
BOUNDED_CURVE()
B_SPLINE_CURVE(3,(#3494,#3495,#3496,#3497),.UNSPECIFIED.,.F.,.F.)
B_SPLINE_CURVE_WITH_KNOTS((4,4),(0.,1.),.UNSPECIFIED.)
CURVE()
GEOMETRIC_REPRESENTATION_ITEM()
RATIONAL_B_SPLINE_CURVE((1.,1.,1.,1.))
REPRESENTATION_ITEM('')
);
#922=(
BOUNDED_CURVE()
B_SPLINE_CURVE(3,(#3500,#3501,#3502,#3503),.UNSPECIFIED.,.F.,.F.)
B_SPLINE_CURVE_WITH_KNOTS((4,4),(0.,1.),.UNSPECIFIED.)
CURVE()
GEOMETRIC_REPRESENTATION_ITEM()
RATIONAL_B_SPLINE_CURVE((1.,1.,1.,1.))
REPRESENTATION_ITEM('')
);
#923=(
BOUNDED_CURVE()
B_SPLINE_CURVE(3,(#3513,#3514,#3515,#3516),.UNSPECIFIED.,.F.,.F.)
B_SPLINE_CURVE_WITH_KNOTS((4,4),(0.,1.),.UNSPECIFIED.)
CURVE()
GEOMETRIC_REPRESENTATION_ITEM()
RATIONAL_B_SPLINE_CURVE((1.,1.,1.,1.))
REPRESENTATION_ITEM('')
);
#924=(
BOUNDED_CURVE()
B_SPLINE_CURVE(3,(#3519,#3520,#3521,#3522),.UNSPECIFIED.,.F.,.F.)
B_SPLINE_CURVE_WITH_KNOTS((4,4),(0.,1.),.UNSPECIFIED.)
CURVE()
GEOMETRIC_REPRESENTATION_ITEM()
RATIONAL_B_SPLINE_CURVE((1.,1.,1.,1.))
REPRESENTATION_ITEM('')
);
#925=(
BOUNDED_CURVE()
B_SPLINE_CURVE(3,(#3538,#3539,#3540,#3541),.UNSPECIFIED.,.F.,.F.)
B_SPLINE_CURVE_WITH_KNOTS((4,4),(0.,1.),.UNSPECIFIED.)
CURVE()
GEOMETRIC_REPRESENTATION_ITEM()
RATIONAL_B_SPLINE_CURVE((1.,1.,1.,1.))
REPRESENTATION_ITEM('')
);
#926=(
BOUNDED_CURVE()
B_SPLINE_CURVE(3,(#3544,#3545,#3546,#3547),.UNSPECIFIED.,.F.,.F.)
B_SPLINE_CURVE_WITH_KNOTS((4,4),(0.,1.),.UNSPECIFIED.)
CURVE()
GEOMETRIC_REPRESENTATION_ITEM()
RATIONAL_B_SPLINE_CURVE((1.,1.,1.,1.))
REPRESENTATION_ITEM('')
);
#927=(
BOUNDED_CURVE()
B_SPLINE_CURVE(3,(#3557,#3558,#3559,#3560),.UNSPECIFIED.,.F.,.F.)
B_SPLINE_CURVE_WITH_KNOTS((4,4),(0.,1.),.UNSPECIFIED.)
CURVE()
GEOMETRIC_REPRESENTATION_ITEM()
RATIONAL_B_SPLINE_CURVE((1.,1.,1.,1.))
REPRESENTATION_ITEM('')
);
#928=(
BOUNDED_CURVE()
B_SPLINE_CURVE(3,(#3563,#3564,#3565,#3566),.UNSPECIFIED.,.F.,.F.)
B_SPLINE_CURVE_WITH_KNOTS((4,4),(0.,1.),.UNSPECIFIED.)
CURVE()
GEOMETRIC_REPRESENTATION_ITEM()
RATIONAL_B_SPLINE_CURVE((1.,1.,1.,1.))
REPRESENTATION_ITEM('')
);
#929=(
BOUNDED_CURVE()
B_SPLINE_CURVE(3,(#3576,#3577,#3578,#3579),.UNSPECIFIED.,.F.,.F.)
B_SPLINE_CURVE_WITH_KNOTS((4,4),(0.,1.),.UNSPECIFIED.)
CURVE()
GEOMETRIC_REPRESENTATION_ITEM()
RATIONAL_B_SPLINE_CURVE((1.,1.,1.,1.))
REPRESENTATION_ITEM('')
);
#930=(
BOUNDED_CURVE()
B_SPLINE_CURVE(3,(#3582,#3583,#3584,#3585),.UNSPECIFIED.,.F.,.F.)
B_SPLINE_CURVE_WITH_KNOTS((4,4),(0.,1.),.UNSPECIFIED.)
CURVE()
GEOMETRIC_REPRESENTATION_ITEM()
RATIONAL_B_SPLINE_CURVE((1.,1.,1.,1.))
REPRESENTATION_ITEM('')
);
#931=(
BOUNDED_CURVE()
B_SPLINE_CURVE(3,(#3614,#3615,#3616,#3617),.UNSPECIFIED.,.F.,.F.)
B_SPLINE_CURVE_WITH_KNOTS((4,4),(0.,1.),.UNSPECIFIED.)
CURVE()
GEOMETRIC_REPRESENTATION_ITEM()
RATIONAL_B_SPLINE_CURVE((1.,1.,1.,1.))
REPRESENTATION_ITEM('')
);
#932=(
BOUNDED_CURVE()
B_SPLINE_CURVE(3,(#3620,#3621,#3622,#3623),.UNSPECIFIED.,.F.,.F.)
B_SPLINE_CURVE_WITH_KNOTS((4,4),(0.,1.),.UNSPECIFIED.)
CURVE()
GEOMETRIC_REPRESENTATION_ITEM()
RATIONAL_B_SPLINE_CURVE((1.,1.,1.,1.))
REPRESENTATION_ITEM('')
);
#933=(
BOUNDED_CURVE()
B_SPLINE_CURVE(3,(#3633,#3634,#3635,#3636),.UNSPECIFIED.,.F.,.F.)
B_SPLINE_CURVE_WITH_KNOTS((4,4),(0.,1.),.UNSPECIFIED.)
CURVE()
GEOMETRIC_REPRESENTATION_ITEM()
RATIONAL_B_SPLINE_CURVE((1.,1.,1.,1.))
REPRESENTATION_ITEM('')
);
#934=(
BOUNDED_CURVE()
B_SPLINE_CURVE(3,(#3639,#3640,#3641,#3642),.UNSPECIFIED.,.F.,.F.)
B_SPLINE_CURVE_WITH_KNOTS((4,4),(0.,1.),.UNSPECIFIED.)
CURVE()
GEOMETRIC_REPRESENTATION_ITEM()
RATIONAL_B_SPLINE_CURVE((1.,1.,1.,1.))
REPRESENTATION_ITEM('')
);
#935=(
BOUNDED_CURVE()
B_SPLINE_CURVE(3,(#3652,#3653,#3654,#3655),.UNSPECIFIED.,.F.,.F.)
B_SPLINE_CURVE_WITH_KNOTS((4,4),(0.,1.),.UNSPECIFIED.)
CURVE()
GEOMETRIC_REPRESENTATION_ITEM()
RATIONAL_B_SPLINE_CURVE((1.,1.,1.,1.))
REPRESENTATION_ITEM('')
);
#936=(
BOUNDED_CURVE()
B_SPLINE_CURVE(3,(#3658,#3659,#3660,#3661),.UNSPECIFIED.,.F.,.F.)
B_SPLINE_CURVE_WITH_KNOTS((4,4),(0.,1.),.UNSPECIFIED.)
CURVE()
GEOMETRIC_REPRESENTATION_ITEM()
RATIONAL_B_SPLINE_CURVE((1.,1.,1.,1.))
REPRESENTATION_ITEM('')
);
#937=(
BOUNDED_CURVE()
B_SPLINE_CURVE(3,(#3671,#3672,#3673,#3674),.UNSPECIFIED.,.F.,.F.)
B_SPLINE_CURVE_WITH_KNOTS((4,4),(0.,1.),.UNSPECIFIED.)
CURVE()
GEOMETRIC_REPRESENTATION_ITEM()
RATIONAL_B_SPLINE_CURVE((1.,1.,1.,1.))
REPRESENTATION_ITEM('')
);
#938=(
BOUNDED_CURVE()
B_SPLINE_CURVE(3,(#3677,#3678,#3679,#3680),.UNSPECIFIED.,.F.,.F.)
B_SPLINE_CURVE_WITH_KNOTS((4,4),(0.,1.),.UNSPECIFIED.)
CURVE()
GEOMETRIC_REPRESENTATION_ITEM()
RATIONAL_B_SPLINE_CURVE((1.,1.,1.,1.))
REPRESENTATION_ITEM('')
);
#939=(
BOUNDED_CURVE()
B_SPLINE_CURVE(3,(#3690,#3691,#3692,#3693),.UNSPECIFIED.,.F.,.F.)
B_SPLINE_CURVE_WITH_KNOTS((4,4),(0.,1.),.UNSPECIFIED.)
CURVE()
GEOMETRIC_REPRESENTATION_ITEM()
RATIONAL_B_SPLINE_CURVE((1.,1.,1.,1.))
REPRESENTATION_ITEM('')
);
#940=(
BOUNDED_CURVE()
B_SPLINE_CURVE(3,(#3696,#3697,#3698,#3699),.UNSPECIFIED.,.F.,.F.)
B_SPLINE_CURVE_WITH_KNOTS((4,4),(0.,1.),.UNSPECIFIED.)
CURVE()
GEOMETRIC_REPRESENTATION_ITEM()
RATIONAL_B_SPLINE_CURVE((1.,1.,1.,1.))
REPRESENTATION_ITEM('')
);
#941=(
BOUNDED_CURVE()
B_SPLINE_CURVE(3,(#3721,#3722,#3723,#3724),.UNSPECIFIED.,.F.,.F.)
B_SPLINE_CURVE_WITH_KNOTS((4,4),(0.,1.),.UNSPECIFIED.)
CURVE()
GEOMETRIC_REPRESENTATION_ITEM()
RATIONAL_B_SPLINE_CURVE((1.,1.,1.,1.))
REPRESENTATION_ITEM('')
);
#942=(
BOUNDED_CURVE()
B_SPLINE_CURVE(3,(#3727,#3728,#3729,#3730),.UNSPECIFIED.,.F.,.F.)
B_SPLINE_CURVE_WITH_KNOTS((4,4),(0.,1.),.UNSPECIFIED.)
CURVE()
GEOMETRIC_REPRESENTATION_ITEM()
RATIONAL_B_SPLINE_CURVE((1.,1.,1.,1.))
REPRESENTATION_ITEM('')
);
#943=(
BOUNDED_CURVE()
B_SPLINE_CURVE(3,(#3740,#3741,#3742,#3743),.UNSPECIFIED.,.F.,.F.)
B_SPLINE_CURVE_WITH_KNOTS((4,4),(0.,1.),.UNSPECIFIED.)
CURVE()
GEOMETRIC_REPRESENTATION_ITEM()
RATIONAL_B_SPLINE_CURVE((1.,1.,1.,1.))
REPRESENTATION_ITEM('')
);
#944=(
BOUNDED_CURVE()
B_SPLINE_CURVE(3,(#3746,#3747,#3748,#3749),.UNSPECIFIED.,.F.,.F.)
B_SPLINE_CURVE_WITH_KNOTS((4,4),(0.,1.),.UNSPECIFIED.)
CURVE()
GEOMETRIC_REPRESENTATION_ITEM()
RATIONAL_B_SPLINE_CURVE((1.,1.,1.,1.))
REPRESENTATION_ITEM('')
);
#945=(
BOUNDED_CURVE()
B_SPLINE_CURVE(3,(#3759,#3760,#3761,#3762),.UNSPECIFIED.,.F.,.F.)
B_SPLINE_CURVE_WITH_KNOTS((4,4),(0.,1.),.UNSPECIFIED.)
CURVE()
GEOMETRIC_REPRESENTATION_ITEM()
RATIONAL_B_SPLINE_CURVE((1.,1.,1.,1.))
REPRESENTATION_ITEM('')
);
#946=(
BOUNDED_CURVE()
B_SPLINE_CURVE(3,(#3765,#3766,#3767,#3768),.UNSPECIFIED.,.F.,.F.)
B_SPLINE_CURVE_WITH_KNOTS((4,4),(0.,1.),.UNSPECIFIED.)
CURVE()
GEOMETRIC_REPRESENTATION_ITEM()
RATIONAL_B_SPLINE_CURVE((1.,1.,1.,1.))
REPRESENTATION_ITEM('')
);
#947=(
BOUNDED_CURVE()
B_SPLINE_CURVE(3,(#3783,#3784,#3785,#3786),.UNSPECIFIED.,.F.,.F.)
B_SPLINE_CURVE_WITH_KNOTS((4,4),(0.,1.),.UNSPECIFIED.)
CURVE()
GEOMETRIC_REPRESENTATION_ITEM()
RATIONAL_B_SPLINE_CURVE((1.,1.,1.,1.))
REPRESENTATION_ITEM('')
);
#948=(
BOUNDED_CURVE()
B_SPLINE_CURVE(3,(#3790,#3791,#3792,#3793),.UNSPECIFIED.,.F.,.F.)
B_SPLINE_CURVE_WITH_KNOTS((4,4),(0.,1.),.UNSPECIFIED.)
CURVE()
GEOMETRIC_REPRESENTATION_ITEM()
RATIONAL_B_SPLINE_CURVE((1.,1.,1.,1.))
REPRESENTATION_ITEM('')
);
#949=(
BOUNDED_CURVE()
B_SPLINE_CURVE(3,(#3804,#3805,#3806,#3807),.UNSPECIFIED.,.F.,.F.)
B_SPLINE_CURVE_WITH_KNOTS((4,4),(0.,1.),.UNSPECIFIED.)
CURVE()
GEOMETRIC_REPRESENTATION_ITEM()
RATIONAL_B_SPLINE_CURVE((1.,1.,1.,1.))
REPRESENTATION_ITEM('')
);
#950=(
BOUNDED_CURVE()
B_SPLINE_CURVE(3,(#3810,#3811,#3812,#3813),.UNSPECIFIED.,.F.,.F.)
B_SPLINE_CURVE_WITH_KNOTS((4,4),(0.,1.),.UNSPECIFIED.)
CURVE()
GEOMETRIC_REPRESENTATION_ITEM()
RATIONAL_B_SPLINE_CURVE((1.,1.,1.,1.))
REPRESENTATION_ITEM('')
);
#951=(
BOUNDED_CURVE()
B_SPLINE_CURVE(3,(#3829,#3830,#3831,#3832),.UNSPECIFIED.,.F.,.F.)
B_SPLINE_CURVE_WITH_KNOTS((4,4),(0.,1.),.UNSPECIFIED.)
CURVE()
GEOMETRIC_REPRESENTATION_ITEM()
RATIONAL_B_SPLINE_CURVE((1.,1.,1.,1.))
REPRESENTATION_ITEM('')
);
#952=(
BOUNDED_CURVE()
B_SPLINE_CURVE(3,(#3835,#3836,#3837,#3838),.UNSPECIFIED.,.F.,.F.)
B_SPLINE_CURVE_WITH_KNOTS((4,4),(0.,1.),.UNSPECIFIED.)
CURVE()
GEOMETRIC_REPRESENTATION_ITEM()
RATIONAL_B_SPLINE_CURVE((1.,1.,1.,1.))
REPRESENTATION_ITEM('')
);
#953=(
BOUNDED_CURVE()
B_SPLINE_CURVE(3,(#3848,#3849,#3850,#3851),.UNSPECIFIED.,.F.,.F.)
B_SPLINE_CURVE_WITH_KNOTS((4,4),(0.,1.),.UNSPECIFIED.)
CURVE()
GEOMETRIC_REPRESENTATION_ITEM()
RATIONAL_B_SPLINE_CURVE((1.,1.,1.,1.))
REPRESENTATION_ITEM('')
);
#954=(
BOUNDED_CURVE()
B_SPLINE_CURVE(3,(#3854,#3855,#3856,#3857),.UNSPECIFIED.,.F.,.F.)
B_SPLINE_CURVE_WITH_KNOTS((4,4),(0.,1.),.UNSPECIFIED.)
CURVE()
GEOMETRIC_REPRESENTATION_ITEM()
RATIONAL_B_SPLINE_CURVE((1.,1.,1.,1.))
REPRESENTATION_ITEM('')
);
#955=(
BOUNDED_CURVE()
B_SPLINE_CURVE(3,(#3873,#3874,#3875,#3876),.UNSPECIFIED.,.F.,.F.)
B_SPLINE_CURVE_WITH_KNOTS((4,4),(0.,1.),.UNSPECIFIED.)
CURVE()
GEOMETRIC_REPRESENTATION_ITEM()
RATIONAL_B_SPLINE_CURVE((1.,1.,1.,1.))
REPRESENTATION_ITEM('')
);
#956=(
BOUNDED_CURVE()
B_SPLINE_CURVE(3,(#3879,#3880,#3881,#3882),.UNSPECIFIED.,.F.,.F.)
B_SPLINE_CURVE_WITH_KNOTS((4,4),(0.,1.),.UNSPECIFIED.)
CURVE()
GEOMETRIC_REPRESENTATION_ITEM()
RATIONAL_B_SPLINE_CURVE((1.,1.,1.,1.))
REPRESENTATION_ITEM('')
);
#957=(
BOUNDED_CURVE()
B_SPLINE_CURVE(3,(#3892,#3893,#3894,#3895),.UNSPECIFIED.,.F.,.F.)
B_SPLINE_CURVE_WITH_KNOTS((4,4),(0.,1.),.UNSPECIFIED.)
CURVE()
GEOMETRIC_REPRESENTATION_ITEM()
RATIONAL_B_SPLINE_CURVE((1.,1.,1.,1.))
REPRESENTATION_ITEM('')
);
#958=(
BOUNDED_CURVE()
B_SPLINE_CURVE(3,(#3898,#3899,#3900,#3901),.UNSPECIFIED.,.F.,.F.)
B_SPLINE_CURVE_WITH_KNOTS((4,4),(0.,1.),.UNSPECIFIED.)
CURVE()
GEOMETRIC_REPRESENTATION_ITEM()
RATIONAL_B_SPLINE_CURVE((1.,1.,1.,1.))
REPRESENTATION_ITEM('')
);
#959=(
BOUNDED_CURVE()
B_SPLINE_CURVE(3,(#3911,#3912,#3913,#3914),.UNSPECIFIED.,.F.,.F.)
B_SPLINE_CURVE_WITH_KNOTS((4,4),(0.,1.),.UNSPECIFIED.)
CURVE()
GEOMETRIC_REPRESENTATION_ITEM()
RATIONAL_B_SPLINE_CURVE((1.,1.,1.,1.))
REPRESENTATION_ITEM('')
);
#960=(
BOUNDED_CURVE()
B_SPLINE_CURVE(3,(#3917,#3918,#3919,#3920),.UNSPECIFIED.,.F.,.F.)
B_SPLINE_CURVE_WITH_KNOTS((4,4),(0.,1.),.UNSPECIFIED.)
CURVE()
GEOMETRIC_REPRESENTATION_ITEM()
RATIONAL_B_SPLINE_CURVE((1.,1.,1.,1.))
REPRESENTATION_ITEM('')
);
#961=(
BOUNDED_CURVE()
B_SPLINE_CURVE(3,(#3936,#3937,#3938,#3939),.UNSPECIFIED.,.F.,.F.)
B_SPLINE_CURVE_WITH_KNOTS((4,4),(0.,1.),.UNSPECIFIED.)
CURVE()
GEOMETRIC_REPRESENTATION_ITEM()
RATIONAL_B_SPLINE_CURVE((1.,1.,1.,1.))
REPRESENTATION_ITEM('')
);
#962=(
BOUNDED_CURVE()
B_SPLINE_CURVE(3,(#3942,#3943,#3944,#3945),.UNSPECIFIED.,.F.,.F.)
B_SPLINE_CURVE_WITH_KNOTS((4,4),(0.,1.),.UNSPECIFIED.)
CURVE()
GEOMETRIC_REPRESENTATION_ITEM()
RATIONAL_B_SPLINE_CURVE((1.,1.,1.,1.))
REPRESENTATION_ITEM('')
);
#963=(
BOUNDED_CURVE()
B_SPLINE_CURVE(3,(#3955,#3956,#3957,#3958),.UNSPECIFIED.,.F.,.F.)
B_SPLINE_CURVE_WITH_KNOTS((4,4),(0.,1.),.UNSPECIFIED.)
CURVE()
GEOMETRIC_REPRESENTATION_ITEM()
RATIONAL_B_SPLINE_CURVE((1.,1.,1.,1.))
REPRESENTATION_ITEM('')
);
#964=(
BOUNDED_CURVE()
B_SPLINE_CURVE(3,(#3961,#3962,#3963,#3964),.UNSPECIFIED.,.F.,.F.)
B_SPLINE_CURVE_WITH_KNOTS((4,4),(0.,1.),.UNSPECIFIED.)
CURVE()
GEOMETRIC_REPRESENTATION_ITEM()
RATIONAL_B_SPLINE_CURVE((1.,1.,1.,1.))
REPRESENTATION_ITEM('')
);
#965=(
BOUNDED_CURVE()
B_SPLINE_CURVE(3,(#3974,#3975,#3976,#3977),.UNSPECIFIED.,.F.,.F.)
B_SPLINE_CURVE_WITH_KNOTS((4,4),(0.,1.),.UNSPECIFIED.)
CURVE()
GEOMETRIC_REPRESENTATION_ITEM()
RATIONAL_B_SPLINE_CURVE((1.,1.,1.,1.))
REPRESENTATION_ITEM('')
);
#966=(
BOUNDED_CURVE()
B_SPLINE_CURVE(3,(#3980,#3981,#3982,#3983),.UNSPECIFIED.,.F.,.F.)
B_SPLINE_CURVE_WITH_KNOTS((4,4),(0.,1.),.UNSPECIFIED.)
CURVE()
GEOMETRIC_REPRESENTATION_ITEM()
RATIONAL_B_SPLINE_CURVE((1.,1.,1.,1.))
REPRESENTATION_ITEM('')
);
#967=(
BOUNDED_CURVE()
B_SPLINE_CURVE(3,(#3992,#3993,#3994,#3995),.UNSPECIFIED.,.F.,.F.)
B_SPLINE_CURVE_WITH_KNOTS((4,4),(0.,1.),.UNSPECIFIED.)
CURVE()
GEOMETRIC_REPRESENTATION_ITEM()
RATIONAL_B_SPLINE_CURVE((1.,1.,1.,1.))
REPRESENTATION_ITEM('')
);
#968=(
BOUNDED_CURVE()
B_SPLINE_CURVE(3,(#3996,#3997,#3998,#3999),.UNSPECIFIED.,.F.,.F.)
B_SPLINE_CURVE_WITH_KNOTS((4,4),(0.,1.),.UNSPECIFIED.)
CURVE()
GEOMETRIC_REPRESENTATION_ITEM()
RATIONAL_B_SPLINE_CURVE((1.,1.,1.,1.))
REPRESENTATION_ITEM('')
);
#969=(
BOUNDED_CURVE()
B_SPLINE_CURVE(3,(#4011,#4012,#4013,#4014),.UNSPECIFIED.,.F.,.F.)
B_SPLINE_CURVE_WITH_KNOTS((4,4),(0.,1.),.UNSPECIFIED.)
CURVE()
GEOMETRIC_REPRESENTATION_ITEM()
RATIONAL_B_SPLINE_CURVE((1.,1.,1.,1.))
REPRESENTATION_ITEM('')
);
#970=(
BOUNDED_CURVE()
B_SPLINE_CURVE(3,(#4018,#4019,#4020,#4021),.UNSPECIFIED.,.F.,.F.)
B_SPLINE_CURVE_WITH_KNOTS((4,4),(0.,1.),.UNSPECIFIED.)
CURVE()
GEOMETRIC_REPRESENTATION_ITEM()
RATIONAL_B_SPLINE_CURVE((1.,1.,1.,1.))
REPRESENTATION_ITEM('')
);
#971=(
BOUNDED_CURVE()
B_SPLINE_CURVE(3,(#4032,#4033,#4034,#4035),.UNSPECIFIED.,.F.,.F.)
B_SPLINE_CURVE_WITH_KNOTS((4,4),(0.,1.),.UNSPECIFIED.)
CURVE()
GEOMETRIC_REPRESENTATION_ITEM()
RATIONAL_B_SPLINE_CURVE((1.,1.,1.,1.))
REPRESENTATION_ITEM('')
);
#972=(
BOUNDED_CURVE()
B_SPLINE_CURVE(3,(#4038,#4039,#4040,#4041),.UNSPECIFIED.,.F.,.F.)
B_SPLINE_CURVE_WITH_KNOTS((4,4),(0.,1.),.UNSPECIFIED.)
CURVE()
GEOMETRIC_REPRESENTATION_ITEM()
RATIONAL_B_SPLINE_CURVE((1.,1.,1.,1.))
REPRESENTATION_ITEM('')
);
#973=(
BOUNDED_CURVE()
B_SPLINE_CURVE(3,(#4051,#4052,#4053,#4054),.UNSPECIFIED.,.F.,.F.)
B_SPLINE_CURVE_WITH_KNOTS((4,4),(0.,1.),.UNSPECIFIED.)
CURVE()
GEOMETRIC_REPRESENTATION_ITEM()
RATIONAL_B_SPLINE_CURVE((1.,1.,1.,1.))
REPRESENTATION_ITEM('')
);
#974=(
BOUNDED_CURVE()
B_SPLINE_CURVE(3,(#4057,#4058,#4059,#4060),.UNSPECIFIED.,.F.,.F.)
B_SPLINE_CURVE_WITH_KNOTS((4,4),(0.,1.),.UNSPECIFIED.)
CURVE()
GEOMETRIC_REPRESENTATION_ITEM()
RATIONAL_B_SPLINE_CURVE((1.,1.,1.,1.))
REPRESENTATION_ITEM('')
);
#975=(
BOUNDED_CURVE()
B_SPLINE_CURVE(3,(#4070,#4071,#4072,#4073),.UNSPECIFIED.,.F.,.F.)
B_SPLINE_CURVE_WITH_KNOTS((4,4),(0.,1.),.UNSPECIFIED.)
CURVE()
GEOMETRIC_REPRESENTATION_ITEM()
RATIONAL_B_SPLINE_CURVE((1.,1.,1.,1.))
REPRESENTATION_ITEM('')
);
#976=(
BOUNDED_CURVE()
B_SPLINE_CURVE(3,(#4076,#4077,#4078,#4079),.UNSPECIFIED.,.F.,.F.)
B_SPLINE_CURVE_WITH_KNOTS((4,4),(0.,1.),.UNSPECIFIED.)
CURVE()
GEOMETRIC_REPRESENTATION_ITEM()
RATIONAL_B_SPLINE_CURVE((1.,1.,1.,1.))
REPRESENTATION_ITEM('')
);
#977=(
BOUNDED_CURVE()
B_SPLINE_CURVE(3,(#4088,#4089,#4090,#4091),.UNSPECIFIED.,.F.,.F.)
B_SPLINE_CURVE_WITH_KNOTS((4,4),(0.,1.),.UNSPECIFIED.)
CURVE()
GEOMETRIC_REPRESENTATION_ITEM()
RATIONAL_B_SPLINE_CURVE((1.,1.,1.,1.))
REPRESENTATION_ITEM('')
);
#978=(
BOUNDED_CURVE()
B_SPLINE_CURVE(3,(#4092,#4093,#4094,#4095),.UNSPECIFIED.,.F.,.F.)
B_SPLINE_CURVE_WITH_KNOTS((4,4),(0.,1.),.UNSPECIFIED.)
CURVE()
GEOMETRIC_REPRESENTATION_ITEM()
RATIONAL_B_SPLINE_CURVE((1.,1.,1.,1.))
REPRESENTATION_ITEM('')
);
#979=(
BOUNDED_CURVE()
B_SPLINE_CURVE(3,(#6730,#6731,#6732,#6733),.UNSPECIFIED.,.F.,.F.)
B_SPLINE_CURVE_WITH_KNOTS((4,4),(0.,1.),.UNSPECIFIED.)
CURVE()
GEOMETRIC_REPRESENTATION_ITEM()
RATIONAL_B_SPLINE_CURVE((1.,1.,1.,1.))
REPRESENTATION_ITEM('')
);
#980=(
BOUNDED_CURVE()
B_SPLINE_CURVE(3,(#6737,#6738,#6739,#6740),.UNSPECIFIED.,.F.,.F.)
B_SPLINE_CURVE_WITH_KNOTS((4,4),(0.,1.),.UNSPECIFIED.)
CURVE()
GEOMETRIC_REPRESENTATION_ITEM()
RATIONAL_B_SPLINE_CURVE((1.,1.,1.,1.))
REPRESENTATION_ITEM('')
);
#981=(
BOUNDED_CURVE()
B_SPLINE_CURVE(3,(#6757,#6758,#6759,#6760),.UNSPECIFIED.,.F.,.F.)
B_SPLINE_CURVE_WITH_KNOTS((4,4),(0.,1.),.UNSPECIFIED.)
CURVE()
GEOMETRIC_REPRESENTATION_ITEM()
RATIONAL_B_SPLINE_CURVE((1.,1.,1.,1.))
REPRESENTATION_ITEM('')
);
#982=(
BOUNDED_CURVE()
B_SPLINE_CURVE(3,(#6762,#6763,#6764,#6765),.UNSPECIFIED.,.F.,.F.)
B_SPLINE_CURVE_WITH_KNOTS((4,4),(0.,1.),.UNSPECIFIED.)
CURVE()
GEOMETRIC_REPRESENTATION_ITEM()
RATIONAL_B_SPLINE_CURVE((1.,1.,1.,1.))
REPRESENTATION_ITEM('')
);
#983=(
BOUNDED_CURVE()
B_SPLINE_CURVE(3,(#6776,#6777,#6778,#6779),.UNSPECIFIED.,.F.,.F.)
B_SPLINE_CURVE_WITH_KNOTS((4,4),(0.,1.),.UNSPECIFIED.)
CURVE()
GEOMETRIC_REPRESENTATION_ITEM()
RATIONAL_B_SPLINE_CURVE((1.,1.,1.,1.))
REPRESENTATION_ITEM('')
);
#984=(
BOUNDED_CURVE()
B_SPLINE_CURVE(3,(#6781,#6782,#6783,#6784),.UNSPECIFIED.,.F.,.F.)
B_SPLINE_CURVE_WITH_KNOTS((4,4),(0.,1.),.UNSPECIFIED.)
CURVE()
GEOMETRIC_REPRESENTATION_ITEM()
RATIONAL_B_SPLINE_CURVE((1.,1.,1.,1.))
REPRESENTATION_ITEM('')
);
#985=(
BOUNDED_CURVE()
B_SPLINE_CURVE(3,(#6795,#6796,#6797,#6798),.UNSPECIFIED.,.F.,.F.)
B_SPLINE_CURVE_WITH_KNOTS((4,4),(0.,1.),.UNSPECIFIED.)
CURVE()
GEOMETRIC_REPRESENTATION_ITEM()
RATIONAL_B_SPLINE_CURVE((1.,1.,1.,1.))
REPRESENTATION_ITEM('')
);
#986=(
BOUNDED_CURVE()
B_SPLINE_CURVE(3,(#6800,#6801,#6802,#6803),.UNSPECIFIED.,.F.,.F.)
B_SPLINE_CURVE_WITH_KNOTS((4,4),(0.,1.),.UNSPECIFIED.)
CURVE()
GEOMETRIC_REPRESENTATION_ITEM()
RATIONAL_B_SPLINE_CURVE((1.,1.,1.,1.))
REPRESENTATION_ITEM('')
);
#987=(
BOUNDED_CURVE()
B_SPLINE_CURVE(3,(#6825,#6826,#6827,#6828),.UNSPECIFIED.,.F.,.F.)
B_SPLINE_CURVE_WITH_KNOTS((4,4),(0.,1.),.UNSPECIFIED.)
CURVE()
GEOMETRIC_REPRESENTATION_ITEM()
RATIONAL_B_SPLINE_CURVE((1.,1.,1.,1.))
REPRESENTATION_ITEM('')
);
#988=(
BOUNDED_CURVE()
B_SPLINE_CURVE(3,(#6829,#6830,#6831,#6832),.UNSPECIFIED.,.F.,.F.)
B_SPLINE_CURVE_WITH_KNOTS((4,4),(0.,1.),.UNSPECIFIED.)
CURVE()
GEOMETRIC_REPRESENTATION_ITEM()
RATIONAL_B_SPLINE_CURVE((1.,1.,1.,1.))
REPRESENTATION_ITEM('')
);
#989=(
BOUNDED_CURVE()
B_SPLINE_CURVE(3,(#6845,#6846,#6847,#6848),.UNSPECIFIED.,.F.,.F.)
B_SPLINE_CURVE_WITH_KNOTS((4,4),(0.,1.),.UNSPECIFIED.)
CURVE()
GEOMETRIC_REPRESENTATION_ITEM()
RATIONAL_B_SPLINE_CURVE((1.,1.,1.,1.))
REPRESENTATION_ITEM('')
);
#990=(
BOUNDED_CURVE()
B_SPLINE_CURVE(3,(#6852,#6853,#6854,#6855),.UNSPECIFIED.,.F.,.F.)
B_SPLINE_CURVE_WITH_KNOTS((4,4),(0.,1.),.UNSPECIFIED.)
CURVE()
GEOMETRIC_REPRESENTATION_ITEM()
RATIONAL_B_SPLINE_CURVE((1.,1.,1.,1.))
REPRESENTATION_ITEM('')
);
#991=(
BOUNDED_CURVE()
B_SPLINE_CURVE(3,(#6866,#6867,#6868,#6869),.UNSPECIFIED.,.F.,.F.)
B_SPLINE_CURVE_WITH_KNOTS((4,4),(0.,1.),.UNSPECIFIED.)
CURVE()
GEOMETRIC_REPRESENTATION_ITEM()
RATIONAL_B_SPLINE_CURVE((1.,1.,1.,1.))
REPRESENTATION_ITEM('')
);
#992=(
BOUNDED_CURVE()
B_SPLINE_CURVE(3,(#6871,#6872,#6873,#6874),.UNSPECIFIED.,.F.,.F.)
B_SPLINE_CURVE_WITH_KNOTS((4,4),(0.,1.),.UNSPECIFIED.)
CURVE()
GEOMETRIC_REPRESENTATION_ITEM()
RATIONAL_B_SPLINE_CURVE((1.,1.,1.,1.))
REPRESENTATION_ITEM('')
);
#993=(
BOUNDED_CURVE()
B_SPLINE_CURVE(3,(#6891,#6892,#6893,#6894),.UNSPECIFIED.,.F.,.F.)
B_SPLINE_CURVE_WITH_KNOTS((4,4),(0.,1.),.UNSPECIFIED.)
CURVE()
GEOMETRIC_REPRESENTATION_ITEM()
RATIONAL_B_SPLINE_CURVE((1.,1.,1.,1.))
REPRESENTATION_ITEM('')
);
#994=(
BOUNDED_CURVE()
B_SPLINE_CURVE(3,(#6896,#6897,#6898,#6899),.UNSPECIFIED.,.F.,.F.)
B_SPLINE_CURVE_WITH_KNOTS((4,4),(0.,1.),.UNSPECIFIED.)
CURVE()
GEOMETRIC_REPRESENTATION_ITEM()
RATIONAL_B_SPLINE_CURVE((1.,1.,1.,1.))
REPRESENTATION_ITEM('')
);
#995=(
BOUNDED_CURVE()
B_SPLINE_CURVE(3,(#6910,#6911,#6912,#6913),.UNSPECIFIED.,.F.,.F.)
B_SPLINE_CURVE_WITH_KNOTS((4,4),(0.,1.),.UNSPECIFIED.)
CURVE()
GEOMETRIC_REPRESENTATION_ITEM()
RATIONAL_B_SPLINE_CURVE((1.,1.,1.,1.))
REPRESENTATION_ITEM('')
);
#996=(
BOUNDED_CURVE()
B_SPLINE_CURVE(3,(#6915,#6916,#6917,#6918),.UNSPECIFIED.,.F.,.F.)
B_SPLINE_CURVE_WITH_KNOTS((4,4),(0.,1.),.UNSPECIFIED.)
CURVE()
GEOMETRIC_REPRESENTATION_ITEM()
RATIONAL_B_SPLINE_CURVE((1.,1.,1.,1.))
REPRESENTATION_ITEM('')
);
#997=(
BOUNDED_CURVE()
B_SPLINE_CURVE(3,(#6929,#6930,#6931,#6932),.UNSPECIFIED.,.F.,.F.)
B_SPLINE_CURVE_WITH_KNOTS((4,4),(0.,1.),.UNSPECIFIED.)
CURVE()
GEOMETRIC_REPRESENTATION_ITEM()
RATIONAL_B_SPLINE_CURVE((1.,1.,1.,1.))
REPRESENTATION_ITEM('')
);
#998=(
BOUNDED_CURVE()
B_SPLINE_CURVE(3,(#6934,#6935,#6936,#6937),.UNSPECIFIED.,.F.,.F.)
B_SPLINE_CURVE_WITH_KNOTS((4,4),(0.,1.),.UNSPECIFIED.)
CURVE()
GEOMETRIC_REPRESENTATION_ITEM()
RATIONAL_B_SPLINE_CURVE((1.,1.,1.,1.))
REPRESENTATION_ITEM('')
);
#999=(
BOUNDED_CURVE()
B_SPLINE_CURVE(3,(#6948,#6949,#6950,#6951),.UNSPECIFIED.,.F.,.F.)
B_SPLINE_CURVE_WITH_KNOTS((4,4),(0.,1.),.UNSPECIFIED.)
CURVE()
GEOMETRIC_REPRESENTATION_ITEM()
RATIONAL_B_SPLINE_CURVE((1.,1.,1.,1.))
REPRESENTATION_ITEM('')
);
#1000=(
BOUNDED_CURVE()
B_SPLINE_CURVE(3,(#6953,#6954,#6955,#6956),.UNSPECIFIED.,.F.,.F.)
B_SPLINE_CURVE_WITH_KNOTS((4,4),(0.,1.),.UNSPECIFIED.)
CURVE()
GEOMETRIC_REPRESENTATION_ITEM()
RATIONAL_B_SPLINE_CURVE((1.,1.,1.,1.))
REPRESENTATION_ITEM('')
);
#1001=(
BOUNDED_CURVE()
B_SPLINE_CURVE(3,(#6967,#6968,#6969,#6970),.UNSPECIFIED.,.F.,.F.)
B_SPLINE_CURVE_WITH_KNOTS((4,4),(0.,1.),.UNSPECIFIED.)
CURVE()
GEOMETRIC_REPRESENTATION_ITEM()
RATIONAL_B_SPLINE_CURVE((1.,1.,1.,1.))
REPRESENTATION_ITEM('')
);
#1002=(
BOUNDED_CURVE()
B_SPLINE_CURVE(3,(#6972,#6973,#6974,#6975),.UNSPECIFIED.,.F.,.F.)
B_SPLINE_CURVE_WITH_KNOTS((4,4),(0.,1.),.UNSPECIFIED.)
CURVE()
GEOMETRIC_REPRESENTATION_ITEM()
RATIONAL_B_SPLINE_CURVE((1.,1.,1.,1.))
REPRESENTATION_ITEM('')
);
#1003=(
BOUNDED_CURVE()
B_SPLINE_CURVE(3,(#6986,#6987,#6988,#6989),.UNSPECIFIED.,.F.,.F.)
B_SPLINE_CURVE_WITH_KNOTS((4,4),(0.,1.),.UNSPECIFIED.)
CURVE()
GEOMETRIC_REPRESENTATION_ITEM()
RATIONAL_B_SPLINE_CURVE((1.,1.,1.,1.))
REPRESENTATION_ITEM('')
);
#1004=(
BOUNDED_CURVE()
B_SPLINE_CURVE(3,(#6991,#6992,#6993,#6994),.UNSPECIFIED.,.F.,.F.)
B_SPLINE_CURVE_WITH_KNOTS((4,4),(0.,1.),.UNSPECIFIED.)
CURVE()
GEOMETRIC_REPRESENTATION_ITEM()
RATIONAL_B_SPLINE_CURVE((1.,1.,1.,1.))
REPRESENTATION_ITEM('')
);
#1005=(
BOUNDED_CURVE()
B_SPLINE_CURVE(3,(#7011,#7012,#7013,#7014),.UNSPECIFIED.,.F.,.F.)
B_SPLINE_CURVE_WITH_KNOTS((4,4),(0.,1.),.UNSPECIFIED.)
CURVE()
GEOMETRIC_REPRESENTATION_ITEM()
RATIONAL_B_SPLINE_CURVE((1.,1.,1.,1.))
REPRESENTATION_ITEM('')
);
#1006=(
BOUNDED_CURVE()
B_SPLINE_CURVE(3,(#7016,#7017,#7018,#7019),.UNSPECIFIED.,.F.,.F.)
B_SPLINE_CURVE_WITH_KNOTS((4,4),(0.,1.),.UNSPECIFIED.)
CURVE()
GEOMETRIC_REPRESENTATION_ITEM()
RATIONAL_B_SPLINE_CURVE((1.,1.,1.,1.))
REPRESENTATION_ITEM('')
);
#1007=(
BOUNDED_CURVE()
B_SPLINE_CURVE(3,(#7030,#7031,#7032,#7033),.UNSPECIFIED.,.F.,.F.)
B_SPLINE_CURVE_WITH_KNOTS((4,4),(0.,1.),.UNSPECIFIED.)
CURVE()
GEOMETRIC_REPRESENTATION_ITEM()
RATIONAL_B_SPLINE_CURVE((1.,1.,1.,1.))
REPRESENTATION_ITEM('')
);
#1008=(
BOUNDED_CURVE()
B_SPLINE_CURVE(3,(#7035,#7036,#7037,#7038),.UNSPECIFIED.,.F.,.F.)
B_SPLINE_CURVE_WITH_KNOTS((4,4),(0.,1.),.UNSPECIFIED.)
CURVE()
GEOMETRIC_REPRESENTATION_ITEM()
RATIONAL_B_SPLINE_CURVE((1.,1.,1.,1.))
REPRESENTATION_ITEM('')
);
#1009=(
BOUNDED_CURVE()
B_SPLINE_CURVE(3,(#7049,#7050,#7051,#7052),.UNSPECIFIED.,.F.,.F.)
B_SPLINE_CURVE_WITH_KNOTS((4,4),(0.,1.),.UNSPECIFIED.)
CURVE()
GEOMETRIC_REPRESENTATION_ITEM()
RATIONAL_B_SPLINE_CURVE((1.,1.,1.,1.))
REPRESENTATION_ITEM('')
);
#1010=(
BOUNDED_CURVE()
B_SPLINE_CURVE(3,(#7054,#7055,#7056,#7057),.UNSPECIFIED.,.F.,.F.)
B_SPLINE_CURVE_WITH_KNOTS((4,4),(0.,1.),.UNSPECIFIED.)
CURVE()
GEOMETRIC_REPRESENTATION_ITEM()
RATIONAL_B_SPLINE_CURVE((1.,1.,1.,1.))
REPRESENTATION_ITEM('')
);
#1011=(
BOUNDED_CURVE()
B_SPLINE_CURVE(3,(#7088,#7089,#7090,#7091),.UNSPECIFIED.,.F.,.F.)
B_SPLINE_CURVE_WITH_KNOTS((4,4),(0.,1.),.UNSPECIFIED.)
CURVE()
GEOMETRIC_REPRESENTATION_ITEM()
RATIONAL_B_SPLINE_CURVE((1.,1.,1.,1.))
REPRESENTATION_ITEM('')
);
#1012=(
BOUNDED_CURVE()
B_SPLINE_CURVE(3,(#7093,#7094,#7095,#7096),.UNSPECIFIED.,.F.,.F.)
B_SPLINE_CURVE_WITH_KNOTS((4,4),(0.,1.),.UNSPECIFIED.)
CURVE()
GEOMETRIC_REPRESENTATION_ITEM()
RATIONAL_B_SPLINE_CURVE((1.,1.,1.,1.))
REPRESENTATION_ITEM('')
);
#1013=(
BOUNDED_CURVE()
B_SPLINE_CURVE(3,(#7107,#7108,#7109,#7110),.UNSPECIFIED.,.F.,.F.)
B_SPLINE_CURVE_WITH_KNOTS((4,4),(0.,1.),.UNSPECIFIED.)
CURVE()
GEOMETRIC_REPRESENTATION_ITEM()
RATIONAL_B_SPLINE_CURVE((1.,1.,1.,1.))
REPRESENTATION_ITEM('')
);
#1014=(
BOUNDED_CURVE()
B_SPLINE_CURVE(3,(#7112,#7113,#7114,#7115),.UNSPECIFIED.,.F.,.F.)
B_SPLINE_CURVE_WITH_KNOTS((4,4),(0.,1.),.UNSPECIFIED.)
CURVE()
GEOMETRIC_REPRESENTATION_ITEM()
RATIONAL_B_SPLINE_CURVE((1.,1.,1.,1.))
REPRESENTATION_ITEM('')
);
#1015=(
BOUNDED_CURVE()
B_SPLINE_CURVE(3,(#7126,#7127,#7128,#7129),.UNSPECIFIED.,.F.,.F.)
B_SPLINE_CURVE_WITH_KNOTS((4,4),(0.,1.),.UNSPECIFIED.)
CURVE()
GEOMETRIC_REPRESENTATION_ITEM()
RATIONAL_B_SPLINE_CURVE((1.,1.,1.,1.))
REPRESENTATION_ITEM('')
);
#1016=(
BOUNDED_CURVE()
B_SPLINE_CURVE(3,(#7131,#7132,#7133,#7134),.UNSPECIFIED.,.F.,.F.)
B_SPLINE_CURVE_WITH_KNOTS((4,4),(0.,1.),.UNSPECIFIED.)
CURVE()
GEOMETRIC_REPRESENTATION_ITEM()
RATIONAL_B_SPLINE_CURVE((1.,1.,1.,1.))
REPRESENTATION_ITEM('')
);
#1017=(
BOUNDED_CURVE()
B_SPLINE_CURVE(3,(#7145,#7146,#7147,#7148),.UNSPECIFIED.,.F.,.F.)
B_SPLINE_CURVE_WITH_KNOTS((4,4),(0.,1.),.UNSPECIFIED.)
CURVE()
GEOMETRIC_REPRESENTATION_ITEM()
RATIONAL_B_SPLINE_CURVE((1.,1.,1.,1.))
REPRESENTATION_ITEM('')
);
#1018=(
BOUNDED_CURVE()
B_SPLINE_CURVE(3,(#7150,#7151,#7152,#7153),.UNSPECIFIED.,.F.,.F.)
B_SPLINE_CURVE_WITH_KNOTS((4,4),(0.,1.),.UNSPECIFIED.)
CURVE()
GEOMETRIC_REPRESENTATION_ITEM()
RATIONAL_B_SPLINE_CURVE((1.,1.,1.,1.))
REPRESENTATION_ITEM('')
);
#1019=(
BOUNDED_CURVE()
B_SPLINE_CURVE(3,(#7164,#7165,#7166,#7167),.UNSPECIFIED.,.F.,.F.)
B_SPLINE_CURVE_WITH_KNOTS((4,4),(0.,1.),.UNSPECIFIED.)
CURVE()
GEOMETRIC_REPRESENTATION_ITEM()
RATIONAL_B_SPLINE_CURVE((1.,1.,1.,1.))
REPRESENTATION_ITEM('')
);
#1020=(
BOUNDED_CURVE()
B_SPLINE_CURVE(3,(#7169,#7170,#7171,#7172),.UNSPECIFIED.,.F.,.F.)
B_SPLINE_CURVE_WITH_KNOTS((4,4),(0.,1.),.UNSPECIFIED.)
CURVE()
GEOMETRIC_REPRESENTATION_ITEM()
RATIONAL_B_SPLINE_CURVE((1.,1.,1.,1.))
REPRESENTATION_ITEM('')
);
#1021=(
BOUNDED_CURVE()
B_SPLINE_CURVE(3,(#7195,#7196,#7197,#7198),.UNSPECIFIED.,.F.,.F.)
B_SPLINE_CURVE_WITH_KNOTS((4,4),(0.,1.),.UNSPECIFIED.)
CURVE()
GEOMETRIC_REPRESENTATION_ITEM()
RATIONAL_B_SPLINE_CURVE((1.,1.,1.,1.))
REPRESENTATION_ITEM('')
);
#1022=(
BOUNDED_CURVE()
B_SPLINE_CURVE(3,(#7200,#7201,#7202,#7203),.UNSPECIFIED.,.F.,.F.)
B_SPLINE_CURVE_WITH_KNOTS((4,4),(0.,1.),.UNSPECIFIED.)
CURVE()
GEOMETRIC_REPRESENTATION_ITEM()
RATIONAL_B_SPLINE_CURVE((1.,1.,1.,1.))
REPRESENTATION_ITEM('')
);
#1023=(
BOUNDED_CURVE()
B_SPLINE_CURVE(3,(#7214,#7215,#7216,#7217),.UNSPECIFIED.,.F.,.F.)
B_SPLINE_CURVE_WITH_KNOTS((4,4),(0.,1.),.UNSPECIFIED.)
CURVE()
GEOMETRIC_REPRESENTATION_ITEM()
RATIONAL_B_SPLINE_CURVE((1.,1.,1.,1.))
REPRESENTATION_ITEM('')
);
#1024=(
BOUNDED_CURVE()
B_SPLINE_CURVE(3,(#7219,#7220,#7221,#7222),.UNSPECIFIED.,.F.,.F.)
B_SPLINE_CURVE_WITH_KNOTS((4,4),(0.,1.),.UNSPECIFIED.)
CURVE()
GEOMETRIC_REPRESENTATION_ITEM()
RATIONAL_B_SPLINE_CURVE((1.,1.,1.,1.))
REPRESENTATION_ITEM('')
);
#1025=(
BOUNDED_CURVE()
B_SPLINE_CURVE(3,(#7233,#7234,#7235,#7236),.UNSPECIFIED.,.F.,.F.)
B_SPLINE_CURVE_WITH_KNOTS((4,4),(0.,1.),.UNSPECIFIED.)
CURVE()
GEOMETRIC_REPRESENTATION_ITEM()
RATIONAL_B_SPLINE_CURVE((1.,1.,1.,1.))
REPRESENTATION_ITEM('')
);
#1026=(
BOUNDED_CURVE()
B_SPLINE_CURVE(3,(#7238,#7239,#7240,#7241),.UNSPECIFIED.,.F.,.F.)
B_SPLINE_CURVE_WITH_KNOTS((4,4),(0.,1.),.UNSPECIFIED.)
CURVE()
GEOMETRIC_REPRESENTATION_ITEM()
RATIONAL_B_SPLINE_CURVE((1.,1.,1.,1.))
REPRESENTATION_ITEM('')
);
#1027=(
BOUNDED_CURVE()
B_SPLINE_CURVE(3,(#7258,#7259,#7260,#7261),.UNSPECIFIED.,.F.,.F.)
B_SPLINE_CURVE_WITH_KNOTS((4,4),(0.,1.),.UNSPECIFIED.)
CURVE()
GEOMETRIC_REPRESENTATION_ITEM()
RATIONAL_B_SPLINE_CURVE((1.,1.,1.,1.))
REPRESENTATION_ITEM('')
);
#1028=(
BOUNDED_CURVE()
B_SPLINE_CURVE(3,(#7265,#7266,#7267,#7268),.UNSPECIFIED.,.F.,.F.)
B_SPLINE_CURVE_WITH_KNOTS((4,4),(0.,1.),.UNSPECIFIED.)
CURVE()
GEOMETRIC_REPRESENTATION_ITEM()
RATIONAL_B_SPLINE_CURVE((1.,1.,1.,1.))
REPRESENTATION_ITEM('')
);
#1029=(
BOUNDED_CURVE()
B_SPLINE_CURVE(3,(#7279,#7280,#7281,#7282),.UNSPECIFIED.,.F.,.F.)
B_SPLINE_CURVE_WITH_KNOTS((4,4),(0.,1.),.UNSPECIFIED.)
CURVE()
GEOMETRIC_REPRESENTATION_ITEM()
RATIONAL_B_SPLINE_CURVE((1.,1.,1.,1.))
REPRESENTATION_ITEM('')
);
#1030=(
BOUNDED_CURVE()
B_SPLINE_CURVE(3,(#7284,#7285,#7286,#7287),.UNSPECIFIED.,.F.,.F.)
B_SPLINE_CURVE_WITH_KNOTS((4,4),(0.,1.),.UNSPECIFIED.)
CURVE()
GEOMETRIC_REPRESENTATION_ITEM()
RATIONAL_B_SPLINE_CURVE((1.,1.,1.,1.))
REPRESENTATION_ITEM('')
);
#1031=(
BOUNDED_CURVE()
B_SPLINE_CURVE(3,(#7304,#7305,#7306,#7307),.UNSPECIFIED.,.F.,.F.)
B_SPLINE_CURVE_WITH_KNOTS((4,4),(0.,1.),.UNSPECIFIED.)
CURVE()
GEOMETRIC_REPRESENTATION_ITEM()
RATIONAL_B_SPLINE_CURVE((1.,1.,1.,1.))
REPRESENTATION_ITEM('')
);
#1032=(
BOUNDED_CURVE()
B_SPLINE_CURVE(3,(#7309,#7310,#7311,#7312),.UNSPECIFIED.,.F.,.F.)
B_SPLINE_CURVE_WITH_KNOTS((4,4),(0.,1.),.UNSPECIFIED.)
CURVE()
GEOMETRIC_REPRESENTATION_ITEM()
RATIONAL_B_SPLINE_CURVE((1.,1.,1.,1.))
REPRESENTATION_ITEM('')
);
#1033=(
BOUNDED_CURVE()
B_SPLINE_CURVE(3,(#7323,#7324,#7325,#7326),.UNSPECIFIED.,.F.,.F.)
B_SPLINE_CURVE_WITH_KNOTS((4,4),(0.,1.),.UNSPECIFIED.)
CURVE()
GEOMETRIC_REPRESENTATION_ITEM()
RATIONAL_B_SPLINE_CURVE((1.,1.,1.,1.))
REPRESENTATION_ITEM('')
);
#1034=(
BOUNDED_CURVE()
B_SPLINE_CURVE(3,(#7328,#7329,#7330,#7331),.UNSPECIFIED.,.F.,.F.)
B_SPLINE_CURVE_WITH_KNOTS((4,4),(0.,1.),.UNSPECIFIED.)
CURVE()
GEOMETRIC_REPRESENTATION_ITEM()
RATIONAL_B_SPLINE_CURVE((1.,1.,1.,1.))
REPRESENTATION_ITEM('')
);
#1035=(
BOUNDED_CURVE()
B_SPLINE_CURVE(3,(#7348,#7349,#7350,#7351),.UNSPECIFIED.,.F.,.F.)
B_SPLINE_CURVE_WITH_KNOTS((4,4),(0.,1.),.UNSPECIFIED.)
CURVE()
GEOMETRIC_REPRESENTATION_ITEM()
RATIONAL_B_SPLINE_CURVE((1.,1.,1.,1.))
REPRESENTATION_ITEM('')
);
#1036=(
BOUNDED_CURVE()
B_SPLINE_CURVE(3,(#7353,#7354,#7355,#7356),.UNSPECIFIED.,.F.,.F.)
B_SPLINE_CURVE_WITH_KNOTS((4,4),(0.,1.),.UNSPECIFIED.)
CURVE()
GEOMETRIC_REPRESENTATION_ITEM()
RATIONAL_B_SPLINE_CURVE((1.,1.,1.,1.))
REPRESENTATION_ITEM('')
);
#1037=(
BOUNDED_CURVE()
B_SPLINE_CURVE(3,(#7367,#7368,#7369,#7370),.UNSPECIFIED.,.F.,.F.)
B_SPLINE_CURVE_WITH_KNOTS((4,4),(0.,1.),.UNSPECIFIED.)
CURVE()
GEOMETRIC_REPRESENTATION_ITEM()
RATIONAL_B_SPLINE_CURVE((1.,1.,1.,1.))
REPRESENTATION_ITEM('')
);
#1038=(
BOUNDED_CURVE()
B_SPLINE_CURVE(3,(#7372,#7373,#7374,#7375),.UNSPECIFIED.,.F.,.F.)
B_SPLINE_CURVE_WITH_KNOTS((4,4),(0.,1.),.UNSPECIFIED.)
CURVE()
GEOMETRIC_REPRESENTATION_ITEM()
RATIONAL_B_SPLINE_CURVE((1.,1.,1.,1.))
REPRESENTATION_ITEM('')
);
#1039=(
BOUNDED_CURVE()
B_SPLINE_CURVE(3,(#7386,#7387,#7388,#7389),.UNSPECIFIED.,.F.,.F.)
B_SPLINE_CURVE_WITH_KNOTS((4,4),(0.,1.),.UNSPECIFIED.)
CURVE()
GEOMETRIC_REPRESENTATION_ITEM()
RATIONAL_B_SPLINE_CURVE((1.,1.,1.,1.))
REPRESENTATION_ITEM('')
);
#1040=(
BOUNDED_CURVE()
B_SPLINE_CURVE(3,(#7391,#7392,#7393,#7394),.UNSPECIFIED.,.F.,.F.)
B_SPLINE_CURVE_WITH_KNOTS((4,4),(0.,1.),.UNSPECIFIED.)
CURVE()
GEOMETRIC_REPRESENTATION_ITEM()
RATIONAL_B_SPLINE_CURVE((1.,1.,1.,1.))
REPRESENTATION_ITEM('')
);
#1041=(
BOUNDED_CURVE()
B_SPLINE_CURVE(3,(#7411,#7412,#7413,#7414),.UNSPECIFIED.,.F.,.F.)
B_SPLINE_CURVE_WITH_KNOTS((4,4),(0.,1.),.UNSPECIFIED.)
CURVE()
GEOMETRIC_REPRESENTATION_ITEM()
RATIONAL_B_SPLINE_CURVE((1.,1.,1.,1.))
REPRESENTATION_ITEM('')
);
#1042=(
BOUNDED_CURVE()
B_SPLINE_CURVE(3,(#7416,#7417,#7418,#7419),.UNSPECIFIED.,.F.,.F.)
B_SPLINE_CURVE_WITH_KNOTS((4,4),(0.,1.),.UNSPECIFIED.)
CURVE()
GEOMETRIC_REPRESENTATION_ITEM()
RATIONAL_B_SPLINE_CURVE((1.,1.,1.,1.))
REPRESENTATION_ITEM('')
);
#1043=(
BOUNDED_CURVE()
B_SPLINE_CURVE(3,(#7430,#7431,#7432,#7433),.UNSPECIFIED.,.F.,.F.)
B_SPLINE_CURVE_WITH_KNOTS((4,4),(0.,1.),.UNSPECIFIED.)
CURVE()
GEOMETRIC_REPRESENTATION_ITEM()
RATIONAL_B_SPLINE_CURVE((1.,1.,1.,1.))
REPRESENTATION_ITEM('')
);
#1044=(
BOUNDED_CURVE()
B_SPLINE_CURVE(3,(#7435,#7436,#7437,#7438),.UNSPECIFIED.,.F.,.F.)
B_SPLINE_CURVE_WITH_KNOTS((4,4),(0.,1.),.UNSPECIFIED.)
CURVE()
GEOMETRIC_REPRESENTATION_ITEM()
RATIONAL_B_SPLINE_CURVE((1.,1.,1.,1.))
REPRESENTATION_ITEM('')
);
#1045=(
BOUNDED_CURVE()
B_SPLINE_CURVE(3,(#7449,#7450,#7451,#7452),.UNSPECIFIED.,.F.,.F.)
B_SPLINE_CURVE_WITH_KNOTS((4,4),(0.,1.),.UNSPECIFIED.)
CURVE()
GEOMETRIC_REPRESENTATION_ITEM()
RATIONAL_B_SPLINE_CURVE((1.,1.,1.,1.))
REPRESENTATION_ITEM('')
);
#1046=(
BOUNDED_CURVE()
B_SPLINE_CURVE(3,(#7454,#7455,#7456,#7457),.UNSPECIFIED.,.F.,.F.)
B_SPLINE_CURVE_WITH_KNOTS((4,4),(0.,1.),.UNSPECIFIED.)
CURVE()
GEOMETRIC_REPRESENTATION_ITEM()
RATIONAL_B_SPLINE_CURVE((1.,1.,1.,1.))
REPRESENTATION_ITEM('')
);
#1047=(
BOUNDED_CURVE()
B_SPLINE_CURVE(3,(#7467,#7468,#7469,#7470),.UNSPECIFIED.,.F.,.F.)
B_SPLINE_CURVE_WITH_KNOTS((4,4),(0.,1.),.UNSPECIFIED.)
CURVE()
GEOMETRIC_REPRESENTATION_ITEM()
RATIONAL_B_SPLINE_CURVE((1.,1.,1.,1.))
REPRESENTATION_ITEM('')
);
#1048=(
BOUNDED_CURVE()
B_SPLINE_CURVE(3,(#7471,#7472,#7473,#7474),.UNSPECIFIED.,.F.,.F.)
B_SPLINE_CURVE_WITH_KNOTS((4,4),(0.,1.),.UNSPECIFIED.)
CURVE()
GEOMETRIC_REPRESENTATION_ITEM()
RATIONAL_B_SPLINE_CURVE((1.,1.,1.,1.))
REPRESENTATION_ITEM('')
);
#1049=(
BOUNDED_CURVE()
B_SPLINE_CURVE(3,(#7487,#7488,#7489,#7490),.UNSPECIFIED.,.F.,.F.)
B_SPLINE_CURVE_WITH_KNOTS((4,4),(0.,1.),.UNSPECIFIED.)
CURVE()
GEOMETRIC_REPRESENTATION_ITEM()
RATIONAL_B_SPLINE_CURVE((1.,1.,1.,1.))
REPRESENTATION_ITEM('')
);
#1050=(
BOUNDED_CURVE()
B_SPLINE_CURVE(3,(#7494,#7495,#7496,#7497),.UNSPECIFIED.,.F.,.F.)
B_SPLINE_CURVE_WITH_KNOTS((4,4),(0.,1.),.UNSPECIFIED.)
CURVE()
GEOMETRIC_REPRESENTATION_ITEM()
RATIONAL_B_SPLINE_CURVE((1.,1.,1.,1.))
REPRESENTATION_ITEM('')
);
#1051=(
BOUNDED_CURVE()
B_SPLINE_CURVE(3,(#7508,#7509,#7510,#7511),.UNSPECIFIED.,.F.,.F.)
B_SPLINE_CURVE_WITH_KNOTS((4,4),(0.,1.),.UNSPECIFIED.)
CURVE()
GEOMETRIC_REPRESENTATION_ITEM()
RATIONAL_B_SPLINE_CURVE((1.,1.,1.,1.))
REPRESENTATION_ITEM('')
);
#1052=(
BOUNDED_CURVE()
B_SPLINE_CURVE(3,(#7513,#7514,#7515,#7516),.UNSPECIFIED.,.F.,.F.)
B_SPLINE_CURVE_WITH_KNOTS((4,4),(0.,1.),.UNSPECIFIED.)
CURVE()
GEOMETRIC_REPRESENTATION_ITEM()
RATIONAL_B_SPLINE_CURVE((1.,1.,1.,1.))
REPRESENTATION_ITEM('')
);
#1053=(
BOUNDED_CURVE()
B_SPLINE_CURVE(3,(#7527,#7528,#7529,#7530),.UNSPECIFIED.,.F.,.F.)
B_SPLINE_CURVE_WITH_KNOTS((4,4),(0.,1.),.UNSPECIFIED.)
CURVE()
GEOMETRIC_REPRESENTATION_ITEM()
RATIONAL_B_SPLINE_CURVE((1.,1.,1.,1.))
REPRESENTATION_ITEM('')
);
#1054=(
BOUNDED_CURVE()
B_SPLINE_CURVE(3,(#7532,#7533,#7534,#7535),.UNSPECIFIED.,.F.,.F.)
B_SPLINE_CURVE_WITH_KNOTS((4,4),(0.,1.),.UNSPECIFIED.)
CURVE()
GEOMETRIC_REPRESENTATION_ITEM()
RATIONAL_B_SPLINE_CURVE((1.,1.,1.,1.))
REPRESENTATION_ITEM('')
);
#1055=(
BOUNDED_CURVE()
B_SPLINE_CURVE(3,(#7546,#7547,#7548,#7549),.UNSPECIFIED.,.F.,.F.)
B_SPLINE_CURVE_WITH_KNOTS((4,4),(0.,1.),.UNSPECIFIED.)
CURVE()
GEOMETRIC_REPRESENTATION_ITEM()
RATIONAL_B_SPLINE_CURVE((1.,1.,1.,1.))
REPRESENTATION_ITEM('')
);
#1056=(
BOUNDED_CURVE()
B_SPLINE_CURVE(3,(#7551,#7552,#7553,#7554),.UNSPECIFIED.,.F.,.F.)
B_SPLINE_CURVE_WITH_KNOTS((4,4),(0.,1.),.UNSPECIFIED.)
CURVE()
GEOMETRIC_REPRESENTATION_ITEM()
RATIONAL_B_SPLINE_CURVE((1.,1.,1.,1.))
REPRESENTATION_ITEM('')
);
#1057=(
BOUNDED_CURVE()
B_SPLINE_CURVE(3,(#7564,#7565,#7566,#7567),.UNSPECIFIED.,.F.,.F.)
B_SPLINE_CURVE_WITH_KNOTS((4,4),(0.,1.),.UNSPECIFIED.)
CURVE()
GEOMETRIC_REPRESENTATION_ITEM()
RATIONAL_B_SPLINE_CURVE((1.,1.,1.,1.))
REPRESENTATION_ITEM('')
);
#1058=(
BOUNDED_CURVE()
B_SPLINE_CURVE(3,(#7568,#7569,#7570,#7571),.UNSPECIFIED.,.F.,.F.)
B_SPLINE_CURVE_WITH_KNOTS((4,4),(0.,1.),.UNSPECIFIED.)
CURVE()
GEOMETRIC_REPRESENTATION_ITEM()
RATIONAL_B_SPLINE_CURVE((1.,1.,1.,1.))
REPRESENTATION_ITEM('')
);
#1059=VERTEX_POINT('',#3256);
#1060=VERTEX_POINT('',#3257);
#1061=VERTEX_POINT('',#3262);
#1062=VERTEX_POINT('',#3264);
#1063=VERTEX_POINT('',#3271);
#1064=VERTEX_POINT('',#3273);
#1065=VERTEX_POINT('',#3284);
#1066=VERTEX_POINT('',#3289);
#1067=VERTEX_POINT('',#3303);
#1068=VERTEX_POINT('',#3308);
#1069=VERTEX_POINT('',#3322);
#1070=VERTEX_POINT('',#3327);
#1071=VERTEX_POINT('',#3334);
#1072=VERTEX_POINT('',#3336);
#1073=VERTEX_POINT('',#3340);
#1074=VERTEX_POINT('',#3342);
#1075=VERTEX_POINT('',#3370);
#1076=VERTEX_POINT('',#3371);
#1077=VERTEX_POINT('',#3376);
#1078=VERTEX_POINT('',#3378);
#1079=VERTEX_POINT('',#3392);
#1080=VERTEX_POINT('',#3397);
#1081=VERTEX_POINT('',#3404);
#1082=VERTEX_POINT('',#3406);
#1083=VERTEX_POINT('',#3417);
#1084=VERTEX_POINT('',#3422);
#1085=VERTEX_POINT('',#3436);
#1086=VERTEX_POINT('',#3441);
#1087=VERTEX_POINT('',#3455);
#1088=VERTEX_POINT('',#3460);
#1089=VERTEX_POINT('',#3474);
#1090=VERTEX_POINT('',#3479);
#1091=VERTEX_POINT('',#3493);
#1092=VERTEX_POINT('',#3498);
#1093=VERTEX_POINT('',#3512);
#1094=VERTEX_POINT('',#3517);
#1095=VERTEX_POINT('',#3524);
#1096=VERTEX_POINT('',#3526);
#1097=VERTEX_POINT('',#3537);
#1098=VERTEX_POINT('',#3542);
#1099=VERTEX_POINT('',#3556);
#1100=VERTEX_POINT('',#3561);
#1101=VERTEX_POINT('',#3575);
#1102=VERTEX_POINT('',#3580);
#1103=VERTEX_POINT('',#3587);
#1104=VERTEX_POINT('',#3589);
#1105=VERTEX_POINT('',#3597);
#1106=VERTEX_POINT('',#3598);
#1107=VERTEX_POINT('',#3600);
#1108=VERTEX_POINT('',#3602);
#1109=VERTEX_POINT('',#3613);
#1110=VERTEX_POINT('',#3618);
#1111=VERTEX_POINT('',#3632);
#1112=VERTEX_POINT('',#3637);
#1113=VERTEX_POINT('',#3651);
#1114=VERTEX_POINT('',#3656);
#1115=VERTEX_POINT('',#3670);
#1116=VERTEX_POINT('',#3675);
#1117=VERTEX_POINT('',#3689);
#1118=VERTEX_POINT('',#3694);
#1119=VERTEX_POINT('',#3701);
#1120=VERTEX_POINT('',#3703);
#1121=VERTEX_POINT('',#3707);
#1122=VERTEX_POINT('',#3709);
#1123=VERTEX_POINT('',#3720);
#1124=VERTEX_POINT('',#3725);
#1125=VERTEX_POINT('',#3739);
#1126=VERTEX_POINT('',#3744);
#1127=VERTEX_POINT('',#3758);
#1128=VERTEX_POINT('',#3763);
#1129=VERTEX_POINT('',#3781);
#1130=VERTEX_POINT('',#3782);
#1131=VERTEX_POINT('',#3787);
#1132=VERTEX_POINT('',#3789);
#1133=VERTEX_POINT('',#3803);
#1134=VERTEX_POINT('',#3808);
#1135=VERTEX_POINT('',#3815);
#1136=VERTEX_POINT('',#3817);
#1137=VERTEX_POINT('',#3828);
#1138=VERTEX_POINT('',#3833);
#1139=VERTEX_POINT('',#3847);
#1140=VERTEX_POINT('',#3852);
#1141=VERTEX_POINT('',#3859);
#1142=VERTEX_POINT('',#3861);
#1143=VERTEX_POINT('',#3872);
#1144=VERTEX_POINT('',#3877);
#1145=VERTEX_POINT('',#3891);
#1146=VERTEX_POINT('',#3896);
#1147=VERTEX_POINT('',#3910);
#1148=VERTEX_POINT('',#3915);
#1149=VERTEX_POINT('',#3922);
#1150=VERTEX_POINT('',#3924);
#1151=VERTEX_POINT('',#3935);
#1152=VERTEX_POINT('',#3940);
#1153=VERTEX_POINT('',#3954);
#1154=VERTEX_POINT('',#3959);
#1155=VERTEX_POINT('',#3973);
#1156=VERTEX_POINT('',#3978);
#1157=VERTEX_POINT('',#4009);
#1158=VERTEX_POINT('',#4010);
#1159=VERTEX_POINT('',#4015);
#1160=VERTEX_POINT('',#4017);
#1161=VERTEX_POINT('',#4031);
#1162=VERTEX_POINT('',#4036);
#1163=VERTEX_POINT('',#4050);
#1164=VERTEX_POINT('',#4055);
#1165=VERTEX_POINT('',#4069);
#1166=VERTEX_POINT('',#4074);
#1167=VERTEX_POINT('',#4098);
#1168=VERTEX_POINT('',#4099);
#1169=VERTEX_POINT('',#4101);
#1170=VERTEX_POINT('',#4103);
#1171=VERTEX_POINT('',#4107);
#1172=VERTEX_POINT('',#4109);
#1173=VERTEX_POINT('',#4113);
#1174=VERTEX_POINT('',#4115);
#1175=VERTEX_POINT('',#4119);
#1176=VERTEX_POINT('',#4121);
#1177=VERTEX_POINT('',#4125);
#1178=VERTEX_POINT('',#4127);
#1179=VERTEX_POINT('',#4131);
#1180=VERTEX_POINT('',#4133);
#1181=VERTEX_POINT('',#4137);
#1182=VERTEX_POINT('',#4139);
#1183=VERTEX_POINT('',#4143);
#1184=VERTEX_POINT('',#4145);
#1185=VERTEX_POINT('',#4149);
#1186=VERTEX_POINT('',#4151);
#1187=VERTEX_POINT('',#4155);
#1188=VERTEX_POINT('',#4157);
#1189=VERTEX_POINT('',#4161);
#1190=VERTEX_POINT('',#4163);
#1191=VERTEX_POINT('',#4170);
#1192=VERTEX_POINT('',#4172);
#1193=VERTEX_POINT('',#4176);
#1194=VERTEX_POINT('',#4180);
#1195=VERTEX_POINT('',#4184);
#1196=VERTEX_POINT('',#4188);
#1197=VERTEX_POINT('',#4192);
#1198=VERTEX_POINT('',#4196);
#1199=VERTEX_POINT('',#4200);
#1200=VERTEX_POINT('',#4204);
#1201=VERTEX_POINT('',#4208);
#1202=VERTEX_POINT('',#4212);
#1203=VERTEX_POINT('',#4219);
#1204=VERTEX_POINT('',#4221);
#1205=VERTEX_POINT('',#4226);
#1206=VERTEX_POINT('',#4491);
#1207=VERTEX_POINT('',#5871);
#1208=VERTEX_POINT('',#5872);
#1209=VERTEX_POINT('',#5874);
#1210=VERTEX_POINT('',#5882);
#1211=VERTEX_POINT('',#5922);
#1212=VERTEX_POINT('',#5932);
#1213=VERTEX_POINT('',#5973);
#1214=VERTEX_POINT('',#5984);
#1215=VERTEX_POINT('',#6054);
#1216=VERTEX_POINT('',#6065);
#1217=VERTEX_POINT('',#6672);
#1218=VERTEX_POINT('',#6728);
#1219=VERTEX_POINT('',#6729);
#1220=VERTEX_POINT('',#6734);
#1221=VERTEX_POINT('',#6736);
#1222=VERTEX_POINT('',#6743);
#1223=VERTEX_POINT('',#6745);
#1224=VERTEX_POINT('',#6756);
#1225=VERTEX_POINT('',#6761);
#1226=VERTEX_POINT('',#6775);
#1227=VERTEX_POINT('',#6780);
#1228=VERTEX_POINT('',#6794);
#1229=VERTEX_POINT('',#6799);
#1230=VERTEX_POINT('',#6806);
#1231=VERTEX_POINT('',#6808);
#1232=VERTEX_POINT('',#6812);
#1233=VERTEX_POINT('',#6814);
#1234=VERTEX_POINT('',#6843);
#1235=VERTEX_POINT('',#6844);
#1236=VERTEX_POINT('',#6849);
#1237=VERTEX_POINT('',#6851);
#1238=VERTEX_POINT('',#6865);
#1239=VERTEX_POINT('',#6870);
#1240=VERTEX_POINT('',#6877);
#1241=VERTEX_POINT('',#6879);
#1242=VERTEX_POINT('',#6890);
#1243=VERTEX_POINT('',#6895);
#1244=VERTEX_POINT('',#6909);
#1245=VERTEX_POINT('',#6914);
#1246=VERTEX_POINT('',#6928);
#1247=VERTEX_POINT('',#6933);
#1248=VERTEX_POINT('',#6947);
#1249=VERTEX_POINT('',#6952);
#1250=VERTEX_POINT('',#6966);
#1251=VERTEX_POINT('',#6971);
#1252=VERTEX_POINT('',#6985);
#1253=VERTEX_POINT('',#6990);
#1254=VERTEX_POINT('',#6997);
#1255=VERTEX_POINT('',#6999);
#1256=VERTEX_POINT('',#7010);
#1257=VERTEX_POINT('',#7015);
#1258=VERTEX_POINT('',#7029);
#1259=VERTEX_POINT('',#7034);
#1260=VERTEX_POINT('',#7048);
#1261=VERTEX_POINT('',#7053);
#1262=VERTEX_POINT('',#7060);
#1263=VERTEX_POINT('',#7062);
#1264=VERTEX_POINT('',#7071);
#1265=VERTEX_POINT('',#7072);
#1266=VERTEX_POINT('',#7074);
#1267=VERTEX_POINT('',#7076);
#1268=VERTEX_POINT('',#7087);
#1269=VERTEX_POINT('',#7092);
#1270=VERTEX_POINT('',#7106);
#1271=VERTEX_POINT('',#7111);
#1272=VERTEX_POINT('',#7125);
#1273=VERTEX_POINT('',#7130);
#1274=VERTEX_POINT('',#7144);
#1275=VERTEX_POINT('',#7149);
#1276=VERTEX_POINT('',#7163);
#1277=VERTEX_POINT('',#7168);
#1278=VERTEX_POINT('',#7175);
#1279=VERTEX_POINT('',#7177);
#1280=VERTEX_POINT('',#7181);
#1281=VERTEX_POINT('',#7183);
#1282=VERTEX_POINT('',#7194);
#1283=VERTEX_POINT('',#7199);
#1284=VERTEX_POINT('',#7213);
#1285=VERTEX_POINT('',#7218);
#1286=VERTEX_POINT('',#7232);
#1287=VERTEX_POINT('',#7237);
#1288=VERTEX_POINT('',#7256);
#1289=VERTEX_POINT('',#7257);
#1290=VERTEX_POINT('',#7262);
#1291=VERTEX_POINT('',#7264);
#1292=VERTEX_POINT('',#7278);
#1293=VERTEX_POINT('',#7283);
#1294=VERTEX_POINT('',#7290);
#1295=VERTEX_POINT('',#7292);
#1296=VERTEX_POINT('',#7303);
#1297=VERTEX_POINT('',#7308);
#1298=VERTEX_POINT('',#7322);
#1299=VERTEX_POINT('',#7327);
#1300=VERTEX_POINT('',#7334);
#1301=VERTEX_POINT('',#7336);
#1302=VERTEX_POINT('',#7347);
#1303=VERTEX_POINT('',#7352);
#1304=VERTEX_POINT('',#7366);
#1305=VERTEX_POINT('',#7371);
#1306=VERTEX_POINT('',#7385);
#1307=VERTEX_POINT('',#7390);
#1308=VERTEX_POINT('',#7397);
#1309=VERTEX_POINT('',#7399);
#1310=VERTEX_POINT('',#7410);
#1311=VERTEX_POINT('',#7415);
#1312=VERTEX_POINT('',#7429);
#1313=VERTEX_POINT('',#7434);
#1314=VERTEX_POINT('',#7448);
#1315=VERTEX_POINT('',#7453);
#1316=VERTEX_POINT('',#7485);
#1317=VERTEX_POINT('',#7486);
#1318=VERTEX_POINT('',#7491);
#1319=VERTEX_POINT('',#7493);
#1320=VERTEX_POINT('',#7507);
#1321=VERTEX_POINT('',#7512);
#1322=VERTEX_POINT('',#7526);
#1323=VERTEX_POINT('',#7531);
#1324=VERTEX_POINT('',#7545);
#1325=VERTEX_POINT('',#7550);
#1326=EDGE_CURVE('',#1059,#1060,#899,.T.);
#1327=EDGE_CURVE('',#1059,#1061,#445,.T.);
#1328=EDGE_CURVE('',#1061,#1062,#900,.T.);
#1329=EDGE_CURVE('',#1060,#1062,#446,.T.);
#1330=EDGE_CURVE('',#1063,#1059,#447,.T.);
#1331=EDGE_CURVE('',#1063,#1064,#448,.T.);
#1332=EDGE_CURVE('',#1064,#1061,#449,.T.);
#1333=EDGE_CURVE('',#1065,#1063,#901,.T.);
#1334=EDGE_CURVE('',#1065,#1066,#450,.T.);
#1335=EDGE_CURVE('',#1066,#1064,#902,.T.);
#1336=EDGE_CURVE('',#1067,#1065,#903,.T.);
#1337=EDGE_CURVE('',#1067,#1068,#451,.T.);
#1338=EDGE_CURVE('',#1068,#1066,#904,.T.);
#1339=EDGE_CURVE('',#1069,#1067,#905,.T.);
#1340=EDGE_CURVE('',#1069,#1070,#452,.T.);
#1341=EDGE_CURVE('',#1070,#1068,#906,.T.);
#1342=EDGE_CURVE('',#1071,#1069,#453,.T.);
#1343=EDGE_CURVE('',#1071,#1072,#454,.T.);
#1344=EDGE_CURVE('',#1072,#1070,#455,.T.);
#1345=EDGE_CURVE('',#1073,#1071,#456,.T.);
#1346=EDGE_CURVE('',#1073,#1074,#457,.T.);
#1347=EDGE_CURVE('',#1074,#1072,#458,.T.);
#1348=EDGE_CURVE('',#1060,#1073,#907,.T.);
#1349=EDGE_CURVE('',#1062,#1074,#908,.T.);
#1350=EDGE_CURVE('',#1075,#1076,#909,.T.);
#1351=EDGE_CURVE('',#1075,#1077,#459,.T.);
#1352=EDGE_CURVE('',#1077,#1078,#910,.T.);
#1353=EDGE_CURVE('',#1076,#1078,#460,.T.);
#1354=EDGE_CURVE('',#1079,#1075,#911,.T.);
#1355=EDGE_CURVE('',#1079,#1080,#461,.T.);
#1356=EDGE_CURVE('',#1080,#1077,#912,.T.);
#1357=EDGE_CURVE('',#1081,#1079,#462,.T.);
#1358=EDGE_CURVE('',#1081,#1082,#463,.T.);
#1359=EDGE_CURVE('',#1082,#1080,#464,.T.);
#1360=EDGE_CURVE('',#1083,#1081,#913,.T.);
#1361=EDGE_CURVE('',#1083,#1084,#465,.T.);
#1362=EDGE_CURVE('',#1084,#1082,#914,.T.);
#1363=EDGE_CURVE('',#1085,#1083,#915,.T.);
#1364=EDGE_CURVE('',#1085,#1086,#466,.T.);
#1365=EDGE_CURVE('',#1086,#1084,#916,.T.);
#1366=EDGE_CURVE('',#1087,#1085,#917,.T.);
#1367=EDGE_CURVE('',#1087,#1088,#467,.T.);
#1368=EDGE_CURVE('',#1088,#1086,#918,.T.);
#1369=EDGE_CURVE('',#1089,#1087,#919,.T.);
#1370=EDGE_CURVE('',#1089,#1090,#468,.T.);
#1371=EDGE_CURVE('',#1090,#1088,#920,.T.);
#1372=EDGE_CURVE('',#1091,#1089,#921,.T.);
#1373=EDGE_CURVE('',#1091,#1092,#469,.T.);
#1374=EDGE_CURVE('',#1092,#1090,#922,.T.);
#1375=EDGE_CURVE('',#1093,#1091,#923,.T.);
#1376=EDGE_CURVE('',#1093,#1094,#470,.T.);
#1377=EDGE_CURVE('',#1094,#1092,#924,.T.);
#1378=EDGE_CURVE('',#1095,#1093,#471,.T.);
#1379=EDGE_CURVE('',#1095,#1096,#472,.T.);
#1380=EDGE_CURVE('',#1096,#1094,#473,.T.);
#1381=EDGE_CURVE('',#1097,#1095,#925,.T.);
#1382=EDGE_CURVE('',#1097,#1098,#474,.T.);
#1383=EDGE_CURVE('',#1098,#1096,#926,.T.);
#1384=EDGE_CURVE('',#1099,#1097,#927,.T.);
#1385=EDGE_CURVE('',#1099,#1100,#475,.T.);
#1386=EDGE_CURVE('',#1100,#1098,#928,.T.);
#1387=EDGE_CURVE('',#1101,#1099,#929,.T.);
#1388=EDGE_CURVE('',#1101,#1102,#476,.T.);
#1389=EDGE_CURVE('',#1102,#1100,#930,.T.);
#1390=EDGE_CURVE('',#1103,#1101,#477,.T.);
#1391=EDGE_CURVE('',#1103,#1104,#478,.T.);
#1392=EDGE_CURVE('',#1104,#1102,#479,.T.);
#1393=EDGE_CURVE('',#1076,#1103,#480,.T.);
#1394=EDGE_CURVE('',#1078,#1104,#481,.T.);
#1395=EDGE_CURVE('',#1105,#1106,#482,.T.);
#1396=EDGE_CURVE('',#1105,#1107,#483,.T.);
#1397=EDGE_CURVE('',#1107,#1108,#484,.T.);
#1398=EDGE_CURVE('',#1106,#1108,#485,.T.);
#1399=EDGE_CURVE('',#1109,#1105,#931,.T.);
#1400=EDGE_CURVE('',#1109,#1110,#486,.T.);
#1401=EDGE_CURVE('',#1110,#1107,#932,.T.);
#1402=EDGE_CURVE('',#1111,#1109,#933,.T.);
#1403=EDGE_CURVE('',#1111,#1112,#487,.T.);
#1404=EDGE_CURVE('',#1112,#1110,#934,.T.);
#1405=EDGE_CURVE('',#1113,#1111,#935,.T.);
#1406=EDGE_CURVE('',#1113,#1114,#488,.T.);
#1407=EDGE_CURVE('',#1114,#1112,#936,.T.);
#1408=EDGE_CURVE('',#1115,#1113,#937,.T.);
#1409=EDGE_CURVE('',#1115,#1116,#489,.T.);
#1410=EDGE_CURVE('',#1116,#1114,#938,.T.);
#1411=EDGE_CURVE('',#1117,#1115,#939,.T.);
#1412=EDGE_CURVE('',#1117,#1118,#490,.T.);
#1413=EDGE_CURVE('',#1118,#1116,#940,.T.);
#1414=EDGE_CURVE('',#1119,#1117,#491,.T.);
#1415=EDGE_CURVE('',#1119,#1120,#492,.T.);
#1416=EDGE_CURVE('',#1120,#1118,#493,.T.);
#1417=EDGE_CURVE('',#1121,#1119,#494,.T.);
#1418=EDGE_CURVE('',#1121,#1122,#495,.T.);
#1419=EDGE_CURVE('',#1122,#1120,#496,.T.);
#1420=EDGE_CURVE('',#1123,#1121,#941,.T.);
#1421=EDGE_CURVE('',#1123,#1124,#497,.T.);
#1422=EDGE_CURVE('',#1124,#1122,#942,.T.);
#1423=EDGE_CURVE('',#1125,#1123,#943,.T.);
#1424=EDGE_CURVE('',#1125,#1126,#498,.T.);
#1425=EDGE_CURVE('',#1126,#1124,#944,.T.);
#1426=EDGE_CURVE('',#1127,#1125,#945,.T.);
#1427=EDGE_CURVE('',#1127,#1128,#499,.T.);
#1428=EDGE_CURVE('',#1128,#1126,#946,.T.);
#1429=EDGE_CURVE('',#1106,#1127,#500,.T.);
#1430=EDGE_CURVE('',#1108,#1128,#501,.T.);
#1431=EDGE_CURVE('',#1129,#1130,#947,.T.);
#1432=EDGE_CURVE('',#1129,#1131,#502,.T.);
#1433=EDGE_CURVE('',#1131,#1132,#948,.T.);
#1434=EDGE_CURVE('',#1130,#1132,#503,.T.);
#1435=EDGE_CURVE('',#1133,#1129,#949,.T.);
#1436=EDGE_CURVE('',#1133,#1134,#504,.T.);
#1437=EDGE_CURVE('',#1134,#1131,#950,.T.);
#1438=EDGE_CURVE('',#1135,#1133,#505,.T.);
#1439=EDGE_CURVE('',#1135,#1136,#506,.T.);
#1440=EDGE_CURVE('',#1136,#1134,#507,.T.);
#1441=EDGE_CURVE('',#1137,#1135,#951,.T.);
#1442=EDGE_CURVE('',#1137,#1138,#508,.T.);
#1443=EDGE_CURVE('',#1138,#1136,#952,.T.);
#1444=EDGE_CURVE('',#1139,#1137,#953,.T.);
#1445=EDGE_CURVE('',#1139,#1140,#509,.T.);
#1446=EDGE_CURVE('',#1140,#1138,#954,.T.);
#1447=EDGE_CURVE('',#1141,#1139,#510,.T.);
#1448=EDGE_CURVE('',#1141,#1142,#511,.T.);
#1449=EDGE_CURVE('',#1142,#1140,#512,.T.);
#1450=EDGE_CURVE('',#1143,#1141,#955,.T.);
#1451=EDGE_CURVE('',#1143,#1144,#513,.T.);
#1452=EDGE_CURVE('',#1144,#1142,#956,.T.);
#1453=EDGE_CURVE('',#1145,#1143,#957,.T.);
#1454=EDGE_CURVE('',#1145,#1146,#514,.T.);
#1455=EDGE_CURVE('',#1146,#1144,#958,.T.);
#1456=EDGE_CURVE('',#1147,#1145,#959,.T.);
#1457=EDGE_CURVE('',#1147,#1148,#515,.T.);
#1458=EDGE_CURVE('',#1148,#1146,#960,.T.);
#1459=EDGE_CURVE('',#1149,#1147,#516,.T.);
#1460=EDGE_CURVE('',#1149,#1150,#517,.T.);
#1461=EDGE_CURVE('',#1150,#1148,#518,.T.);
#1462=EDGE_CURVE('',#1151,#1149,#961,.T.);
#1463=EDGE_CURVE('',#1151,#1152,#519,.T.);
#1464=EDGE_CURVE('',#1152,#1150,#962,.T.);
#1465=EDGE_CURVE('',#1153,#1151,#963,.T.);
#1466=EDGE_CURVE('',#1153,#1154,#520,.T.);
#1467=EDGE_CURVE('',#1154,#1152,#964,.T.);
#1468=EDGE_CURVE('',#1155,#1153,#965,.T.);
#1469=EDGE_CURVE('',#1155,#1156,#521,.T.);
#1470=EDGE_CURVE('',#1156,#1154,#966,.T.);
#1471=EDGE_CURVE('',#1130,#1155,#967,.T.);
#1472=EDGE_CURVE('',#1132,#1156,#968,.T.);
#1473=EDGE_CURVE('',#1157,#1158,#969,.T.);
#1474=EDGE_CURVE('',#1157,#1159,#522,.T.);
#1475=EDGE_CURVE('',#1159,#1160,#970,.T.);
#1476=EDGE_CURVE('',#1158,#1160,#523,.T.);
#1477=EDGE_CURVE('',#1161,#1157,#971,.T.);
#1478=EDGE_CURVE('',#1161,#1162,#524,.T.);
#1479=EDGE_CURVE('',#1162,#1159,#972,.T.);
#1480=EDGE_CURVE('',#1163,#1161,#973,.T.);
#1481=EDGE_CURVE('',#1163,#1164,#525,.T.);
#1482=EDGE_CURVE('',#1164,#1162,#974,.T.);
#1483=EDGE_CURVE('',#1165,#1163,#975,.T.);
#1484=EDGE_CURVE('',#1165,#1166,#526,.T.);
#1485=EDGE_CURVE('',#1166,#1164,#976,.T.);
#1486=EDGE_CURVE('',#1158,#1165,#977,.T.);
#1487=EDGE_CURVE('',#1160,#1166,#978,.T.);
#1488=EDGE_CURVE('',#1167,#1168,#527,.T.);
#1489=EDGE_CURVE('',#1167,#1169,#528,.T.);
#1490=EDGE_CURVE('',#1170,#1169,#529,.T.);
#1491=EDGE_CURVE('',#1168,#1170,#530,.T.);
#1492=EDGE_CURVE('',#1168,#1171,#531,.T.);
#1493=EDGE_CURVE('',#1172,#1170,#532,.T.);
#1494=EDGE_CURVE('',#1171,#1172,#533,.T.);
#1495=EDGE_CURVE('',#1171,#1173,#534,.T.);
#1496=EDGE_CURVE('',#1174,#1172,#535,.T.);
#1497=EDGE_CURVE('',#1173,#1174,#536,.T.);
#1498=EDGE_CURVE('',#1173,#1175,#537,.T.);
#1499=EDGE_CURVE('',#1176,#1174,#538,.T.);
#1500=EDGE_CURVE('',#1175,#1176,#539,.T.);
#1501=EDGE_CURVE('',#1175,#1177,#540,.T.);
#1502=EDGE_CURVE('',#1178,#1176,#541,.T.);
#1503=EDGE_CURVE('',#1177,#1178,#542,.T.);
#1504=EDGE_CURVE('',#1177,#1179,#543,.T.);
#1505=EDGE_CURVE('',#1180,#1178,#544,.T.);
#1506=EDGE_CURVE('',#1179,#1180,#545,.T.);
#1507=EDGE_CURVE('',#1179,#1181,#546,.T.);
#1508=EDGE_CURVE('',#1182,#1180,#547,.T.);
#1509=EDGE_CURVE('',#1181,#1182,#548,.T.);
#1510=EDGE_CURVE('',#1181,#1183,#549,.T.);
#1511=EDGE_CURVE('',#1184,#1182,#550,.T.);
#1512=EDGE_CURVE('',#1183,#1184,#551,.T.);
#1513=EDGE_CURVE('',#1183,#1185,#552,.T.);
#1514=EDGE_CURVE('',#1186,#1184,#553,.T.);
#1515=EDGE_CURVE('',#1185,#1186,#554,.T.);
#1516=EDGE_CURVE('',#1185,#1187,#555,.T.);
#1517=EDGE_CURVE('',#1188,#1186,#556,.T.);
#1518=EDGE_CURVE('',#1187,#1188,#557,.T.);
#1519=EDGE_CURVE('',#1187,#1189,#558,.T.);
#1520=EDGE_CURVE('',#1190,#1188,#559,.T.);
#1521=EDGE_CURVE('',#1189,#1190,#560,.T.);
#1522=EDGE_CURVE('',#1189,#1167,#561,.T.);
#1523=EDGE_CURVE('',#1169,#1190,#562,.T.);
#1524=EDGE_CURVE('',#1188,#1191,#563,.T.);
#1525=EDGE_CURVE('',#1191,#1192,#564,.T.);
#1526=EDGE_CURVE('',#1190,#1192,#565,.T.);
#1527=EDGE_CURVE('',#1186,#1193,#566,.T.);
#1528=EDGE_CURVE('',#1193,#1191,#567,.T.);
#1529=EDGE_CURVE('',#1184,#1194,#568,.T.);
#1530=EDGE_CURVE('',#1194,#1193,#569,.T.);
#1531=EDGE_CURVE('',#1182,#1195,#570,.T.);
#1532=EDGE_CURVE('',#1195,#1194,#571,.T.);
#1533=EDGE_CURVE('',#1180,#1196,#572,.T.);
#1534=EDGE_CURVE('',#1196,#1195,#573,.T.);
#1535=EDGE_CURVE('',#1178,#1197,#574,.T.);
#1536=EDGE_CURVE('',#1197,#1196,#575,.T.);
#1537=EDGE_CURVE('',#1176,#1198,#576,.T.);
#1538=EDGE_CURVE('',#1198,#1197,#577,.T.);
#1539=EDGE_CURVE('',#1174,#1199,#578,.T.);
#1540=EDGE_CURVE('',#1199,#1198,#579,.T.);
#1541=EDGE_CURVE('',#1172,#1200,#580,.T.);
#1542=EDGE_CURVE('',#1200,#1199,#581,.T.);
#1543=EDGE_CURVE('',#1170,#1201,#582,.T.);
#1544=EDGE_CURVE('',#1201,#1200,#583,.T.);
#1545=EDGE_CURVE('',#1169,#1202,#584,.T.);
#1546=EDGE_CURVE('',#1202,#1201,#585,.T.);
#1547=EDGE_CURVE('',#1192,#1202,#586,.T.);
#1548=EDGE_CURVE('',#1203,#1203,#49,.T.);
#1549=EDGE_CURVE('',#1203,#1204,#587,.T.);
#1550=EDGE_CURVE('',#1204,#1204,#50,.T.);
#1551=EDGE_CURVE('',#1205,#1205,#28,.T.);
#1552=EDGE_CURVE('',#1206,#1206,#29,.T.);
#1553=EDGE_CURVE('',#1206,#1205,#588,.T.);
#1554=EDGE_CURVE('',#1207,#1208,#51,.T.);
#1555=EDGE_CURVE('',#1208,#1209,#30,.T.);
#1556=EDGE_CURVE('',#1209,#1210,#31,.T.);
#1557=EDGE_CURVE('',#1210,#1211,#32,.T.);
#1558=EDGE_CURVE('',#1211,#1212,#33,.T.);
#1559=EDGE_CURVE('',#1212,#1213,#34,.T.);
#1560=EDGE_CURVE('',#1213,#1214,#35,.T.);
#1561=EDGE_CURVE('',#1214,#1215,#36,.T.);
#1562=EDGE_CURVE('',#1215,#1216,#37,.T.);
#1563=EDGE_CURVE('',#1216,#1208,#38,.T.);
#1564=EDGE_CURVE('',#1207,#1207,#39,.T.);
#1565=EDGE_CURVE('',#1217,#1216,#589,.T.);
#1566=EDGE_CURVE('',#1217,#1217,#40,.T.);
#1567=EDGE_CURVE('',#1218,#1219,#979,.T.);
#1568=EDGE_CURVE('',#1219,#1220,#590,.T.);
#1569=EDGE_CURVE('',#1221,#1220,#980,.T.);
#1570=EDGE_CURVE('',#1218,#1221,#591,.T.);
#1571=EDGE_CURVE('',#1222,#1218,#592,.T.);
#1572=EDGE_CURVE('',#1223,#1221,#593,.T.);
#1573=EDGE_CURVE('',#1222,#1223,#594,.T.);
#1574=EDGE_CURVE('',#1224,#1222,#981,.T.);
#1575=EDGE_CURVE('',#1225,#1223,#982,.T.);
#1576=EDGE_CURVE('',#1224,#1225,#595,.T.);
#1577=EDGE_CURVE('',#1226,#1224,#983,.T.);
#1578=EDGE_CURVE('',#1227,#1225,#984,.T.);
#1579=EDGE_CURVE('',#1226,#1227,#596,.T.);
#1580=EDGE_CURVE('',#1228,#1226,#985,.T.);
#1581=EDGE_CURVE('',#1229,#1227,#986,.T.);
#1582=EDGE_CURVE('',#1228,#1229,#597,.T.);
#1583=EDGE_CURVE('',#1230,#1228,#598,.T.);
#1584=EDGE_CURVE('',#1231,#1229,#599,.T.);
#1585=EDGE_CURVE('',#1230,#1231,#600,.T.);
#1586=EDGE_CURVE('',#1232,#1230,#601,.T.);
#1587=EDGE_CURVE('',#1233,#1231,#602,.T.);
#1588=EDGE_CURVE('',#1232,#1233,#603,.T.);
#1589=EDGE_CURVE('',#1219,#1232,#987,.T.);
#1590=EDGE_CURVE('',#1220,#1233,#988,.T.);
#1591=EDGE_CURVE('',#1234,#1235,#989,.T.);
#1592=EDGE_CURVE('',#1235,#1236,#604,.T.);
#1593=EDGE_CURVE('',#1237,#1236,#990,.T.);
#1594=EDGE_CURVE('',#1234,#1237,#605,.T.);
#1595=EDGE_CURVE('',#1238,#1234,#991,.T.);
#1596=EDGE_CURVE('',#1239,#1237,#992,.T.);
#1597=EDGE_CURVE('',#1238,#1239,#606,.T.);
#1598=EDGE_CURVE('',#1240,#1238,#607,.T.);
#1599=EDGE_CURVE('',#1241,#1239,#608,.T.);
#1600=EDGE_CURVE('',#1240,#1241,#609,.T.);
#1601=EDGE_CURVE('',#1242,#1240,#993,.T.);
#1602=EDGE_CURVE('',#1243,#1241,#994,.T.);
#1603=EDGE_CURVE('',#1242,#1243,#610,.T.);
#1604=EDGE_CURVE('',#1244,#1242,#995,.T.);
#1605=EDGE_CURVE('',#1245,#1243,#996,.T.);
#1606=EDGE_CURVE('',#1244,#1245,#611,.T.);
#1607=EDGE_CURVE('',#1246,#1244,#997,.T.);
#1608=EDGE_CURVE('',#1247,#1245,#998,.T.);
#1609=EDGE_CURVE('',#1246,#1247,#612,.T.);
#1610=EDGE_CURVE('',#1248,#1246,#999,.T.);
#1611=EDGE_CURVE('',#1249,#1247,#1000,.T.);
#1612=EDGE_CURVE('',#1248,#1249,#613,.T.);
#1613=EDGE_CURVE('',#1250,#1248,#1001,.T.);
#1614=EDGE_CURVE('',#1251,#1249,#1002,.T.);
#1615=EDGE_CURVE('',#1250,#1251,#614,.T.);
#1616=EDGE_CURVE('',#1252,#1250,#1003,.T.);
#1617=EDGE_CURVE('',#1253,#1251,#1004,.T.);
#1618=EDGE_CURVE('',#1252,#1253,#615,.T.);
#1619=EDGE_CURVE('',#1254,#1252,#616,.T.);
#1620=EDGE_CURVE('',#1255,#1253,#617,.T.);
#1621=EDGE_CURVE('',#1254,#1255,#618,.T.);
#1622=EDGE_CURVE('',#1256,#1254,#1005,.T.);
#1623=EDGE_CURVE('',#1257,#1255,#1006,.T.);
#1624=EDGE_CURVE('',#1256,#1257,#619,.T.);
#1625=EDGE_CURVE('',#1258,#1256,#1007,.T.);
#1626=EDGE_CURVE('',#1259,#1257,#1008,.T.);
#1627=EDGE_CURVE('',#1258,#1259,#620,.T.);
#1628=EDGE_CURVE('',#1260,#1258,#1009,.T.);
#1629=EDGE_CURVE('',#1261,#1259,#1010,.T.);
#1630=EDGE_CURVE('',#1260,#1261,#621,.T.);
#1631=EDGE_CURVE('',#1262,#1260,#622,.T.);
#1632=EDGE_CURVE('',#1263,#1261,#623,.T.);
#1633=EDGE_CURVE('',#1262,#1263,#624,.T.);
#1634=EDGE_CURVE('',#1235,#1262,#625,.T.);
#1635=EDGE_CURVE('',#1236,#1263,#626,.T.);
#1636=EDGE_CURVE('',#1264,#1265,#627,.T.);
#1637=EDGE_CURVE('',#1265,#1266,#628,.T.);
#1638=EDGE_CURVE('',#1267,#1266,#629,.T.);
#1639=EDGE_CURVE('',#1264,#1267,#630,.T.);
#1640=EDGE_CURVE('',#1268,#1264,#1011,.T.);
#1641=EDGE_CURVE('',#1269,#1267,#1012,.T.);
#1642=EDGE_CURVE('',#1268,#1269,#631,.T.);
#1643=EDGE_CURVE('',#1270,#1268,#1013,.T.);
#1644=EDGE_CURVE('',#1271,#1269,#1014,.T.);
#1645=EDGE_CURVE('',#1270,#1271,#632,.T.);
#1646=EDGE_CURVE('',#1272,#1270,#1015,.T.);
#1647=EDGE_CURVE('',#1273,#1271,#1016,.T.);
#1648=EDGE_CURVE('',#1272,#1273,#633,.T.);
#1649=EDGE_CURVE('',#1274,#1272,#1017,.T.);
#1650=EDGE_CURVE('',#1275,#1273,#1018,.T.);
#1651=EDGE_CURVE('',#1274,#1275,#634,.T.);
#1652=EDGE_CURVE('',#1276,#1274,#1019,.T.);
#1653=EDGE_CURVE('',#1277,#1275,#1020,.T.);
#1654=EDGE_CURVE('',#1276,#1277,#635,.T.);
#1655=EDGE_CURVE('',#1278,#1276,#636,.T.);
#1656=EDGE_CURVE('',#1279,#1277,#637,.T.);
#1657=EDGE_CURVE('',#1278,#1279,#638,.T.);
#1658=EDGE_CURVE('',#1280,#1278,#639,.T.);
#1659=EDGE_CURVE('',#1281,#1279,#640,.T.);
#1660=EDGE_CURVE('',#1280,#1281,#641,.T.);
#1661=EDGE_CURVE('',#1282,#1280,#1021,.T.);
#1662=EDGE_CURVE('',#1283,#1281,#1022,.T.);
#1663=EDGE_CURVE('',#1282,#1283,#642,.T.);
#1664=EDGE_CURVE('',#1284,#1282,#1023,.T.);
#1665=EDGE_CURVE('',#1285,#1283,#1024,.T.);
#1666=EDGE_CURVE('',#1284,#1285,#643,.T.);
#1667=EDGE_CURVE('',#1286,#1284,#1025,.T.);
#1668=EDGE_CURVE('',#1287,#1285,#1026,.T.);
#1669=EDGE_CURVE('',#1286,#1287,#644,.T.);
#1670=EDGE_CURVE('',#1265,#1286,#645,.T.);
#1671=EDGE_CURVE('',#1266,#1287,#646,.T.);
#1672=EDGE_CURVE('',#1288,#1289,#1027,.T.);
#1673=EDGE_CURVE('',#1289,#1290,#647,.T.);
#1674=EDGE_CURVE('',#1291,#1290,#1028,.T.);
#1675=EDGE_CURVE('',#1288,#1291,#648,.T.);
#1676=EDGE_CURVE('',#1292,#1288,#1029,.T.);
#1677=EDGE_CURVE('',#1293,#1291,#1030,.T.);
#1678=EDGE_CURVE('',#1292,#1293,#649,.T.);
#1679=EDGE_CURVE('',#1294,#1292,#650,.T.);
#1680=EDGE_CURVE('',#1295,#1293,#651,.T.);
#1681=EDGE_CURVE('',#1294,#1295,#652,.T.);
#1682=EDGE_CURVE('',#1296,#1294,#1031,.T.);
#1683=EDGE_CURVE('',#1297,#1295,#1032,.T.);
#1684=EDGE_CURVE('',#1296,#1297,#653,.T.);
#1685=EDGE_CURVE('',#1298,#1296,#1033,.T.);
#1686=EDGE_CURVE('',#1299,#1297,#1034,.T.);
#1687=EDGE_CURVE('',#1298,#1299,#654,.T.);
#1688=EDGE_CURVE('',#1300,#1298,#655,.T.);
#1689=EDGE_CURVE('',#1301,#1299,#656,.T.);
#1690=EDGE_CURVE('',#1300,#1301,#657,.T.);
#1691=EDGE_CURVE('',#1302,#1300,#1035,.T.);
#1692=EDGE_CURVE('',#1303,#1301,#1036,.T.);
#1693=EDGE_CURVE('',#1302,#1303,#658,.T.);
#1694=EDGE_CURVE('',#1304,#1302,#1037,.T.);
#1695=EDGE_CURVE('',#1305,#1303,#1038,.T.);
#1696=EDGE_CURVE('',#1304,#1305,#659,.T.);
#1697=EDGE_CURVE('',#1306,#1304,#1039,.T.);
#1698=EDGE_CURVE('',#1307,#1305,#1040,.T.);
#1699=EDGE_CURVE('',#1306,#1307,#660,.T.);
#1700=EDGE_CURVE('',#1308,#1306,#661,.T.);
#1701=EDGE_CURVE('',#1309,#1307,#662,.T.);
#1702=EDGE_CURVE('',#1308,#1309,#663,.T.);
#1703=EDGE_CURVE('',#1310,#1308,#1041,.T.);
#1704=EDGE_CURVE('',#1311,#1309,#1042,.T.);
#1705=EDGE_CURVE('',#1310,#1311,#664,.T.);
#1706=EDGE_CURVE('',#1312,#1310,#1043,.T.);
#1707=EDGE_CURVE('',#1313,#1311,#1044,.T.);
#1708=EDGE_CURVE('',#1312,#1313,#665,.T.);
#1709=EDGE_CURVE('',#1314,#1312,#1045,.T.);
#1710=EDGE_CURVE('',#1315,#1313,#1046,.T.);
#1711=EDGE_CURVE('',#1314,#1315,#666,.T.);
#1712=EDGE_CURVE('',#1289,#1314,#1047,.T.);
#1713=EDGE_CURVE('',#1290,#1315,#1048,.T.);
#1714=EDGE_CURVE('',#1316,#1317,#1049,.T.);
#1715=EDGE_CURVE('',#1317,#1318,#667,.T.);
#1716=EDGE_CURVE('',#1319,#1318,#1050,.T.);
#1717=EDGE_CURVE('',#1316,#1319,#668,.T.);
#1718=EDGE_CURVE('',#1320,#1316,#1051,.T.);
#1719=EDGE_CURVE('',#1321,#1319,#1052,.T.);
#1720=EDGE_CURVE('',#1320,#1321,#669,.T.);
#1721=EDGE_CURVE('',#1322,#1320,#1053,.T.);
#1722=EDGE_CURVE('',#1323,#1321,#1054,.T.);
#1723=EDGE_CURVE('',#1322,#1323,#670,.T.);
#1724=EDGE_CURVE('',#1324,#1322,#1055,.T.);
#1725=EDGE_CURVE('',#1325,#1323,#1056,.T.);
#1726=EDGE_CURVE('',#1324,#1325,#671,.T.);
#1727=EDGE_CURVE('',#1317,#1324,#1057,.T.);
#1728=EDGE_CURVE('',#1318,#1325,#1058,.T.);
#1729=ORIENTED_EDGE('',*,*,#1326,.F.);
#1730=ORIENTED_EDGE('',*,*,#1327,.T.);
#1731=ORIENTED_EDGE('',*,*,#1328,.T.);
#1732=ORIENTED_EDGE('',*,*,#1329,.F.);
#1733=ORIENTED_EDGE('',*,*,#1330,.F.);
#1734=ORIENTED_EDGE('',*,*,#1331,.T.);
#1735=ORIENTED_EDGE('',*,*,#1332,.T.);
#1736=ORIENTED_EDGE('',*,*,#1327,.F.);
#1737=ORIENTED_EDGE('',*,*,#1333,.F.);
#1738=ORIENTED_EDGE('',*,*,#1334,.T.);
#1739=ORIENTED_EDGE('',*,*,#1335,.T.);
#1740=ORIENTED_EDGE('',*,*,#1331,.F.);
#1741=ORIENTED_EDGE('',*,*,#1336,.F.);
#1742=ORIENTED_EDGE('',*,*,#1337,.T.);
#1743=ORIENTED_EDGE('',*,*,#1338,.T.);
#1744=ORIENTED_EDGE('',*,*,#1334,.F.);
#1745=ORIENTED_EDGE('',*,*,#1339,.F.);
#1746=ORIENTED_EDGE('',*,*,#1340,.T.);
#1747=ORIENTED_EDGE('',*,*,#1341,.T.);
#1748=ORIENTED_EDGE('',*,*,#1337,.F.);
#1749=ORIENTED_EDGE('',*,*,#1342,.F.);
#1750=ORIENTED_EDGE('',*,*,#1343,.T.);
#1751=ORIENTED_EDGE('',*,*,#1344,.T.);
#1752=ORIENTED_EDGE('',*,*,#1340,.F.);
#1753=ORIENTED_EDGE('',*,*,#1345,.F.);
#1754=ORIENTED_EDGE('',*,*,#1346,.T.);
#1755=ORIENTED_EDGE('',*,*,#1347,.T.);
#1756=ORIENTED_EDGE('',*,*,#1343,.F.);
#1757=ORIENTED_EDGE('',*,*,#1348,.F.);
#1758=ORIENTED_EDGE('',*,*,#1329,.T.);
#1759=ORIENTED_EDGE('',*,*,#1349,.T.);
#1760=ORIENTED_EDGE('',*,*,#1346,.F.);
#1761=ORIENTED_EDGE('',*,*,#1349,.F.);
#1762=ORIENTED_EDGE('',*,*,#1328,.F.);
#1763=ORIENTED_EDGE('',*,*,#1332,.F.);
#1764=ORIENTED_EDGE('',*,*,#1335,.F.);
#1765=ORIENTED_EDGE('',*,*,#1338,.F.);
#1766=ORIENTED_EDGE('',*,*,#1341,.F.);
#1767=ORIENTED_EDGE('',*,*,#1344,.F.);
#1768=ORIENTED_EDGE('',*,*,#1347,.F.);
#1769=ORIENTED_EDGE('',*,*,#1350,.F.);
#1770=ORIENTED_EDGE('',*,*,#1351,.T.);
#1771=ORIENTED_EDGE('',*,*,#1352,.T.);
#1772=ORIENTED_EDGE('',*,*,#1353,.F.);
#1773=ORIENTED_EDGE('',*,*,#1354,.F.);
#1774=ORIENTED_EDGE('',*,*,#1355,.T.);
#1775=ORIENTED_EDGE('',*,*,#1356,.T.);
#1776=ORIENTED_EDGE('',*,*,#1351,.F.);
#1777=ORIENTED_EDGE('',*,*,#1357,.F.);
#1778=ORIENTED_EDGE('',*,*,#1358,.T.);
#1779=ORIENTED_EDGE('',*,*,#1359,.T.);
#1780=ORIENTED_EDGE('',*,*,#1355,.F.);
#1781=ORIENTED_EDGE('',*,*,#1360,.F.);
#1782=ORIENTED_EDGE('',*,*,#1361,.T.);
#1783=ORIENTED_EDGE('',*,*,#1362,.T.);
#1784=ORIENTED_EDGE('',*,*,#1358,.F.);
#1785=ORIENTED_EDGE('',*,*,#1363,.F.);
#1786=ORIENTED_EDGE('',*,*,#1364,.T.);
#1787=ORIENTED_EDGE('',*,*,#1365,.T.);
#1788=ORIENTED_EDGE('',*,*,#1361,.F.);
#1789=ORIENTED_EDGE('',*,*,#1366,.F.);
#1790=ORIENTED_EDGE('',*,*,#1367,.T.);
#1791=ORIENTED_EDGE('',*,*,#1368,.T.);
#1792=ORIENTED_EDGE('',*,*,#1364,.F.);
#1793=ORIENTED_EDGE('',*,*,#1369,.F.);
#1794=ORIENTED_EDGE('',*,*,#1370,.T.);
#1795=ORIENTED_EDGE('',*,*,#1371,.T.);
#1796=ORIENTED_EDGE('',*,*,#1367,.F.);
#1797=ORIENTED_EDGE('',*,*,#1372,.F.);
#1798=ORIENTED_EDGE('',*,*,#1373,.T.);
#1799=ORIENTED_EDGE('',*,*,#1374,.T.);
#1800=ORIENTED_EDGE('',*,*,#1370,.F.);
#1801=ORIENTED_EDGE('',*,*,#1375,.F.);
#1802=ORIENTED_EDGE('',*,*,#1376,.T.);
#1803=ORIENTED_EDGE('',*,*,#1377,.T.);
#1804=ORIENTED_EDGE('',*,*,#1373,.F.);
#1805=ORIENTED_EDGE('',*,*,#1378,.F.);
#1806=ORIENTED_EDGE('',*,*,#1379,.T.);
#1807=ORIENTED_EDGE('',*,*,#1380,.T.);
#1808=ORIENTED_EDGE('',*,*,#1376,.F.);
#1809=ORIENTED_EDGE('',*,*,#1381,.F.);
#1810=ORIENTED_EDGE('',*,*,#1382,.T.);
#1811=ORIENTED_EDGE('',*,*,#1383,.T.);
#1812=ORIENTED_EDGE('',*,*,#1379,.F.);
#1813=ORIENTED_EDGE('',*,*,#1384,.F.);
#1814=ORIENTED_EDGE('',*,*,#1385,.T.);
#1815=ORIENTED_EDGE('',*,*,#1386,.T.);
#1816=ORIENTED_EDGE('',*,*,#1382,.F.);
#1817=ORIENTED_EDGE('',*,*,#1387,.F.);
#1818=ORIENTED_EDGE('',*,*,#1388,.T.);
#1819=ORIENTED_EDGE('',*,*,#1389,.T.);
#1820=ORIENTED_EDGE('',*,*,#1385,.F.);
#1821=ORIENTED_EDGE('',*,*,#1390,.F.);
#1822=ORIENTED_EDGE('',*,*,#1391,.T.);
#1823=ORIENTED_EDGE('',*,*,#1392,.T.);
#1824=ORIENTED_EDGE('',*,*,#1388,.F.);
#1825=ORIENTED_EDGE('',*,*,#1393,.F.);
#1826=ORIENTED_EDGE('',*,*,#1353,.T.);
#1827=ORIENTED_EDGE('',*,*,#1394,.T.);
#1828=ORIENTED_EDGE('',*,*,#1391,.F.);
#1829=ORIENTED_EDGE('',*,*,#1394,.F.);
#1830=ORIENTED_EDGE('',*,*,#1352,.F.);
#1831=ORIENTED_EDGE('',*,*,#1356,.F.);
#1832=ORIENTED_EDGE('',*,*,#1359,.F.);
#1833=ORIENTED_EDGE('',*,*,#1362,.F.);
#1834=ORIENTED_EDGE('',*,*,#1365,.F.);
#1835=ORIENTED_EDGE('',*,*,#1368,.F.);
#1836=ORIENTED_EDGE('',*,*,#1371,.F.);
#1837=ORIENTED_EDGE('',*,*,#1374,.F.);
#1838=ORIENTED_EDGE('',*,*,#1377,.F.);
#1839=ORIENTED_EDGE('',*,*,#1380,.F.);
#1840=ORIENTED_EDGE('',*,*,#1383,.F.);
#1841=ORIENTED_EDGE('',*,*,#1386,.F.);
#1842=ORIENTED_EDGE('',*,*,#1389,.F.);
#1843=ORIENTED_EDGE('',*,*,#1392,.F.);
#1844=ORIENTED_EDGE('',*,*,#1395,.F.);
#1845=ORIENTED_EDGE('',*,*,#1396,.T.);
#1846=ORIENTED_EDGE('',*,*,#1397,.T.);
#1847=ORIENTED_EDGE('',*,*,#1398,.F.);
#1848=ORIENTED_EDGE('',*,*,#1399,.F.);
#1849=ORIENTED_EDGE('',*,*,#1400,.T.);
#1850=ORIENTED_EDGE('',*,*,#1401,.T.);
#1851=ORIENTED_EDGE('',*,*,#1396,.F.);
#1852=ORIENTED_EDGE('',*,*,#1402,.F.);
#1853=ORIENTED_EDGE('',*,*,#1403,.T.);
#1854=ORIENTED_EDGE('',*,*,#1404,.T.);
#1855=ORIENTED_EDGE('',*,*,#1400,.F.);
#1856=ORIENTED_EDGE('',*,*,#1405,.F.);
#1857=ORIENTED_EDGE('',*,*,#1406,.T.);
#1858=ORIENTED_EDGE('',*,*,#1407,.T.);
#1859=ORIENTED_EDGE('',*,*,#1403,.F.);
#1860=ORIENTED_EDGE('',*,*,#1408,.F.);
#1861=ORIENTED_EDGE('',*,*,#1409,.T.);
#1862=ORIENTED_EDGE('',*,*,#1410,.T.);
#1863=ORIENTED_EDGE('',*,*,#1406,.F.);
#1864=ORIENTED_EDGE('',*,*,#1411,.F.);
#1865=ORIENTED_EDGE('',*,*,#1412,.T.);
#1866=ORIENTED_EDGE('',*,*,#1413,.T.);
#1867=ORIENTED_EDGE('',*,*,#1409,.F.);
#1868=ORIENTED_EDGE('',*,*,#1414,.F.);
#1869=ORIENTED_EDGE('',*,*,#1415,.T.);
#1870=ORIENTED_EDGE('',*,*,#1416,.T.);
#1871=ORIENTED_EDGE('',*,*,#1412,.F.);
#1872=ORIENTED_EDGE('',*,*,#1417,.F.);
#1873=ORIENTED_EDGE('',*,*,#1418,.T.);
#1874=ORIENTED_EDGE('',*,*,#1419,.T.);
#1875=ORIENTED_EDGE('',*,*,#1415,.F.);
#1876=ORIENTED_EDGE('',*,*,#1420,.F.);
#1877=ORIENTED_EDGE('',*,*,#1421,.T.);
#1878=ORIENTED_EDGE('',*,*,#1422,.T.);
#1879=ORIENTED_EDGE('',*,*,#1418,.F.);
#1880=ORIENTED_EDGE('',*,*,#1423,.F.);
#1881=ORIENTED_EDGE('',*,*,#1424,.T.);
#1882=ORIENTED_EDGE('',*,*,#1425,.T.);
#1883=ORIENTED_EDGE('',*,*,#1421,.F.);
#1884=ORIENTED_EDGE('',*,*,#1426,.F.);
#1885=ORIENTED_EDGE('',*,*,#1427,.T.);
#1886=ORIENTED_EDGE('',*,*,#1428,.T.);
#1887=ORIENTED_EDGE('',*,*,#1424,.F.);
#1888=ORIENTED_EDGE('',*,*,#1429,.F.);
#1889=ORIENTED_EDGE('',*,*,#1398,.T.);
#1890=ORIENTED_EDGE('',*,*,#1430,.T.);
#1891=ORIENTED_EDGE('',*,*,#1427,.F.);
#1892=ORIENTED_EDGE('',*,*,#1430,.F.);
#1893=ORIENTED_EDGE('',*,*,#1397,.F.);
#1894=ORIENTED_EDGE('',*,*,#1401,.F.);
#1895=ORIENTED_EDGE('',*,*,#1404,.F.);
#1896=ORIENTED_EDGE('',*,*,#1407,.F.);
#1897=ORIENTED_EDGE('',*,*,#1410,.F.);
#1898=ORIENTED_EDGE('',*,*,#1413,.F.);
#1899=ORIENTED_EDGE('',*,*,#1416,.F.);
#1900=ORIENTED_EDGE('',*,*,#1419,.F.);
#1901=ORIENTED_EDGE('',*,*,#1422,.F.);
#1902=ORIENTED_EDGE('',*,*,#1425,.F.);
#1903=ORIENTED_EDGE('',*,*,#1428,.F.);
#1904=ORIENTED_EDGE('',*,*,#1431,.F.);
#1905=ORIENTED_EDGE('',*,*,#1432,.T.);
#1906=ORIENTED_EDGE('',*,*,#1433,.T.);
#1907=ORIENTED_EDGE('',*,*,#1434,.F.);
#1908=ORIENTED_EDGE('',*,*,#1435,.F.);
#1909=ORIENTED_EDGE('',*,*,#1436,.T.);
#1910=ORIENTED_EDGE('',*,*,#1437,.T.);
#1911=ORIENTED_EDGE('',*,*,#1432,.F.);
#1912=ORIENTED_EDGE('',*,*,#1438,.F.);
#1913=ORIENTED_EDGE('',*,*,#1439,.T.);
#1914=ORIENTED_EDGE('',*,*,#1440,.T.);
#1915=ORIENTED_EDGE('',*,*,#1436,.F.);
#1916=ORIENTED_EDGE('',*,*,#1441,.F.);
#1917=ORIENTED_EDGE('',*,*,#1442,.T.);
#1918=ORIENTED_EDGE('',*,*,#1443,.T.);
#1919=ORIENTED_EDGE('',*,*,#1439,.F.);
#1920=ORIENTED_EDGE('',*,*,#1444,.F.);
#1921=ORIENTED_EDGE('',*,*,#1445,.T.);
#1922=ORIENTED_EDGE('',*,*,#1446,.T.);
#1923=ORIENTED_EDGE('',*,*,#1442,.F.);
#1924=ORIENTED_EDGE('',*,*,#1447,.F.);
#1925=ORIENTED_EDGE('',*,*,#1448,.T.);
#1926=ORIENTED_EDGE('',*,*,#1449,.T.);
#1927=ORIENTED_EDGE('',*,*,#1445,.F.);
#1928=ORIENTED_EDGE('',*,*,#1450,.F.);
#1929=ORIENTED_EDGE('',*,*,#1451,.T.);
#1930=ORIENTED_EDGE('',*,*,#1452,.T.);
#1931=ORIENTED_EDGE('',*,*,#1448,.F.);
#1932=ORIENTED_EDGE('',*,*,#1453,.F.);
#1933=ORIENTED_EDGE('',*,*,#1454,.T.);
#1934=ORIENTED_EDGE('',*,*,#1455,.T.);
#1935=ORIENTED_EDGE('',*,*,#1451,.F.);
#1936=ORIENTED_EDGE('',*,*,#1456,.F.);
#1937=ORIENTED_EDGE('',*,*,#1457,.T.);
#1938=ORIENTED_EDGE('',*,*,#1458,.T.);
#1939=ORIENTED_EDGE('',*,*,#1454,.F.);
#1940=ORIENTED_EDGE('',*,*,#1459,.F.);
#1941=ORIENTED_EDGE('',*,*,#1460,.T.);
#1942=ORIENTED_EDGE('',*,*,#1461,.T.);
#1943=ORIENTED_EDGE('',*,*,#1457,.F.);
#1944=ORIENTED_EDGE('',*,*,#1462,.F.);
#1945=ORIENTED_EDGE('',*,*,#1463,.T.);
#1946=ORIENTED_EDGE('',*,*,#1464,.T.);
#1947=ORIENTED_EDGE('',*,*,#1460,.F.);
#1948=ORIENTED_EDGE('',*,*,#1465,.F.);
#1949=ORIENTED_EDGE('',*,*,#1466,.T.);
#1950=ORIENTED_EDGE('',*,*,#1467,.T.);
#1951=ORIENTED_EDGE('',*,*,#1463,.F.);
#1952=ORIENTED_EDGE('',*,*,#1468,.F.);
#1953=ORIENTED_EDGE('',*,*,#1469,.T.);
#1954=ORIENTED_EDGE('',*,*,#1470,.T.);
#1955=ORIENTED_EDGE('',*,*,#1466,.F.);
#1956=ORIENTED_EDGE('',*,*,#1471,.F.);
#1957=ORIENTED_EDGE('',*,*,#1434,.T.);
#1958=ORIENTED_EDGE('',*,*,#1472,.T.);
#1959=ORIENTED_EDGE('',*,*,#1469,.F.);
#1960=ORIENTED_EDGE('',*,*,#1472,.F.);
#1961=ORIENTED_EDGE('',*,*,#1433,.F.);
#1962=ORIENTED_EDGE('',*,*,#1437,.F.);
#1963=ORIENTED_EDGE('',*,*,#1440,.F.);
#1964=ORIENTED_EDGE('',*,*,#1443,.F.);
#1965=ORIENTED_EDGE('',*,*,#1446,.F.);
#1966=ORIENTED_EDGE('',*,*,#1449,.F.);
#1967=ORIENTED_EDGE('',*,*,#1452,.F.);
#1968=ORIENTED_EDGE('',*,*,#1455,.F.);
#1969=ORIENTED_EDGE('',*,*,#1458,.F.);
#1970=ORIENTED_EDGE('',*,*,#1461,.F.);
#1971=ORIENTED_EDGE('',*,*,#1464,.F.);
#1972=ORIENTED_EDGE('',*,*,#1467,.F.);
#1973=ORIENTED_EDGE('',*,*,#1470,.F.);
#1974=ORIENTED_EDGE('',*,*,#1473,.F.);
#1975=ORIENTED_EDGE('',*,*,#1474,.T.);
#1976=ORIENTED_EDGE('',*,*,#1475,.T.);
#1977=ORIENTED_EDGE('',*,*,#1476,.F.);
#1978=ORIENTED_EDGE('',*,*,#1477,.F.);
#1979=ORIENTED_EDGE('',*,*,#1478,.T.);
#1980=ORIENTED_EDGE('',*,*,#1479,.T.);
#1981=ORIENTED_EDGE('',*,*,#1474,.F.);
#1982=ORIENTED_EDGE('',*,*,#1480,.F.);
#1983=ORIENTED_EDGE('',*,*,#1481,.T.);
#1984=ORIENTED_EDGE('',*,*,#1482,.T.);
#1985=ORIENTED_EDGE('',*,*,#1478,.F.);
#1986=ORIENTED_EDGE('',*,*,#1483,.F.);
#1987=ORIENTED_EDGE('',*,*,#1484,.T.);
#1988=ORIENTED_EDGE('',*,*,#1485,.T.);
#1989=ORIENTED_EDGE('',*,*,#1481,.F.);
#1990=ORIENTED_EDGE('',*,*,#1486,.F.);
#1991=ORIENTED_EDGE('',*,*,#1476,.T.);
#1992=ORIENTED_EDGE('',*,*,#1487,.T.);
#1993=ORIENTED_EDGE('',*,*,#1484,.F.);
#1994=ORIENTED_EDGE('',*,*,#1487,.F.);
#1995=ORIENTED_EDGE('',*,*,#1475,.F.);
#1996=ORIENTED_EDGE('',*,*,#1479,.F.);
#1997=ORIENTED_EDGE('',*,*,#1482,.F.);
#1998=ORIENTED_EDGE('',*,*,#1485,.F.);
#1999=ORIENTED_EDGE('',*,*,#1488,.F.);
#2000=ORIENTED_EDGE('',*,*,#1489,.T.);
#2001=ORIENTED_EDGE('',*,*,#1490,.F.);
#2002=ORIENTED_EDGE('',*,*,#1491,.F.);
#2003=ORIENTED_EDGE('',*,*,#1492,.F.);
#2004=ORIENTED_EDGE('',*,*,#1491,.T.);
#2005=ORIENTED_EDGE('',*,*,#1493,.F.);
#2006=ORIENTED_EDGE('',*,*,#1494,.F.);
#2007=ORIENTED_EDGE('',*,*,#1495,.F.);
#2008=ORIENTED_EDGE('',*,*,#1494,.T.);
#2009=ORIENTED_EDGE('',*,*,#1496,.F.);
#2010=ORIENTED_EDGE('',*,*,#1497,.F.);
#2011=ORIENTED_EDGE('',*,*,#1498,.F.);
#2012=ORIENTED_EDGE('',*,*,#1497,.T.);
#2013=ORIENTED_EDGE('',*,*,#1499,.F.);
#2014=ORIENTED_EDGE('',*,*,#1500,.F.);
#2015=ORIENTED_EDGE('',*,*,#1501,.F.);
#2016=ORIENTED_EDGE('',*,*,#1500,.T.);
#2017=ORIENTED_EDGE('',*,*,#1502,.F.);
#2018=ORIENTED_EDGE('',*,*,#1503,.F.);
#2019=ORIENTED_EDGE('',*,*,#1504,.F.);
#2020=ORIENTED_EDGE('',*,*,#1503,.T.);
#2021=ORIENTED_EDGE('',*,*,#1505,.F.);
#2022=ORIENTED_EDGE('',*,*,#1506,.F.);
#2023=ORIENTED_EDGE('',*,*,#1507,.F.);
#2024=ORIENTED_EDGE('',*,*,#1506,.T.);
#2025=ORIENTED_EDGE('',*,*,#1508,.F.);
#2026=ORIENTED_EDGE('',*,*,#1509,.F.);
#2027=ORIENTED_EDGE('',*,*,#1510,.F.);
#2028=ORIENTED_EDGE('',*,*,#1509,.T.);
#2029=ORIENTED_EDGE('',*,*,#1511,.F.);
#2030=ORIENTED_EDGE('',*,*,#1512,.F.);
#2031=ORIENTED_EDGE('',*,*,#1513,.F.);
#2032=ORIENTED_EDGE('',*,*,#1512,.T.);
#2033=ORIENTED_EDGE('',*,*,#1514,.F.);
#2034=ORIENTED_EDGE('',*,*,#1515,.F.);
#2035=ORIENTED_EDGE('',*,*,#1516,.F.);
#2036=ORIENTED_EDGE('',*,*,#1515,.T.);
#2037=ORIENTED_EDGE('',*,*,#1517,.F.);
#2038=ORIENTED_EDGE('',*,*,#1518,.F.);
#2039=ORIENTED_EDGE('',*,*,#1519,.F.);
#2040=ORIENTED_EDGE('',*,*,#1518,.T.);
#2041=ORIENTED_EDGE('',*,*,#1520,.F.);
#2042=ORIENTED_EDGE('',*,*,#1521,.F.);
#2043=ORIENTED_EDGE('',*,*,#1522,.F.);
#2044=ORIENTED_EDGE('',*,*,#1521,.T.);
#2045=ORIENTED_EDGE('',*,*,#1523,.F.);
#2046=ORIENTED_EDGE('',*,*,#1489,.F.);
#2047=ORIENTED_EDGE('',*,*,#1520,.T.);
#2048=ORIENTED_EDGE('',*,*,#1524,.T.);
#2049=ORIENTED_EDGE('',*,*,#1525,.T.);
#2050=ORIENTED_EDGE('',*,*,#1526,.F.);
#2051=ORIENTED_EDGE('',*,*,#1517,.T.);
#2052=ORIENTED_EDGE('',*,*,#1527,.T.);
#2053=ORIENTED_EDGE('',*,*,#1528,.T.);
#2054=ORIENTED_EDGE('',*,*,#1524,.F.);
#2055=ORIENTED_EDGE('',*,*,#1514,.T.);
#2056=ORIENTED_EDGE('',*,*,#1529,.T.);
#2057=ORIENTED_EDGE('',*,*,#1530,.T.);
#2058=ORIENTED_EDGE('',*,*,#1527,.F.);
#2059=ORIENTED_EDGE('',*,*,#1511,.T.);
#2060=ORIENTED_EDGE('',*,*,#1531,.T.);
#2061=ORIENTED_EDGE('',*,*,#1532,.T.);
#2062=ORIENTED_EDGE('',*,*,#1529,.F.);
#2063=ORIENTED_EDGE('',*,*,#1508,.T.);
#2064=ORIENTED_EDGE('',*,*,#1533,.T.);
#2065=ORIENTED_EDGE('',*,*,#1534,.T.);
#2066=ORIENTED_EDGE('',*,*,#1531,.F.);
#2067=ORIENTED_EDGE('',*,*,#1505,.T.);
#2068=ORIENTED_EDGE('',*,*,#1535,.T.);
#2069=ORIENTED_EDGE('',*,*,#1536,.T.);
#2070=ORIENTED_EDGE('',*,*,#1533,.F.);
#2071=ORIENTED_EDGE('',*,*,#1502,.T.);
#2072=ORIENTED_EDGE('',*,*,#1537,.T.);
#2073=ORIENTED_EDGE('',*,*,#1538,.T.);
#2074=ORIENTED_EDGE('',*,*,#1535,.F.);
#2075=ORIENTED_EDGE('',*,*,#1499,.T.);
#2076=ORIENTED_EDGE('',*,*,#1539,.T.);
#2077=ORIENTED_EDGE('',*,*,#1540,.T.);
#2078=ORIENTED_EDGE('',*,*,#1537,.F.);
#2079=ORIENTED_EDGE('',*,*,#1496,.T.);
#2080=ORIENTED_EDGE('',*,*,#1541,.T.);
#2081=ORIENTED_EDGE('',*,*,#1542,.T.);
#2082=ORIENTED_EDGE('',*,*,#1539,.F.);
#2083=ORIENTED_EDGE('',*,*,#1493,.T.);
#2084=ORIENTED_EDGE('',*,*,#1543,.T.);
#2085=ORIENTED_EDGE('',*,*,#1544,.T.);
#2086=ORIENTED_EDGE('',*,*,#1541,.F.);
#2087=ORIENTED_EDGE('',*,*,#1490,.T.);
#2088=ORIENTED_EDGE('',*,*,#1545,.T.);
#2089=ORIENTED_EDGE('',*,*,#1546,.T.);
#2090=ORIENTED_EDGE('',*,*,#1543,.F.);
#2091=ORIENTED_EDGE('',*,*,#1523,.T.);
#2092=ORIENTED_EDGE('',*,*,#1526,.T.);
#2093=ORIENTED_EDGE('',*,*,#1547,.T.);
#2094=ORIENTED_EDGE('',*,*,#1545,.F.);
#2095=ORIENTED_EDGE('',*,*,#1536,.F.);
#2096=ORIENTED_EDGE('',*,*,#1538,.F.);
#2097=ORIENTED_EDGE('',*,*,#1540,.F.);
#2098=ORIENTED_EDGE('',*,*,#1542,.F.);
#2099=ORIENTED_EDGE('',*,*,#1544,.F.);
#2100=ORIENTED_EDGE('',*,*,#1546,.F.);
#2101=ORIENTED_EDGE('',*,*,#1547,.F.);
#2102=ORIENTED_EDGE('',*,*,#1525,.F.);
#2103=ORIENTED_EDGE('',*,*,#1528,.F.);
#2104=ORIENTED_EDGE('',*,*,#1530,.F.);
#2105=ORIENTED_EDGE('',*,*,#1532,.F.);
#2106=ORIENTED_EDGE('',*,*,#1534,.F.);
#2107=ORIENTED_EDGE('',*,*,#1548,.F.);
#2108=ORIENTED_EDGE('',*,*,#1549,.T.);
#2109=ORIENTED_EDGE('',*,*,#1550,.T.);
#2110=ORIENTED_EDGE('',*,*,#1549,.F.);
#2111=ORIENTED_EDGE('',*,*,#1550,.F.);
#2112=ORIENTED_EDGE('',*,*,#1507,.T.);
#2113=ORIENTED_EDGE('',*,*,#1510,.T.);
#2114=ORIENTED_EDGE('',*,*,#1513,.T.);
#2115=ORIENTED_EDGE('',*,*,#1516,.T.);
#2116=ORIENTED_EDGE('',*,*,#1519,.T.);
#2117=ORIENTED_EDGE('',*,*,#1522,.T.);
#2118=ORIENTED_EDGE('',*,*,#1488,.T.);
#2119=ORIENTED_EDGE('',*,*,#1492,.T.);
#2120=ORIENTED_EDGE('',*,*,#1495,.T.);
#2121=ORIENTED_EDGE('',*,*,#1498,.T.);
#2122=ORIENTED_EDGE('',*,*,#1501,.T.);
#2123=ORIENTED_EDGE('',*,*,#1504,.T.);
#2124=ORIENTED_EDGE('',*,*,#1551,.F.);
#2125=ORIENTED_EDGE('',*,*,#1548,.T.);
#2126=ORIENTED_EDGE('',*,*,#1552,.F.);
#2127=ORIENTED_EDGE('',*,*,#1553,.T.);
#2128=ORIENTED_EDGE('',*,*,#1551,.T.);
#2129=ORIENTED_EDGE('',*,*,#1553,.F.);
#2130=ORIENTED_EDGE('',*,*,#1554,.T.);
#2131=ORIENTED_EDGE('',*,*,#1555,.T.);
#2132=ORIENTED_EDGE('',*,*,#1556,.T.);
#2133=ORIENTED_EDGE('',*,*,#1557,.T.);
#2134=ORIENTED_EDGE('',*,*,#1558,.T.);
#2135=ORIENTED_EDGE('',*,*,#1559,.T.);
#2136=ORIENTED_EDGE('',*,*,#1560,.T.);
#2137=ORIENTED_EDGE('',*,*,#1561,.T.);
#2138=ORIENTED_EDGE('',*,*,#1562,.T.);
#2139=ORIENTED_EDGE('',*,*,#1563,.T.);
#2140=ORIENTED_EDGE('',*,*,#1554,.F.);
#2141=ORIENTED_EDGE('',*,*,#1564,.T.);
#2142=ORIENTED_EDGE('',*,*,#1562,.F.);
#2143=ORIENTED_EDGE('',*,*,#1561,.F.);
#2144=ORIENTED_EDGE('',*,*,#1560,.F.);
#2145=ORIENTED_EDGE('',*,*,#1559,.F.);
#2146=ORIENTED_EDGE('',*,*,#1558,.F.);
#2147=ORIENTED_EDGE('',*,*,#1557,.F.);
#2148=ORIENTED_EDGE('',*,*,#1556,.F.);
#2149=ORIENTED_EDGE('',*,*,#1555,.F.);
#2150=ORIENTED_EDGE('',*,*,#1563,.F.);
#2151=ORIENTED_EDGE('',*,*,#1565,.F.);
#2152=ORIENTED_EDGE('',*,*,#1566,.T.);
#2153=ORIENTED_EDGE('',*,*,#1565,.T.);
#2154=ORIENTED_EDGE('',*,*,#1564,.F.);
#2155=ORIENTED_EDGE('',*,*,#1473,.T.);
#2156=ORIENTED_EDGE('',*,*,#1486,.T.);
#2157=ORIENTED_EDGE('',*,*,#1483,.T.);
#2158=ORIENTED_EDGE('',*,*,#1480,.T.);
#2159=ORIENTED_EDGE('',*,*,#1477,.T.);
#2160=ORIENTED_EDGE('',*,*,#1431,.T.);
#2161=ORIENTED_EDGE('',*,*,#1471,.T.);
#2162=ORIENTED_EDGE('',*,*,#1468,.T.);
#2163=ORIENTED_EDGE('',*,*,#1465,.T.);
#2164=ORIENTED_EDGE('',*,*,#1462,.T.);
#2165=ORIENTED_EDGE('',*,*,#1459,.T.);
#2166=ORIENTED_EDGE('',*,*,#1456,.T.);
#2167=ORIENTED_EDGE('',*,*,#1453,.T.);
#2168=ORIENTED_EDGE('',*,*,#1450,.T.);
#2169=ORIENTED_EDGE('',*,*,#1447,.T.);
#2170=ORIENTED_EDGE('',*,*,#1444,.T.);
#2171=ORIENTED_EDGE('',*,*,#1441,.T.);
#2172=ORIENTED_EDGE('',*,*,#1438,.T.);
#2173=ORIENTED_EDGE('',*,*,#1435,.T.);
#2174=ORIENTED_EDGE('',*,*,#1395,.T.);
#2175=ORIENTED_EDGE('',*,*,#1429,.T.);
#2176=ORIENTED_EDGE('',*,*,#1426,.T.);
#2177=ORIENTED_EDGE('',*,*,#1423,.T.);
#2178=ORIENTED_EDGE('',*,*,#1420,.T.);
#2179=ORIENTED_EDGE('',*,*,#1417,.T.);
#2180=ORIENTED_EDGE('',*,*,#1414,.T.);
#2181=ORIENTED_EDGE('',*,*,#1411,.T.);
#2182=ORIENTED_EDGE('',*,*,#1408,.T.);
#2183=ORIENTED_EDGE('',*,*,#1405,.T.);
#2184=ORIENTED_EDGE('',*,*,#1402,.T.);
#2185=ORIENTED_EDGE('',*,*,#1399,.T.);
#2186=ORIENTED_EDGE('',*,*,#1350,.T.);
#2187=ORIENTED_EDGE('',*,*,#1393,.T.);
#2188=ORIENTED_EDGE('',*,*,#1390,.T.);
#2189=ORIENTED_EDGE('',*,*,#1387,.T.);
#2190=ORIENTED_EDGE('',*,*,#1384,.T.);
#2191=ORIENTED_EDGE('',*,*,#1381,.T.);
#2192=ORIENTED_EDGE('',*,*,#1378,.T.);
#2193=ORIENTED_EDGE('',*,*,#1375,.T.);
#2194=ORIENTED_EDGE('',*,*,#1372,.T.);
#2195=ORIENTED_EDGE('',*,*,#1369,.T.);
#2196=ORIENTED_EDGE('',*,*,#1366,.T.);
#2197=ORIENTED_EDGE('',*,*,#1363,.T.);
#2198=ORIENTED_EDGE('',*,*,#1360,.T.);
#2199=ORIENTED_EDGE('',*,*,#1357,.T.);
#2200=ORIENTED_EDGE('',*,*,#1354,.T.);
#2201=ORIENTED_EDGE('',*,*,#1326,.T.);
#2202=ORIENTED_EDGE('',*,*,#1348,.T.);
#2203=ORIENTED_EDGE('',*,*,#1345,.T.);
#2204=ORIENTED_EDGE('',*,*,#1342,.T.);
#2205=ORIENTED_EDGE('',*,*,#1339,.T.);
#2206=ORIENTED_EDGE('',*,*,#1336,.T.);
#2207=ORIENTED_EDGE('',*,*,#1333,.T.);
#2208=ORIENTED_EDGE('',*,*,#1330,.T.);
#2209=ORIENTED_EDGE('',*,*,#1566,.F.);
#2210=ORIENTED_EDGE('',*,*,#1552,.T.);
#2211=ORIENTED_EDGE('',*,*,#1567,.T.);
#2212=ORIENTED_EDGE('',*,*,#1568,.T.);
#2213=ORIENTED_EDGE('',*,*,#1569,.F.);
#2214=ORIENTED_EDGE('',*,*,#1570,.F.);
#2215=ORIENTED_EDGE('',*,*,#1571,.T.);
#2216=ORIENTED_EDGE('',*,*,#1570,.T.);
#2217=ORIENTED_EDGE('',*,*,#1572,.F.);
#2218=ORIENTED_EDGE('',*,*,#1573,.F.);
#2219=ORIENTED_EDGE('',*,*,#1574,.T.);
#2220=ORIENTED_EDGE('',*,*,#1573,.T.);
#2221=ORIENTED_EDGE('',*,*,#1575,.F.);
#2222=ORIENTED_EDGE('',*,*,#1576,.F.);
#2223=ORIENTED_EDGE('',*,*,#1577,.T.);
#2224=ORIENTED_EDGE('',*,*,#1576,.T.);
#2225=ORIENTED_EDGE('',*,*,#1578,.F.);
#2226=ORIENTED_EDGE('',*,*,#1579,.F.);
#2227=ORIENTED_EDGE('',*,*,#1580,.T.);
#2228=ORIENTED_EDGE('',*,*,#1579,.T.);
#2229=ORIENTED_EDGE('',*,*,#1581,.F.);
#2230=ORIENTED_EDGE('',*,*,#1582,.F.);
#2231=ORIENTED_EDGE('',*,*,#1583,.T.);
#2232=ORIENTED_EDGE('',*,*,#1582,.T.);
#2233=ORIENTED_EDGE('',*,*,#1584,.F.);
#2234=ORIENTED_EDGE('',*,*,#1585,.F.);
#2235=ORIENTED_EDGE('',*,*,#1586,.T.);
#2236=ORIENTED_EDGE('',*,*,#1585,.T.);
#2237=ORIENTED_EDGE('',*,*,#1587,.F.);
#2238=ORIENTED_EDGE('',*,*,#1588,.F.);
#2239=ORIENTED_EDGE('',*,*,#1589,.T.);
#2240=ORIENTED_EDGE('',*,*,#1588,.T.);
#2241=ORIENTED_EDGE('',*,*,#1590,.F.);
#2242=ORIENTED_EDGE('',*,*,#1568,.F.);
#2243=ORIENTED_EDGE('',*,*,#1589,.F.);
#2244=ORIENTED_EDGE('',*,*,#1567,.F.);
#2245=ORIENTED_EDGE('',*,*,#1571,.F.);
#2246=ORIENTED_EDGE('',*,*,#1574,.F.);
#2247=ORIENTED_EDGE('',*,*,#1577,.F.);
#2248=ORIENTED_EDGE('',*,*,#1580,.F.);
#2249=ORIENTED_EDGE('',*,*,#1583,.F.);
#2250=ORIENTED_EDGE('',*,*,#1586,.F.);
#2251=ORIENTED_EDGE('',*,*,#1590,.T.);
#2252=ORIENTED_EDGE('',*,*,#1587,.T.);
#2253=ORIENTED_EDGE('',*,*,#1584,.T.);
#2254=ORIENTED_EDGE('',*,*,#1581,.T.);
#2255=ORIENTED_EDGE('',*,*,#1578,.T.);
#2256=ORIENTED_EDGE('',*,*,#1575,.T.);
#2257=ORIENTED_EDGE('',*,*,#1572,.T.);
#2258=ORIENTED_EDGE('',*,*,#1569,.T.);
#2259=ORIENTED_EDGE('',*,*,#1591,.T.);
#2260=ORIENTED_EDGE('',*,*,#1592,.T.);
#2261=ORIENTED_EDGE('',*,*,#1593,.F.);
#2262=ORIENTED_EDGE('',*,*,#1594,.F.);
#2263=ORIENTED_EDGE('',*,*,#1595,.T.);
#2264=ORIENTED_EDGE('',*,*,#1594,.T.);
#2265=ORIENTED_EDGE('',*,*,#1596,.F.);
#2266=ORIENTED_EDGE('',*,*,#1597,.F.);
#2267=ORIENTED_EDGE('',*,*,#1598,.T.);
#2268=ORIENTED_EDGE('',*,*,#1597,.T.);
#2269=ORIENTED_EDGE('',*,*,#1599,.F.);
#2270=ORIENTED_EDGE('',*,*,#1600,.F.);
#2271=ORIENTED_EDGE('',*,*,#1601,.T.);
#2272=ORIENTED_EDGE('',*,*,#1600,.T.);
#2273=ORIENTED_EDGE('',*,*,#1602,.F.);
#2274=ORIENTED_EDGE('',*,*,#1603,.F.);
#2275=ORIENTED_EDGE('',*,*,#1604,.T.);
#2276=ORIENTED_EDGE('',*,*,#1603,.T.);
#2277=ORIENTED_EDGE('',*,*,#1605,.F.);
#2278=ORIENTED_EDGE('',*,*,#1606,.F.);
#2279=ORIENTED_EDGE('',*,*,#1607,.T.);
#2280=ORIENTED_EDGE('',*,*,#1606,.T.);
#2281=ORIENTED_EDGE('',*,*,#1608,.F.);
#2282=ORIENTED_EDGE('',*,*,#1609,.F.);
#2283=ORIENTED_EDGE('',*,*,#1610,.T.);
#2284=ORIENTED_EDGE('',*,*,#1609,.T.);
#2285=ORIENTED_EDGE('',*,*,#1611,.F.);
#2286=ORIENTED_EDGE('',*,*,#1612,.F.);
#2287=ORIENTED_EDGE('',*,*,#1613,.T.);
#2288=ORIENTED_EDGE('',*,*,#1612,.T.);
#2289=ORIENTED_EDGE('',*,*,#1614,.F.);
#2290=ORIENTED_EDGE('',*,*,#1615,.F.);
#2291=ORIENTED_EDGE('',*,*,#1616,.T.);
#2292=ORIENTED_EDGE('',*,*,#1615,.T.);
#2293=ORIENTED_EDGE('',*,*,#1617,.F.);
#2294=ORIENTED_EDGE('',*,*,#1618,.F.);
#2295=ORIENTED_EDGE('',*,*,#1619,.T.);
#2296=ORIENTED_EDGE('',*,*,#1618,.T.);
#2297=ORIENTED_EDGE('',*,*,#1620,.F.);
#2298=ORIENTED_EDGE('',*,*,#1621,.F.);
#2299=ORIENTED_EDGE('',*,*,#1622,.T.);
#2300=ORIENTED_EDGE('',*,*,#1621,.T.);
#2301=ORIENTED_EDGE('',*,*,#1623,.F.);
#2302=ORIENTED_EDGE('',*,*,#1624,.F.);
#2303=ORIENTED_EDGE('',*,*,#1625,.T.);
#2304=ORIENTED_EDGE('',*,*,#1624,.T.);
#2305=ORIENTED_EDGE('',*,*,#1626,.F.);
#2306=ORIENTED_EDGE('',*,*,#1627,.F.);
#2307=ORIENTED_EDGE('',*,*,#1628,.T.);
#2308=ORIENTED_EDGE('',*,*,#1627,.T.);
#2309=ORIENTED_EDGE('',*,*,#1629,.F.);
#2310=ORIENTED_EDGE('',*,*,#1630,.F.);
#2311=ORIENTED_EDGE('',*,*,#1631,.T.);
#2312=ORIENTED_EDGE('',*,*,#1630,.T.);
#2313=ORIENTED_EDGE('',*,*,#1632,.F.);
#2314=ORIENTED_EDGE('',*,*,#1633,.F.);
#2315=ORIENTED_EDGE('',*,*,#1634,.T.);
#2316=ORIENTED_EDGE('',*,*,#1633,.T.);
#2317=ORIENTED_EDGE('',*,*,#1635,.F.);
#2318=ORIENTED_EDGE('',*,*,#1592,.F.);
#2319=ORIENTED_EDGE('',*,*,#1634,.F.);
#2320=ORIENTED_EDGE('',*,*,#1591,.F.);
#2321=ORIENTED_EDGE('',*,*,#1595,.F.);
#2322=ORIENTED_EDGE('',*,*,#1598,.F.);
#2323=ORIENTED_EDGE('',*,*,#1601,.F.);
#2324=ORIENTED_EDGE('',*,*,#1604,.F.);
#2325=ORIENTED_EDGE('',*,*,#1607,.F.);
#2326=ORIENTED_EDGE('',*,*,#1610,.F.);
#2327=ORIENTED_EDGE('',*,*,#1613,.F.);
#2328=ORIENTED_EDGE('',*,*,#1616,.F.);
#2329=ORIENTED_EDGE('',*,*,#1619,.F.);
#2330=ORIENTED_EDGE('',*,*,#1622,.F.);
#2331=ORIENTED_EDGE('',*,*,#1625,.F.);
#2332=ORIENTED_EDGE('',*,*,#1628,.F.);
#2333=ORIENTED_EDGE('',*,*,#1631,.F.);
#2334=ORIENTED_EDGE('',*,*,#1635,.T.);
#2335=ORIENTED_EDGE('',*,*,#1632,.T.);
#2336=ORIENTED_EDGE('',*,*,#1629,.T.);
#2337=ORIENTED_EDGE('',*,*,#1626,.T.);
#2338=ORIENTED_EDGE('',*,*,#1623,.T.);
#2339=ORIENTED_EDGE('',*,*,#1620,.T.);
#2340=ORIENTED_EDGE('',*,*,#1617,.T.);
#2341=ORIENTED_EDGE('',*,*,#1614,.T.);
#2342=ORIENTED_EDGE('',*,*,#1611,.T.);
#2343=ORIENTED_EDGE('',*,*,#1608,.T.);
#2344=ORIENTED_EDGE('',*,*,#1605,.T.);
#2345=ORIENTED_EDGE('',*,*,#1602,.T.);
#2346=ORIENTED_EDGE('',*,*,#1599,.T.);
#2347=ORIENTED_EDGE('',*,*,#1596,.T.);
#2348=ORIENTED_EDGE('',*,*,#1593,.T.);
#2349=ORIENTED_EDGE('',*,*,#1636,.T.);
#2350=ORIENTED_EDGE('',*,*,#1637,.T.);
#2351=ORIENTED_EDGE('',*,*,#1638,.F.);
#2352=ORIENTED_EDGE('',*,*,#1639,.F.);
#2353=ORIENTED_EDGE('',*,*,#1640,.T.);
#2354=ORIENTED_EDGE('',*,*,#1639,.T.);
#2355=ORIENTED_EDGE('',*,*,#1641,.F.);
#2356=ORIENTED_EDGE('',*,*,#1642,.F.);
#2357=ORIENTED_EDGE('',*,*,#1643,.T.);
#2358=ORIENTED_EDGE('',*,*,#1642,.T.);
#2359=ORIENTED_EDGE('',*,*,#1644,.F.);
#2360=ORIENTED_EDGE('',*,*,#1645,.F.);
#2361=ORIENTED_EDGE('',*,*,#1646,.T.);
#2362=ORIENTED_EDGE('',*,*,#1645,.T.);
#2363=ORIENTED_EDGE('',*,*,#1647,.F.);
#2364=ORIENTED_EDGE('',*,*,#1648,.F.);
#2365=ORIENTED_EDGE('',*,*,#1649,.T.);
#2366=ORIENTED_EDGE('',*,*,#1648,.T.);
#2367=ORIENTED_EDGE('',*,*,#1650,.F.);
#2368=ORIENTED_EDGE('',*,*,#1651,.F.);
#2369=ORIENTED_EDGE('',*,*,#1652,.T.);
#2370=ORIENTED_EDGE('',*,*,#1651,.T.);
#2371=ORIENTED_EDGE('',*,*,#1653,.F.);
#2372=ORIENTED_EDGE('',*,*,#1654,.F.);
#2373=ORIENTED_EDGE('',*,*,#1655,.T.);
#2374=ORIENTED_EDGE('',*,*,#1654,.T.);
#2375=ORIENTED_EDGE('',*,*,#1656,.F.);
#2376=ORIENTED_EDGE('',*,*,#1657,.F.);
#2377=ORIENTED_EDGE('',*,*,#1658,.T.);
#2378=ORIENTED_EDGE('',*,*,#1657,.T.);
#2379=ORIENTED_EDGE('',*,*,#1659,.F.);
#2380=ORIENTED_EDGE('',*,*,#1660,.F.);
#2381=ORIENTED_EDGE('',*,*,#1661,.T.);
#2382=ORIENTED_EDGE('',*,*,#1660,.T.);
#2383=ORIENTED_EDGE('',*,*,#1662,.F.);
#2384=ORIENTED_EDGE('',*,*,#1663,.F.);
#2385=ORIENTED_EDGE('',*,*,#1664,.T.);
#2386=ORIENTED_EDGE('',*,*,#1663,.T.);
#2387=ORIENTED_EDGE('',*,*,#1665,.F.);
#2388=ORIENTED_EDGE('',*,*,#1666,.F.);
#2389=ORIENTED_EDGE('',*,*,#1667,.T.);
#2390=ORIENTED_EDGE('',*,*,#1666,.T.);
#2391=ORIENTED_EDGE('',*,*,#1668,.F.);
#2392=ORIENTED_EDGE('',*,*,#1669,.F.);
#2393=ORIENTED_EDGE('',*,*,#1670,.T.);
#2394=ORIENTED_EDGE('',*,*,#1669,.T.);
#2395=ORIENTED_EDGE('',*,*,#1671,.F.);
#2396=ORIENTED_EDGE('',*,*,#1637,.F.);
#2397=ORIENTED_EDGE('',*,*,#1670,.F.);
#2398=ORIENTED_EDGE('',*,*,#1636,.F.);
#2399=ORIENTED_EDGE('',*,*,#1640,.F.);
#2400=ORIENTED_EDGE('',*,*,#1643,.F.);
#2401=ORIENTED_EDGE('',*,*,#1646,.F.);
#2402=ORIENTED_EDGE('',*,*,#1649,.F.);
#2403=ORIENTED_EDGE('',*,*,#1652,.F.);
#2404=ORIENTED_EDGE('',*,*,#1655,.F.);
#2405=ORIENTED_EDGE('',*,*,#1658,.F.);
#2406=ORIENTED_EDGE('',*,*,#1661,.F.);
#2407=ORIENTED_EDGE('',*,*,#1664,.F.);
#2408=ORIENTED_EDGE('',*,*,#1667,.F.);
#2409=ORIENTED_EDGE('',*,*,#1671,.T.);
#2410=ORIENTED_EDGE('',*,*,#1668,.T.);
#2411=ORIENTED_EDGE('',*,*,#1665,.T.);
#2412=ORIENTED_EDGE('',*,*,#1662,.T.);
#2413=ORIENTED_EDGE('',*,*,#1659,.T.);
#2414=ORIENTED_EDGE('',*,*,#1656,.T.);
#2415=ORIENTED_EDGE('',*,*,#1653,.T.);
#2416=ORIENTED_EDGE('',*,*,#1650,.T.);
#2417=ORIENTED_EDGE('',*,*,#1647,.T.);
#2418=ORIENTED_EDGE('',*,*,#1644,.T.);
#2419=ORIENTED_EDGE('',*,*,#1641,.T.);
#2420=ORIENTED_EDGE('',*,*,#1638,.T.);
#2421=ORIENTED_EDGE('',*,*,#1672,.T.);
#2422=ORIENTED_EDGE('',*,*,#1673,.T.);
#2423=ORIENTED_EDGE('',*,*,#1674,.F.);
#2424=ORIENTED_EDGE('',*,*,#1675,.F.);
#2425=ORIENTED_EDGE('',*,*,#1676,.T.);
#2426=ORIENTED_EDGE('',*,*,#1675,.T.);
#2427=ORIENTED_EDGE('',*,*,#1677,.F.);
#2428=ORIENTED_EDGE('',*,*,#1678,.F.);
#2429=ORIENTED_EDGE('',*,*,#1679,.T.);
#2430=ORIENTED_EDGE('',*,*,#1678,.T.);
#2431=ORIENTED_EDGE('',*,*,#1680,.F.);
#2432=ORIENTED_EDGE('',*,*,#1681,.F.);
#2433=ORIENTED_EDGE('',*,*,#1682,.T.);
#2434=ORIENTED_EDGE('',*,*,#1681,.T.);
#2435=ORIENTED_EDGE('',*,*,#1683,.F.);
#2436=ORIENTED_EDGE('',*,*,#1684,.F.);
#2437=ORIENTED_EDGE('',*,*,#1685,.T.);
#2438=ORIENTED_EDGE('',*,*,#1684,.T.);
#2439=ORIENTED_EDGE('',*,*,#1686,.F.);
#2440=ORIENTED_EDGE('',*,*,#1687,.F.);
#2441=ORIENTED_EDGE('',*,*,#1688,.T.);
#2442=ORIENTED_EDGE('',*,*,#1687,.T.);
#2443=ORIENTED_EDGE('',*,*,#1689,.F.);
#2444=ORIENTED_EDGE('',*,*,#1690,.F.);
#2445=ORIENTED_EDGE('',*,*,#1691,.T.);
#2446=ORIENTED_EDGE('',*,*,#1690,.T.);
#2447=ORIENTED_EDGE('',*,*,#1692,.F.);
#2448=ORIENTED_EDGE('',*,*,#1693,.F.);
#2449=ORIENTED_EDGE('',*,*,#1694,.T.);
#2450=ORIENTED_EDGE('',*,*,#1693,.T.);
#2451=ORIENTED_EDGE('',*,*,#1695,.F.);
#2452=ORIENTED_EDGE('',*,*,#1696,.F.);
#2453=ORIENTED_EDGE('',*,*,#1697,.T.);
#2454=ORIENTED_EDGE('',*,*,#1696,.T.);
#2455=ORIENTED_EDGE('',*,*,#1698,.F.);
#2456=ORIENTED_EDGE('',*,*,#1699,.F.);
#2457=ORIENTED_EDGE('',*,*,#1700,.T.);
#2458=ORIENTED_EDGE('',*,*,#1699,.T.);
#2459=ORIENTED_EDGE('',*,*,#1701,.F.);
#2460=ORIENTED_EDGE('',*,*,#1702,.F.);
#2461=ORIENTED_EDGE('',*,*,#1703,.T.);
#2462=ORIENTED_EDGE('',*,*,#1702,.T.);
#2463=ORIENTED_EDGE('',*,*,#1704,.F.);
#2464=ORIENTED_EDGE('',*,*,#1705,.F.);
#2465=ORIENTED_EDGE('',*,*,#1706,.T.);
#2466=ORIENTED_EDGE('',*,*,#1705,.T.);
#2467=ORIENTED_EDGE('',*,*,#1707,.F.);
#2468=ORIENTED_EDGE('',*,*,#1708,.F.);
#2469=ORIENTED_EDGE('',*,*,#1709,.T.);
#2470=ORIENTED_EDGE('',*,*,#1708,.T.);
#2471=ORIENTED_EDGE('',*,*,#1710,.F.);
#2472=ORIENTED_EDGE('',*,*,#1711,.F.);
#2473=ORIENTED_EDGE('',*,*,#1712,.T.);
#2474=ORIENTED_EDGE('',*,*,#1711,.T.);
#2475=ORIENTED_EDGE('',*,*,#1713,.F.);
#2476=ORIENTED_EDGE('',*,*,#1673,.F.);
#2477=ORIENTED_EDGE('',*,*,#1712,.F.);
#2478=ORIENTED_EDGE('',*,*,#1672,.F.);
#2479=ORIENTED_EDGE('',*,*,#1676,.F.);
#2480=ORIENTED_EDGE('',*,*,#1679,.F.);
#2481=ORIENTED_EDGE('',*,*,#1682,.F.);
#2482=ORIENTED_EDGE('',*,*,#1685,.F.);
#2483=ORIENTED_EDGE('',*,*,#1688,.F.);
#2484=ORIENTED_EDGE('',*,*,#1691,.F.);
#2485=ORIENTED_EDGE('',*,*,#1694,.F.);
#2486=ORIENTED_EDGE('',*,*,#1697,.F.);
#2487=ORIENTED_EDGE('',*,*,#1700,.F.);
#2488=ORIENTED_EDGE('',*,*,#1703,.F.);
#2489=ORIENTED_EDGE('',*,*,#1706,.F.);
#2490=ORIENTED_EDGE('',*,*,#1709,.F.);
#2491=ORIENTED_EDGE('',*,*,#1713,.T.);
#2492=ORIENTED_EDGE('',*,*,#1710,.T.);
#2493=ORIENTED_EDGE('',*,*,#1707,.T.);
#2494=ORIENTED_EDGE('',*,*,#1704,.T.);
#2495=ORIENTED_EDGE('',*,*,#1701,.T.);
#2496=ORIENTED_EDGE('',*,*,#1698,.T.);
#2497=ORIENTED_EDGE('',*,*,#1695,.T.);
#2498=ORIENTED_EDGE('',*,*,#1692,.T.);
#2499=ORIENTED_EDGE('',*,*,#1689,.T.);
#2500=ORIENTED_EDGE('',*,*,#1686,.T.);
#2501=ORIENTED_EDGE('',*,*,#1683,.T.);
#2502=ORIENTED_EDGE('',*,*,#1680,.T.);
#2503=ORIENTED_EDGE('',*,*,#1677,.T.);
#2504=ORIENTED_EDGE('',*,*,#1674,.T.);
#2505=ORIENTED_EDGE('',*,*,#1714,.T.);
#2506=ORIENTED_EDGE('',*,*,#1715,.T.);
#2507=ORIENTED_EDGE('',*,*,#1716,.F.);
#2508=ORIENTED_EDGE('',*,*,#1717,.F.);
#2509=ORIENTED_EDGE('',*,*,#1718,.T.);
#2510=ORIENTED_EDGE('',*,*,#1717,.T.);
#2511=ORIENTED_EDGE('',*,*,#1719,.F.);
#2512=ORIENTED_EDGE('',*,*,#1720,.F.);
#2513=ORIENTED_EDGE('',*,*,#1721,.T.);
#2514=ORIENTED_EDGE('',*,*,#1720,.T.);
#2515=ORIENTED_EDGE('',*,*,#1722,.F.);
#2516=ORIENTED_EDGE('',*,*,#1723,.F.);
#2517=ORIENTED_EDGE('',*,*,#1724,.T.);
#2518=ORIENTED_EDGE('',*,*,#1723,.T.);
#2519=ORIENTED_EDGE('',*,*,#1725,.F.);
#2520=ORIENTED_EDGE('',*,*,#1726,.F.);
#2521=ORIENTED_EDGE('',*,*,#1727,.T.);
#2522=ORIENTED_EDGE('',*,*,#1726,.T.);
#2523=ORIENTED_EDGE('',*,*,#1728,.F.);
#2524=ORIENTED_EDGE('',*,*,#1715,.F.);
#2525=ORIENTED_EDGE('',*,*,#1727,.F.);
#2526=ORIENTED_EDGE('',*,*,#1714,.F.);
#2527=ORIENTED_EDGE('',*,*,#1718,.F.);
#2528=ORIENTED_EDGE('',*,*,#1721,.F.);
#2529=ORIENTED_EDGE('',*,*,#1724,.F.);
#2530=ORIENTED_EDGE('',*,*,#1728,.T.);
#2531=ORIENTED_EDGE('',*,*,#1725,.T.);
#2532=ORIENTED_EDGE('',*,*,#1722,.T.);
#2533=ORIENTED_EDGE('',*,*,#1719,.T.);
#2534=ORIENTED_EDGE('',*,*,#1716,.T.);
#2535=(
BOUNDED_SURFACE()
B_SPLINE_SURFACE(3,1,((#3248,#3249),(#3250,#3251),(#3252,#3253),(#3254,
#3255)),.UNSPECIFIED.,.F.,.F.,.F.)
B_SPLINE_SURFACE_WITH_KNOTS((4,4),(2,2),(0.,1.),(0.,0.04),.UNSPECIFIED.)
GEOMETRIC_REPRESENTATION_ITEM()
RATIONAL_B_SPLINE_SURFACE(((1.,1.),(1.,1.),(1.,1.),(1.,1.)))
REPRESENTATION_ITEM('')
SURFACE()
);
#2536=(
BOUNDED_SURFACE()
B_SPLINE_SURFACE(3,1,((#3276,#3277),(#3278,#3279),(#3280,#3281),(#3282,
#3283)),.UNSPECIFIED.,.F.,.F.,.F.)
B_SPLINE_SURFACE_WITH_KNOTS((4,4),(2,2),(0.,1.),(0.,0.04),.UNSPECIFIED.)
GEOMETRIC_REPRESENTATION_ITEM()
RATIONAL_B_SPLINE_SURFACE(((1.,1.),(1.,1.),(1.,1.),(1.,1.)))
REPRESENTATION_ITEM('')
SURFACE()
);
#2537=(
BOUNDED_SURFACE()
B_SPLINE_SURFACE(3,1,((#3295,#3296),(#3297,#3298),(#3299,#3300),(#3301,
#3302)),.UNSPECIFIED.,.F.,.F.,.F.)
B_SPLINE_SURFACE_WITH_KNOTS((4,4),(2,2),(0.,1.),(0.,0.04),.UNSPECIFIED.)
GEOMETRIC_REPRESENTATION_ITEM()
RATIONAL_B_SPLINE_SURFACE(((1.,1.),(1.,1.),(1.,1.),(1.,1.)))
REPRESENTATION_ITEM('')
SURFACE()
);
#2538=(
BOUNDED_SURFACE()
B_SPLINE_SURFACE(3,1,((#3314,#3315),(#3316,#3317),(#3318,#3319),(#3320,
#3321)),.UNSPECIFIED.,.F.,.F.,.F.)
B_SPLINE_SURFACE_WITH_KNOTS((4,4),(2,2),(0.,1.),(0.,0.04),.UNSPECIFIED.)
GEOMETRIC_REPRESENTATION_ITEM()
RATIONAL_B_SPLINE_SURFACE(((1.,1.),(1.,1.),(1.,1.),(1.,1.)))
REPRESENTATION_ITEM('')
SURFACE()
);
#2539=(
BOUNDED_SURFACE()
B_SPLINE_SURFACE(3,1,((#3345,#3346),(#3347,#3348),(#3349,#3350),(#3351,
#3352)),.UNSPECIFIED.,.F.,.F.,.F.)
B_SPLINE_SURFACE_WITH_KNOTS((4,4),(2,2),(0.,1.),(0.,0.04),.UNSPECIFIED.)
GEOMETRIC_REPRESENTATION_ITEM()
RATIONAL_B_SPLINE_SURFACE(((1.,1.),(1.,1.),(1.,1.),(1.,1.)))
REPRESENTATION_ITEM('')
SURFACE()
);
#2540=(
BOUNDED_SURFACE()
B_SPLINE_SURFACE(3,1,((#3362,#3363),(#3364,#3365),(#3366,#3367),(#3368,
#3369)),.UNSPECIFIED.,.F.,.F.,.F.)
B_SPLINE_SURFACE_WITH_KNOTS((4,4),(2,2),(0.,1.),(0.,0.04),.UNSPECIFIED.)
GEOMETRIC_REPRESENTATION_ITEM()
RATIONAL_B_SPLINE_SURFACE(((1.,1.),(1.,1.),(1.,1.),(1.,1.)))
REPRESENTATION_ITEM('')
SURFACE()
);
#2541=(
BOUNDED_SURFACE()
B_SPLINE_SURFACE(3,1,((#3384,#3385),(#3386,#3387),(#3388,#3389),(#3390,
#3391)),.UNSPECIFIED.,.F.,.F.,.F.)
B_SPLINE_SURFACE_WITH_KNOTS((4,4),(2,2),(0.,1.),(0.,0.04),.UNSPECIFIED.)
GEOMETRIC_REPRESENTATION_ITEM()
RATIONAL_B_SPLINE_SURFACE(((1.,1.),(1.,1.),(1.,1.),(1.,1.)))
REPRESENTATION_ITEM('')
SURFACE()
);
#2542=(
BOUNDED_SURFACE()
B_SPLINE_SURFACE(3,1,((#3409,#3410),(#3411,#3412),(#3413,#3414),(#3415,
#3416)),.UNSPECIFIED.,.F.,.F.,.F.)
B_SPLINE_SURFACE_WITH_KNOTS((4,4),(2,2),(0.,1.),(0.,0.04),.UNSPECIFIED.)
GEOMETRIC_REPRESENTATION_ITEM()
RATIONAL_B_SPLINE_SURFACE(((1.,1.),(1.,1.),(1.,1.),(1.,1.)))
REPRESENTATION_ITEM('')
SURFACE()
);
#2543=(
BOUNDED_SURFACE()
B_SPLINE_SURFACE(3,1,((#3428,#3429),(#3430,#3431),(#3432,#3433),(#3434,
#3435)),.UNSPECIFIED.,.F.,.F.,.F.)
B_SPLINE_SURFACE_WITH_KNOTS((4,4),(2,2),(0.,1.),(0.,0.04),.UNSPECIFIED.)
GEOMETRIC_REPRESENTATION_ITEM()
RATIONAL_B_SPLINE_SURFACE(((1.,1.),(1.,1.),(1.,1.),(1.,1.)))
REPRESENTATION_ITEM('')
SURFACE()
);
#2544=(
BOUNDED_SURFACE()
B_SPLINE_SURFACE(3,1,((#3447,#3448),(#3449,#3450),(#3451,#3452),(#3453,
#3454)),.UNSPECIFIED.,.F.,.F.,.F.)
B_SPLINE_SURFACE_WITH_KNOTS((4,4),(2,2),(0.,1.),(0.,0.04),.UNSPECIFIED.)
GEOMETRIC_REPRESENTATION_ITEM()
RATIONAL_B_SPLINE_SURFACE(((1.,1.),(1.,1.),(1.,1.),(1.,1.)))
REPRESENTATION_ITEM('')
SURFACE()
);
#2545=(
BOUNDED_SURFACE()
B_SPLINE_SURFACE(3,1,((#3466,#3467),(#3468,#3469),(#3470,#3471),(#3472,
#3473)),.UNSPECIFIED.,.F.,.F.,.F.)
B_SPLINE_SURFACE_WITH_KNOTS((4,4),(2,2),(0.,1.),(0.,0.04),.UNSPECIFIED.)
GEOMETRIC_REPRESENTATION_ITEM()
RATIONAL_B_SPLINE_SURFACE(((1.,1.),(1.,1.),(1.,1.),(1.,1.)))
REPRESENTATION_ITEM('')
SURFACE()
);
#2546=(
BOUNDED_SURFACE()
B_SPLINE_SURFACE(3,1,((#3485,#3486),(#3487,#3488),(#3489,#3490),(#3491,
#3492)),.UNSPECIFIED.,.F.,.F.,.F.)
B_SPLINE_SURFACE_WITH_KNOTS((4,4),(2,2),(0.,1.),(0.,0.04),.UNSPECIFIED.)
GEOMETRIC_REPRESENTATION_ITEM()
RATIONAL_B_SPLINE_SURFACE(((1.,1.),(1.,1.),(1.,1.),(1.,1.)))
REPRESENTATION_ITEM('')
SURFACE()
);
#2547=(
BOUNDED_SURFACE()
B_SPLINE_SURFACE(3,1,((#3504,#3505),(#3506,#3507),(#3508,#3509),(#3510,
#3511)),.UNSPECIFIED.,.F.,.F.,.F.)
B_SPLINE_SURFACE_WITH_KNOTS((4,4),(2,2),(0.,1.),(0.,0.04),.UNSPECIFIED.)
GEOMETRIC_REPRESENTATION_ITEM()
RATIONAL_B_SPLINE_SURFACE(((1.,1.),(1.,1.),(1.,1.),(1.,1.)))
REPRESENTATION_ITEM('')
SURFACE()
);
#2548=(
BOUNDED_SURFACE()
B_SPLINE_SURFACE(3,1,((#3529,#3530),(#3531,#3532),(#3533,#3534),(#3535,
#3536)),.UNSPECIFIED.,.F.,.F.,.F.)
B_SPLINE_SURFACE_WITH_KNOTS((4,4),(2,2),(0.,1.),(0.,0.04),.UNSPECIFIED.)
GEOMETRIC_REPRESENTATION_ITEM()
RATIONAL_B_SPLINE_SURFACE(((1.,1.),(1.,1.),(1.,1.),(1.,1.)))
REPRESENTATION_ITEM('')
SURFACE()
);
#2549=(
BOUNDED_SURFACE()
B_SPLINE_SURFACE(3,1,((#3548,#3549),(#3550,#3551),(#3552,#3553),(#3554,
#3555)),.UNSPECIFIED.,.F.,.F.,.F.)
B_SPLINE_SURFACE_WITH_KNOTS((4,4),(2,2),(0.,1.),(0.,0.04),.UNSPECIFIED.)
GEOMETRIC_REPRESENTATION_ITEM()
RATIONAL_B_SPLINE_SURFACE(((1.,1.),(1.,1.),(1.,1.),(1.,1.)))
REPRESENTATION_ITEM('')
SURFACE()
);
#2550=(
BOUNDED_SURFACE()
B_SPLINE_SURFACE(3,1,((#3567,#3568),(#3569,#3570),(#3571,#3572),(#3573,
#3574)),.UNSPECIFIED.,.F.,.F.,.F.)
B_SPLINE_SURFACE_WITH_KNOTS((4,4),(2,2),(0.,1.),(0.,0.04),.UNSPECIFIED.)
GEOMETRIC_REPRESENTATION_ITEM()
RATIONAL_B_SPLINE_SURFACE(((1.,1.),(1.,1.),(1.,1.),(1.,1.)))
REPRESENTATION_ITEM('')
SURFACE()
);
#2551=(
BOUNDED_SURFACE()
B_SPLINE_SURFACE(3,1,((#3605,#3606),(#3607,#3608),(#3609,#3610),(#3611,
#3612)),.UNSPECIFIED.,.F.,.F.,.F.)
B_SPLINE_SURFACE_WITH_KNOTS((4,4),(2,2),(0.,1.),(0.,0.04),.UNSPECIFIED.)
GEOMETRIC_REPRESENTATION_ITEM()
RATIONAL_B_SPLINE_SURFACE(((1.,1.),(1.,1.),(1.,1.),(1.,1.)))
REPRESENTATION_ITEM('')
SURFACE()
);
#2552=(
BOUNDED_SURFACE()
B_SPLINE_SURFACE(3,1,((#3624,#3625),(#3626,#3627),(#3628,#3629),(#3630,
#3631)),.UNSPECIFIED.,.F.,.F.,.F.)
B_SPLINE_SURFACE_WITH_KNOTS((4,4),(2,2),(0.,1.),(0.,0.04),.UNSPECIFIED.)
GEOMETRIC_REPRESENTATION_ITEM()
RATIONAL_B_SPLINE_SURFACE(((1.,1.),(1.,1.),(1.,1.),(1.,1.)))
REPRESENTATION_ITEM('')
SURFACE()
);
#2553=(
BOUNDED_SURFACE()
B_SPLINE_SURFACE(3,1,((#3643,#3644),(#3645,#3646),(#3647,#3648),(#3649,
#3650)),.UNSPECIFIED.,.F.,.F.,.F.)
B_SPLINE_SURFACE_WITH_KNOTS((4,4),(2,2),(0.,1.),(0.,0.04),.UNSPECIFIED.)
GEOMETRIC_REPRESENTATION_ITEM()
RATIONAL_B_SPLINE_SURFACE(((1.,1.),(1.,1.),(1.,1.),(1.,1.)))
REPRESENTATION_ITEM('')
SURFACE()
);
#2554=(
BOUNDED_SURFACE()
B_SPLINE_SURFACE(3,1,((#3662,#3663),(#3664,#3665),(#3666,#3667),(#3668,
#3669)),.UNSPECIFIED.,.F.,.F.,.F.)
B_SPLINE_SURFACE_WITH_KNOTS((4,4),(2,2),(0.,1.),(0.,0.04),.UNSPECIFIED.)
GEOMETRIC_REPRESENTATION_ITEM()
RATIONAL_B_SPLINE_SURFACE(((1.,1.),(1.,1.),(1.,1.),(1.,1.)))
REPRESENTATION_ITEM('')
SURFACE()
);
#2555=(
BOUNDED_SURFACE()
B_SPLINE_SURFACE(3,1,((#3681,#3682),(#3683,#3684),(#3685,#3686),(#3687,
#3688)),.UNSPECIFIED.,.F.,.F.,.F.)
B_SPLINE_SURFACE_WITH_KNOTS((4,4),(2,2),(0.,1.),(0.,0.04),.UNSPECIFIED.)
GEOMETRIC_REPRESENTATION_ITEM()
RATIONAL_B_SPLINE_SURFACE(((1.,1.),(1.,1.),(1.,1.),(1.,1.)))
REPRESENTATION_ITEM('')
SURFACE()
);
#2556=(
BOUNDED_SURFACE()
B_SPLINE_SURFACE(3,1,((#3712,#3713),(#3714,#3715),(#3716,#3717),(#3718,
#3719)),.UNSPECIFIED.,.F.,.F.,.F.)
B_SPLINE_SURFACE_WITH_KNOTS((4,4),(2,2),(0.,1.),(0.,0.04),.UNSPECIFIED.)
GEOMETRIC_REPRESENTATION_ITEM()
RATIONAL_B_SPLINE_SURFACE(((1.,1.),(1.,1.),(1.,1.),(1.,1.)))
REPRESENTATION_ITEM('')
SURFACE()
);
#2557=(
BOUNDED_SURFACE()
B_SPLINE_SURFACE(3,1,((#3731,#3732),(#3733,#3734),(#3735,#3736),(#3737,
#3738)),.UNSPECIFIED.,.F.,.F.,.F.)
B_SPLINE_SURFACE_WITH_KNOTS((4,4),(2,2),(0.,1.),(0.,0.04),.UNSPECIFIED.)
GEOMETRIC_REPRESENTATION_ITEM()
RATIONAL_B_SPLINE_SURFACE(((1.,1.),(1.,1.),(1.,1.),(1.,1.)))
REPRESENTATION_ITEM('')
SURFACE()
);
#2558=(
BOUNDED_SURFACE()
B_SPLINE_SURFACE(3,1,((#3750,#3751),(#3752,#3753),(#3754,#3755),(#3756,
#3757)),.UNSPECIFIED.,.F.,.F.,.F.)
B_SPLINE_SURFACE_WITH_KNOTS((4,4),(2,2),(0.,1.),(0.,0.04),.UNSPECIFIED.)
GEOMETRIC_REPRESENTATION_ITEM()
RATIONAL_B_SPLINE_SURFACE(((1.,1.),(1.,1.),(1.,1.),(1.,1.)))
REPRESENTATION_ITEM('')
SURFACE()
);
#2559=(
BOUNDED_SURFACE()
B_SPLINE_SURFACE(3,1,((#3773,#3774),(#3775,#3776),(#3777,#3778),(#3779,
#3780)),.UNSPECIFIED.,.F.,.F.,.F.)
B_SPLINE_SURFACE_WITH_KNOTS((4,4),(2,2),(0.,1.),(0.,0.04),.UNSPECIFIED.)
GEOMETRIC_REPRESENTATION_ITEM()
RATIONAL_B_SPLINE_SURFACE(((1.,1.),(1.,1.),(1.,1.),(1.,1.)))
REPRESENTATION_ITEM('')
SURFACE()
);
#2560=(
BOUNDED_SURFACE()
B_SPLINE_SURFACE(3,1,((#3795,#3796),(#3797,#3798),(#3799,#3800),(#3801,
#3802)),.UNSPECIFIED.,.F.,.F.,.F.)
B_SPLINE_SURFACE_WITH_KNOTS((4,4),(2,2),(0.,1.),(0.,0.04),.UNSPECIFIED.)
GEOMETRIC_REPRESENTATION_ITEM()
RATIONAL_B_SPLINE_SURFACE(((1.,1.),(1.,1.),(1.,1.),(1.,1.)))
REPRESENTATION_ITEM('')
SURFACE()
);
#2561=(
BOUNDED_SURFACE()
B_SPLINE_SURFACE(3,1,((#3820,#3821),(#3822,#3823),(#3824,#3825),(#3826,
#3827)),.UNSPECIFIED.,.F.,.F.,.F.)
B_SPLINE_SURFACE_WITH_KNOTS((4,4),(2,2),(0.,1.),(0.,0.04),.UNSPECIFIED.)
GEOMETRIC_REPRESENTATION_ITEM()
RATIONAL_B_SPLINE_SURFACE(((1.,1.),(1.,1.),(1.,1.),(1.,1.)))
REPRESENTATION_ITEM('')
SURFACE()
);
#2562=(
BOUNDED_SURFACE()
B_SPLINE_SURFACE(3,1,((#3839,#3840),(#3841,#3842),(#3843,#3844),(#3845,
#3846)),.UNSPECIFIED.,.F.,.F.,.F.)
B_SPLINE_SURFACE_WITH_KNOTS((4,4),(2,2),(0.,1.),(0.,0.04),.UNSPECIFIED.)
GEOMETRIC_REPRESENTATION_ITEM()
RATIONAL_B_SPLINE_SURFACE(((1.,1.),(1.,1.),(1.,1.),(1.,1.)))
REPRESENTATION_ITEM('')
SURFACE()
);
#2563=(
BOUNDED_SURFACE()
B_SPLINE_SURFACE(3,1,((#3864,#3865),(#3866,#3867),(#3868,#3869),(#3870,
#3871)),.UNSPECIFIED.,.F.,.F.,.F.)
B_SPLINE_SURFACE_WITH_KNOTS((4,4),(2,2),(0.,1.),(0.,0.04),.UNSPECIFIED.)
GEOMETRIC_REPRESENTATION_ITEM()
RATIONAL_B_SPLINE_SURFACE(((1.,1.),(1.,1.),(1.,1.),(1.,1.)))
REPRESENTATION_ITEM('')
SURFACE()
);
#2564=(
BOUNDED_SURFACE()
B_SPLINE_SURFACE(3,1,((#3883,#3884),(#3885,#3886),(#3887,#3888),(#3889,
#3890)),.UNSPECIFIED.,.F.,.F.,.F.)
B_SPLINE_SURFACE_WITH_KNOTS((4,4),(2,2),(0.,1.),(0.,0.04),.UNSPECIFIED.)
GEOMETRIC_REPRESENTATION_ITEM()
RATIONAL_B_SPLINE_SURFACE(((1.,1.),(1.,1.),(1.,1.),(1.,1.)))
REPRESENTATION_ITEM('')
SURFACE()
);
#2565=(
BOUNDED_SURFACE()
B_SPLINE_SURFACE(3,1,((#3902,#3903),(#3904,#3905),(#3906,#3907),(#3908,
#3909)),.UNSPECIFIED.,.F.,.F.,.F.)
B_SPLINE_SURFACE_WITH_KNOTS((4,4),(2,2),(0.,1.),(0.,0.04),.UNSPECIFIED.)
GEOMETRIC_REPRESENTATION_ITEM()
RATIONAL_B_SPLINE_SURFACE(((1.,1.),(1.,1.),(1.,1.),(1.,1.)))
REPRESENTATION_ITEM('')
SURFACE()
);
#2566=(
BOUNDED_SURFACE()
B_SPLINE_SURFACE(3,1,((#3927,#3928),(#3929,#3930),(#3931,#3932),(#3933,
#3934)),.UNSPECIFIED.,.F.,.F.,.F.)
B_SPLINE_SURFACE_WITH_KNOTS((4,4),(2,2),(0.,1.),(0.,0.04),.UNSPECIFIED.)
GEOMETRIC_REPRESENTATION_ITEM()
RATIONAL_B_SPLINE_SURFACE(((1.,1.),(1.,1.),(1.,1.),(1.,1.)))
REPRESENTATION_ITEM('')
SURFACE()
);
#2567=(
BOUNDED_SURFACE()
B_SPLINE_SURFACE(3,1,((#3946,#3947),(#3948,#3949),(#3950,#3951),(#3952,
#3953)),.UNSPECIFIED.,.F.,.F.,.F.)
B_SPLINE_SURFACE_WITH_KNOTS((4,4),(2,2),(0.,1.),(0.,0.04),.UNSPECIFIED.)
GEOMETRIC_REPRESENTATION_ITEM()
RATIONAL_B_SPLINE_SURFACE(((1.,1.),(1.,1.),(1.,1.),(1.,1.)))
REPRESENTATION_ITEM('')
SURFACE()
);
#2568=(
BOUNDED_SURFACE()
B_SPLINE_SURFACE(3,1,((#3965,#3966),(#3967,#3968),(#3969,#3970),(#3971,
#3972)),.UNSPECIFIED.,.F.,.F.,.F.)
B_SPLINE_SURFACE_WITH_KNOTS((4,4),(2,2),(0.,1.),(0.,0.04),.UNSPECIFIED.)
GEOMETRIC_REPRESENTATION_ITEM()
RATIONAL_B_SPLINE_SURFACE(((1.,1.),(1.,1.),(1.,1.),(1.,1.)))
REPRESENTATION_ITEM('')
SURFACE()
);
#2569=(
BOUNDED_SURFACE()
B_SPLINE_SURFACE(3,1,((#3984,#3985),(#3986,#3987),(#3988,#3989),(#3990,
#3991)),.UNSPECIFIED.,.F.,.F.,.F.)
B_SPLINE_SURFACE_WITH_KNOTS((4,4),(2,2),(0.,1.),(0.,0.04),.UNSPECIFIED.)
GEOMETRIC_REPRESENTATION_ITEM()
RATIONAL_B_SPLINE_SURFACE(((1.,1.),(1.,1.),(1.,1.),(1.,1.)))
REPRESENTATION_ITEM('')
SURFACE()
);
#2570=(
BOUNDED_SURFACE()
B_SPLINE_SURFACE(3,1,((#4001,#4002),(#4003,#4004),(#4005,#4006),(#4007,
#4008)),.UNSPECIFIED.,.F.,.F.,.F.)
B_SPLINE_SURFACE_WITH_KNOTS((4,4),(2,2),(0.,1.),(0.,0.04),.UNSPECIFIED.)
GEOMETRIC_REPRESENTATION_ITEM()
RATIONAL_B_SPLINE_SURFACE(((1.,1.),(1.,1.),(1.,1.),(1.,1.)))
REPRESENTATION_ITEM('')
SURFACE()
);
#2571=(
BOUNDED_SURFACE()
B_SPLINE_SURFACE(3,1,((#4023,#4024),(#4025,#4026),(#4027,#4028),(#4029,
#4030)),.UNSPECIFIED.,.F.,.F.,.F.)
B_SPLINE_SURFACE_WITH_KNOTS((4,4),(2,2),(0.,1.),(0.,0.04),.UNSPECIFIED.)
GEOMETRIC_REPRESENTATION_ITEM()
RATIONAL_B_SPLINE_SURFACE(((1.,1.),(1.,1.),(1.,1.),(1.,1.)))
REPRESENTATION_ITEM('')
SURFACE()
);
#2572=(
BOUNDED_SURFACE()
B_SPLINE_SURFACE(3,1,((#4042,#4043),(#4044,#4045),(#4046,#4047),(#4048,
#4049)),.UNSPECIFIED.,.F.,.F.,.F.)
B_SPLINE_SURFACE_WITH_KNOTS((4,4),(2,2),(0.,1.),(0.,0.04),.UNSPECIFIED.)
GEOMETRIC_REPRESENTATION_ITEM()
RATIONAL_B_SPLINE_SURFACE(((1.,1.),(1.,1.),(1.,1.),(1.,1.)))
REPRESENTATION_ITEM('')
SURFACE()
);
#2573=(
BOUNDED_SURFACE()
B_SPLINE_SURFACE(3,1,((#4061,#4062),(#4063,#4064),(#4065,#4066),(#4067,
#4068)),.UNSPECIFIED.,.F.,.F.,.F.)
B_SPLINE_SURFACE_WITH_KNOTS((4,4),(2,2),(0.,1.),(0.,0.04),.UNSPECIFIED.)
GEOMETRIC_REPRESENTATION_ITEM()
RATIONAL_B_SPLINE_SURFACE(((1.,1.),(1.,1.),(1.,1.),(1.,1.)))
REPRESENTATION_ITEM('')
SURFACE()
);
#2574=(
BOUNDED_SURFACE()
B_SPLINE_SURFACE(3,1,((#4080,#4081),(#4082,#4083),(#4084,#4085),(#4086,
#4087)),.UNSPECIFIED.,.F.,.F.,.F.)
B_SPLINE_SURFACE_WITH_KNOTS((4,4),(2,2),(0.,1.),(0.,0.04),.UNSPECIFIED.)
GEOMETRIC_REPRESENTATION_ITEM()
RATIONAL_B_SPLINE_SURFACE(((1.,1.),(1.,1.),(1.,1.),(1.,1.)))
REPRESENTATION_ITEM('')
SURFACE()
);
#2575=(
BOUNDED_SURFACE()
B_SPLINE_SURFACE(3,1,((#6720,#6721),(#6722,#6723),(#6724,#6725),(#6726,
#6727)),.UNSPECIFIED.,.F.,.F.,.F.)
B_SPLINE_SURFACE_WITH_KNOTS((4,4),(2,2),(0.,1.),(0.,0.04),.UNSPECIFIED.)
GEOMETRIC_REPRESENTATION_ITEM()
RATIONAL_B_SPLINE_SURFACE(((1.,1.),(1.,1.),(1.,1.),(1.,1.)))
REPRESENTATION_ITEM('')
SURFACE()
);
#2576=(
BOUNDED_SURFACE()
B_SPLINE_SURFACE(3,1,((#6748,#6749),(#6750,#6751),(#6752,#6753),(#6754,
#6755)),.UNSPECIFIED.,.F.,.F.,.F.)
B_SPLINE_SURFACE_WITH_KNOTS((4,4),(2,2),(0.,1.),(0.,0.04),.UNSPECIFIED.)
GEOMETRIC_REPRESENTATION_ITEM()
RATIONAL_B_SPLINE_SURFACE(((1.,1.),(1.,1.),(1.,1.),(1.,1.)))
REPRESENTATION_ITEM('')
SURFACE()
);
#2577=(
BOUNDED_SURFACE()
B_SPLINE_SURFACE(3,1,((#6767,#6768),(#6769,#6770),(#6771,#6772),(#6773,
#6774)),.UNSPECIFIED.,.F.,.F.,.F.)
B_SPLINE_SURFACE_WITH_KNOTS((4,4),(2,2),(0.,1.),(0.,0.04),.UNSPECIFIED.)
GEOMETRIC_REPRESENTATION_ITEM()
RATIONAL_B_SPLINE_SURFACE(((1.,1.),(1.,1.),(1.,1.),(1.,1.)))
REPRESENTATION_ITEM('')
SURFACE()
);
#2578=(
BOUNDED_SURFACE()
B_SPLINE_SURFACE(3,1,((#6786,#6787),(#6788,#6789),(#6790,#6791),(#6792,
#6793)),.UNSPECIFIED.,.F.,.F.,.F.)
B_SPLINE_SURFACE_WITH_KNOTS((4,4),(2,2),(0.,1.),(0.,0.04),.UNSPECIFIED.)
GEOMETRIC_REPRESENTATION_ITEM()
RATIONAL_B_SPLINE_SURFACE(((1.,1.),(1.,1.),(1.,1.),(1.,1.)))
REPRESENTATION_ITEM('')
SURFACE()
);
#2579=(
BOUNDED_SURFACE()
B_SPLINE_SURFACE(3,1,((#6817,#6818),(#6819,#6820),(#6821,#6822),(#6823,
#6824)),.UNSPECIFIED.,.F.,.F.,.F.)
B_SPLINE_SURFACE_WITH_KNOTS((4,4),(2,2),(0.,1.),(0.,0.04),.UNSPECIFIED.)
GEOMETRIC_REPRESENTATION_ITEM()
RATIONAL_B_SPLINE_SURFACE(((1.,1.),(1.,1.),(1.,1.),(1.,1.)))
REPRESENTATION_ITEM('')
SURFACE()
);
#2580=(
BOUNDED_SURFACE()
B_SPLINE_SURFACE(3,1,((#6835,#6836),(#6837,#6838),(#6839,#6840),(#6841,
#6842)),.UNSPECIFIED.,.F.,.F.,.F.)
B_SPLINE_SURFACE_WITH_KNOTS((4,4),(2,2),(0.,1.),(0.,0.04),.UNSPECIFIED.)
GEOMETRIC_REPRESENTATION_ITEM()
RATIONAL_B_SPLINE_SURFACE(((1.,1.),(1.,1.),(1.,1.),(1.,1.)))
REPRESENTATION_ITEM('')
SURFACE()
);
#2581=(
BOUNDED_SURFACE()
B_SPLINE_SURFACE(3,1,((#6857,#6858),(#6859,#6860),(#6861,#6862),(#6863,
#6864)),.UNSPECIFIED.,.F.,.F.,.F.)
B_SPLINE_SURFACE_WITH_KNOTS((4,4),(2,2),(0.,1.),(0.,0.04),.UNSPECIFIED.)
GEOMETRIC_REPRESENTATION_ITEM()
RATIONAL_B_SPLINE_SURFACE(((1.,1.),(1.,1.),(1.,1.),(1.,1.)))
REPRESENTATION_ITEM('')
SURFACE()
);
#2582=(
BOUNDED_SURFACE()
B_SPLINE_SURFACE(3,1,((#6882,#6883),(#6884,#6885),(#6886,#6887),(#6888,
#6889)),.UNSPECIFIED.,.F.,.F.,.F.)
B_SPLINE_SURFACE_WITH_KNOTS((4,4),(2,2),(0.,1.),(0.,0.04),.UNSPECIFIED.)
GEOMETRIC_REPRESENTATION_ITEM()
RATIONAL_B_SPLINE_SURFACE(((1.,1.),(1.,1.),(1.,1.),(1.,1.)))
REPRESENTATION_ITEM('')
SURFACE()
);
#2583=(
BOUNDED_SURFACE()
B_SPLINE_SURFACE(3,1,((#6901,#6902),(#6903,#6904),(#6905,#6906),(#6907,
#6908)),.UNSPECIFIED.,.F.,.F.,.F.)
B_SPLINE_SURFACE_WITH_KNOTS((4,4),(2,2),(0.,1.),(0.,0.04),.UNSPECIFIED.)
GEOMETRIC_REPRESENTATION_ITEM()
RATIONAL_B_SPLINE_SURFACE(((1.,1.),(1.,1.),(1.,1.),(1.,1.)))
REPRESENTATION_ITEM('')
SURFACE()
);
#2584=(
BOUNDED_SURFACE()
B_SPLINE_SURFACE(3,1,((#6920,#6921),(#6922,#6923),(#6924,#6925),(#6926,
#6927)),.UNSPECIFIED.,.F.,.F.,.F.)
B_SPLINE_SURFACE_WITH_KNOTS((4,4),(2,2),(0.,1.),(0.,0.04),.UNSPECIFIED.)
GEOMETRIC_REPRESENTATION_ITEM()
RATIONAL_B_SPLINE_SURFACE(((1.,1.),(1.,1.),(1.,1.),(1.,1.)))
REPRESENTATION_ITEM('')
SURFACE()
);
#2585=(
BOUNDED_SURFACE()
B_SPLINE_SURFACE(3,1,((#6939,#6940),(#6941,#6942),(#6943,#6944),(#6945,
#6946)),.UNSPECIFIED.,.F.,.F.,.F.)
B_SPLINE_SURFACE_WITH_KNOTS((4,4),(2,2),(0.,1.),(0.,0.04),.UNSPECIFIED.)
GEOMETRIC_REPRESENTATION_ITEM()
RATIONAL_B_SPLINE_SURFACE(((1.,1.),(1.,1.),(1.,1.),(1.,1.)))
REPRESENTATION_ITEM('')
SURFACE()
);
#2586=(
BOUNDED_SURFACE()
B_SPLINE_SURFACE(3,1,((#6958,#6959),(#6960,#6961),(#6962,#6963),(#6964,
#6965)),.UNSPECIFIED.,.F.,.F.,.F.)
B_SPLINE_SURFACE_WITH_KNOTS((4,4),(2,2),(0.,1.),(0.,0.04),.UNSPECIFIED.)
GEOMETRIC_REPRESENTATION_ITEM()
RATIONAL_B_SPLINE_SURFACE(((1.,1.),(1.,1.),(1.,1.),(1.,1.)))
REPRESENTATION_ITEM('')
SURFACE()
);
#2587=(
BOUNDED_SURFACE()
B_SPLINE_SURFACE(3,1,((#6977,#6978),(#6979,#6980),(#6981,#6982),(#6983,
#6984)),.UNSPECIFIED.,.F.,.F.,.F.)
B_SPLINE_SURFACE_WITH_KNOTS((4,4),(2,2),(0.,1.),(0.,0.04),.UNSPECIFIED.)
GEOMETRIC_REPRESENTATION_ITEM()
RATIONAL_B_SPLINE_SURFACE(((1.,1.),(1.,1.),(1.,1.),(1.,1.)))
REPRESENTATION_ITEM('')
SURFACE()
);
#2588=(
BOUNDED_SURFACE()
B_SPLINE_SURFACE(3,1,((#7002,#7003),(#7004,#7005),(#7006,#7007),(#7008,
#7009)),.UNSPECIFIED.,.F.,.F.,.F.)
B_SPLINE_SURFACE_WITH_KNOTS((4,4),(2,2),(0.,1.),(0.,0.04),.UNSPECIFIED.)
GEOMETRIC_REPRESENTATION_ITEM()
RATIONAL_B_SPLINE_SURFACE(((1.,1.),(1.,1.),(1.,1.),(1.,1.)))
REPRESENTATION_ITEM('')
SURFACE()
);
#2589=(
BOUNDED_SURFACE()
B_SPLINE_SURFACE(3,1,((#7021,#7022),(#7023,#7024),(#7025,#7026),(#7027,
#7028)),.UNSPECIFIED.,.F.,.F.,.F.)
B_SPLINE_SURFACE_WITH_KNOTS((4,4),(2,2),(0.,1.),(0.,0.04),.UNSPECIFIED.)
GEOMETRIC_REPRESENTATION_ITEM()
RATIONAL_B_SPLINE_SURFACE(((1.,1.),(1.,1.),(1.,1.),(1.,1.)))
REPRESENTATION_ITEM('')
SURFACE()
);
#2590=(
BOUNDED_SURFACE()
B_SPLINE_SURFACE(3,1,((#7040,#7041),(#7042,#7043),(#7044,#7045),(#7046,
#7047)),.UNSPECIFIED.,.F.,.F.,.F.)
B_SPLINE_SURFACE_WITH_KNOTS((4,4),(2,2),(0.,1.),(0.,0.04),.UNSPECIFIED.)
GEOMETRIC_REPRESENTATION_ITEM()
RATIONAL_B_SPLINE_SURFACE(((1.,1.),(1.,1.),(1.,1.),(1.,1.)))
REPRESENTATION_ITEM('')
SURFACE()
);
#2591=(
BOUNDED_SURFACE()
B_SPLINE_SURFACE(3,1,((#7079,#7080),(#7081,#7082),(#7083,#7084),(#7085,
#7086)),.UNSPECIFIED.,.F.,.F.,.F.)
B_SPLINE_SURFACE_WITH_KNOTS((4,4),(2,2),(0.,1.),(0.,0.04),.UNSPECIFIED.)
GEOMETRIC_REPRESENTATION_ITEM()
RATIONAL_B_SPLINE_SURFACE(((1.,1.),(1.,1.),(1.,1.),(1.,1.)))
REPRESENTATION_ITEM('')
SURFACE()
);
#2592=(
BOUNDED_SURFACE()
B_SPLINE_SURFACE(3,1,((#7098,#7099),(#7100,#7101),(#7102,#7103),(#7104,
#7105)),.UNSPECIFIED.,.F.,.F.,.F.)
B_SPLINE_SURFACE_WITH_KNOTS((4,4),(2,2),(0.,1.),(0.,0.04),.UNSPECIFIED.)
GEOMETRIC_REPRESENTATION_ITEM()
RATIONAL_B_SPLINE_SURFACE(((1.,1.),(1.,1.),(1.,1.),(1.,1.)))
REPRESENTATION_ITEM('')
SURFACE()
);
#2593=(
BOUNDED_SURFACE()
B_SPLINE_SURFACE(3,1,((#7117,#7118),(#7119,#7120),(#7121,#7122),(#7123,
#7124)),.UNSPECIFIED.,.F.,.F.,.F.)
B_SPLINE_SURFACE_WITH_KNOTS((4,4),(2,2),(0.,1.),(0.,0.04),.UNSPECIFIED.)
GEOMETRIC_REPRESENTATION_ITEM()
RATIONAL_B_SPLINE_SURFACE(((1.,1.),(1.,1.),(1.,1.),(1.,1.)))
REPRESENTATION_ITEM('')
SURFACE()
);
#2594=(
BOUNDED_SURFACE()
B_SPLINE_SURFACE(3,1,((#7136,#7137),(#7138,#7139),(#7140,#7141),(#7142,
#7143)),.UNSPECIFIED.,.F.,.F.,.F.)
B_SPLINE_SURFACE_WITH_KNOTS((4,4),(2,2),(0.,1.),(0.,0.04),.UNSPECIFIED.)
GEOMETRIC_REPRESENTATION_ITEM()
RATIONAL_B_SPLINE_SURFACE(((1.,1.),(1.,1.),(1.,1.),(1.,1.)))
REPRESENTATION_ITEM('')
SURFACE()
);
#2595=(
BOUNDED_SURFACE()
B_SPLINE_SURFACE(3,1,((#7155,#7156),(#7157,#7158),(#7159,#7160),(#7161,
#7162)),.UNSPECIFIED.,.F.,.F.,.F.)
B_SPLINE_SURFACE_WITH_KNOTS((4,4),(2,2),(0.,1.),(0.,0.04),.UNSPECIFIED.)
GEOMETRIC_REPRESENTATION_ITEM()
RATIONAL_B_SPLINE_SURFACE(((1.,1.),(1.,1.),(1.,1.),(1.,1.)))
REPRESENTATION_ITEM('')
SURFACE()
);
#2596=(
BOUNDED_SURFACE()
B_SPLINE_SURFACE(3,1,((#7186,#7187),(#7188,#7189),(#7190,#7191),(#7192,
#7193)),.UNSPECIFIED.,.F.,.F.,.F.)
B_SPLINE_SURFACE_WITH_KNOTS((4,4),(2,2),(0.,1.),(0.,0.04),.UNSPECIFIED.)
GEOMETRIC_REPRESENTATION_ITEM()
RATIONAL_B_SPLINE_SURFACE(((1.,1.),(1.,1.),(1.,1.),(1.,1.)))
REPRESENTATION_ITEM('')
SURFACE()
);
#2597=(
BOUNDED_SURFACE()
B_SPLINE_SURFACE(3,1,((#7205,#7206),(#7207,#7208),(#7209,#7210),(#7211,
#7212)),.UNSPECIFIED.,.F.,.F.,.F.)
B_SPLINE_SURFACE_WITH_KNOTS((4,4),(2,2),(0.,1.),(0.,0.04),.UNSPECIFIED.)
GEOMETRIC_REPRESENTATION_ITEM()
RATIONAL_B_SPLINE_SURFACE(((1.,1.),(1.,1.),(1.,1.),(1.,1.)))
REPRESENTATION_ITEM('')
SURFACE()
);
#2598=(
BOUNDED_SURFACE()
B_SPLINE_SURFACE(3,1,((#7224,#7225),(#7226,#7227),(#7228,#7229),(#7230,
#7231)),.UNSPECIFIED.,.F.,.F.,.F.)
B_SPLINE_SURFACE_WITH_KNOTS((4,4),(2,2),(0.,1.),(0.,0.04),.UNSPECIFIED.)
GEOMETRIC_REPRESENTATION_ITEM()
RATIONAL_B_SPLINE_SURFACE(((1.,1.),(1.,1.),(1.,1.),(1.,1.)))
REPRESENTATION_ITEM('')
SURFACE()
);
#2599=(
BOUNDED_SURFACE()
B_SPLINE_SURFACE(3,1,((#7248,#7249),(#7250,#7251),(#7252,#7253),(#7254,
#7255)),.UNSPECIFIED.,.F.,.F.,.F.)
B_SPLINE_SURFACE_WITH_KNOTS((4,4),(2,2),(0.,1.),(0.,0.04),.UNSPECIFIED.)
GEOMETRIC_REPRESENTATION_ITEM()
RATIONAL_B_SPLINE_SURFACE(((1.,1.),(1.,1.),(1.,1.),(1.,1.)))
REPRESENTATION_ITEM('')
SURFACE()
);
#2600=(
BOUNDED_SURFACE()
B_SPLINE_SURFACE(3,1,((#7270,#7271),(#7272,#7273),(#7274,#7275),(#7276,
#7277)),.UNSPECIFIED.,.F.,.F.,.F.)
B_SPLINE_SURFACE_WITH_KNOTS((4,4),(2,2),(0.,1.),(0.,0.04),.UNSPECIFIED.)
GEOMETRIC_REPRESENTATION_ITEM()
RATIONAL_B_SPLINE_SURFACE(((1.,1.),(1.,1.),(1.,1.),(1.,1.)))
REPRESENTATION_ITEM('')
SURFACE()
);
#2601=(
BOUNDED_SURFACE()
B_SPLINE_SURFACE(3,1,((#7295,#7296),(#7297,#7298),(#7299,#7300),(#7301,
#7302)),.UNSPECIFIED.,.F.,.F.,.F.)
B_SPLINE_SURFACE_WITH_KNOTS((4,4),(2,2),(0.,1.),(0.,0.04),.UNSPECIFIED.)
GEOMETRIC_REPRESENTATION_ITEM()
RATIONAL_B_SPLINE_SURFACE(((1.,1.),(1.,1.),(1.,1.),(1.,1.)))
REPRESENTATION_ITEM('')
SURFACE()
);
#2602=(
BOUNDED_SURFACE()
B_SPLINE_SURFACE(3,1,((#7314,#7315),(#7316,#7317),(#7318,#7319),(#7320,
#7321)),.UNSPECIFIED.,.F.,.F.,.F.)
B_SPLINE_SURFACE_WITH_KNOTS((4,4),(2,2),(0.,1.),(0.,0.04),.UNSPECIFIED.)
GEOMETRIC_REPRESENTATION_ITEM()
RATIONAL_B_SPLINE_SURFACE(((1.,1.),(1.,1.),(1.,1.),(1.,1.)))
REPRESENTATION_ITEM('')
SURFACE()
);
#2603=(
BOUNDED_SURFACE()
B_SPLINE_SURFACE(3,1,((#7339,#7340),(#7341,#7342),(#7343,#7344),(#7345,
#7346)),.UNSPECIFIED.,.F.,.F.,.F.)
B_SPLINE_SURFACE_WITH_KNOTS((4,4),(2,2),(0.,1.),(0.,0.04),.UNSPECIFIED.)
GEOMETRIC_REPRESENTATION_ITEM()
RATIONAL_B_SPLINE_SURFACE(((1.,1.),(1.,1.),(1.,1.),(1.,1.)))
REPRESENTATION_ITEM('')
SURFACE()
);
#2604=(
BOUNDED_SURFACE()
B_SPLINE_SURFACE(3,1,((#7358,#7359),(#7360,#7361),(#7362,#7363),(#7364,
#7365)),.UNSPECIFIED.,.F.,.F.,.F.)
B_SPLINE_SURFACE_WITH_KNOTS((4,4),(2,2),(0.,1.),(0.,0.04),.UNSPECIFIED.)
GEOMETRIC_REPRESENTATION_ITEM()
RATIONAL_B_SPLINE_SURFACE(((1.,1.),(1.,1.),(1.,1.),(1.,1.)))
REPRESENTATION_ITEM('')
SURFACE()
);
#2605=(
BOUNDED_SURFACE()
B_SPLINE_SURFACE(3,1,((#7377,#7378),(#7379,#7380),(#7381,#7382),(#7383,
#7384)),.UNSPECIFIED.,.F.,.F.,.F.)
B_SPLINE_SURFACE_WITH_KNOTS((4,4),(2,2),(0.,1.),(0.,0.04),.UNSPECIFIED.)
GEOMETRIC_REPRESENTATION_ITEM()
RATIONAL_B_SPLINE_SURFACE(((1.,1.),(1.,1.),(1.,1.),(1.,1.)))
REPRESENTATION_ITEM('')
SURFACE()
);
#2606=(
BOUNDED_SURFACE()
B_SPLINE_SURFACE(3,1,((#7402,#7403),(#7404,#7405),(#7406,#7407),(#7408,
#7409)),.UNSPECIFIED.,.F.,.F.,.F.)
B_SPLINE_SURFACE_WITH_KNOTS((4,4),(2,2),(0.,1.),(0.,0.04),.UNSPECIFIED.)
GEOMETRIC_REPRESENTATION_ITEM()
RATIONAL_B_SPLINE_SURFACE(((1.,1.),(1.,1.),(1.,1.),(1.,1.)))
REPRESENTATION_ITEM('')
SURFACE()
);
#2607=(
BOUNDED_SURFACE()
B_SPLINE_SURFACE(3,1,((#7421,#7422),(#7423,#7424),(#7425,#7426),(#7427,
#7428)),.UNSPECIFIED.,.F.,.F.,.F.)
B_SPLINE_SURFACE_WITH_KNOTS((4,4),(2,2),(0.,1.),(0.,0.04),.UNSPECIFIED.)
GEOMETRIC_REPRESENTATION_ITEM()
RATIONAL_B_SPLINE_SURFACE(((1.,1.),(1.,1.),(1.,1.),(1.,1.)))
REPRESENTATION_ITEM('')
SURFACE()
);
#2608=(
BOUNDED_SURFACE()
B_SPLINE_SURFACE(3,1,((#7440,#7441),(#7442,#7443),(#7444,#7445),(#7446,
#7447)),.UNSPECIFIED.,.F.,.F.,.F.)
B_SPLINE_SURFACE_WITH_KNOTS((4,4),(2,2),(0.,1.),(0.,0.04),.UNSPECIFIED.)
GEOMETRIC_REPRESENTATION_ITEM()
RATIONAL_B_SPLINE_SURFACE(((1.,1.),(1.,1.),(1.,1.),(1.,1.)))
REPRESENTATION_ITEM('')
SURFACE()
);
#2609=(
BOUNDED_SURFACE()
B_SPLINE_SURFACE(3,1,((#7459,#7460),(#7461,#7462),(#7463,#7464),(#7465,
#7466)),.UNSPECIFIED.,.F.,.F.,.F.)
B_SPLINE_SURFACE_WITH_KNOTS((4,4),(2,2),(0.,1.),(0.,0.04),.UNSPECIFIED.)
GEOMETRIC_REPRESENTATION_ITEM()
RATIONAL_B_SPLINE_SURFACE(((1.,1.),(1.,1.),(1.,1.),(1.,1.)))
REPRESENTATION_ITEM('')
SURFACE()
);
#2610=(
BOUNDED_SURFACE()
B_SPLINE_SURFACE(3,1,((#7477,#7478),(#7479,#7480),(#7481,#7482),(#7483,
#7484)),.UNSPECIFIED.,.F.,.F.,.F.)
B_SPLINE_SURFACE_WITH_KNOTS((4,4),(2,2),(0.,1.),(0.,0.04),.UNSPECIFIED.)
GEOMETRIC_REPRESENTATION_ITEM()
RATIONAL_B_SPLINE_SURFACE(((1.,1.),(1.,1.),(1.,1.),(1.,1.)))
REPRESENTATION_ITEM('')
SURFACE()
);
#2611=(
BOUNDED_SURFACE()
B_SPLINE_SURFACE(3,1,((#7499,#7500),(#7501,#7502),(#7503,#7504),(#7505,
#7506)),.UNSPECIFIED.,.F.,.F.,.F.)
B_SPLINE_SURFACE_WITH_KNOTS((4,4),(2,2),(0.,1.),(0.,0.04),.UNSPECIFIED.)
GEOMETRIC_REPRESENTATION_ITEM()
RATIONAL_B_SPLINE_SURFACE(((1.,1.),(1.,1.),(1.,1.),(1.,1.)))
REPRESENTATION_ITEM('')
SURFACE()
);
#2612=(
BOUNDED_SURFACE()
B_SPLINE_SURFACE(3,1,((#7518,#7519),(#7520,#7521),(#7522,#7523),(#7524,
#7525)),.UNSPECIFIED.,.F.,.F.,.F.)
B_SPLINE_SURFACE_WITH_KNOTS((4,4),(2,2),(0.,1.),(0.,0.04),.UNSPECIFIED.)
GEOMETRIC_REPRESENTATION_ITEM()
RATIONAL_B_SPLINE_SURFACE(((1.,1.),(1.,1.),(1.,1.),(1.,1.)))
REPRESENTATION_ITEM('')
SURFACE()
);
#2613=(
BOUNDED_SURFACE()
B_SPLINE_SURFACE(3,1,((#7537,#7538),(#7539,#7540),(#7541,#7542),(#7543,
#7544)),.UNSPECIFIED.,.F.,.F.,.F.)
B_SPLINE_SURFACE_WITH_KNOTS((4,4),(2,2),(0.,1.),(0.,0.04),.UNSPECIFIED.)
GEOMETRIC_REPRESENTATION_ITEM()
RATIONAL_B_SPLINE_SURFACE(((1.,1.),(1.,1.),(1.,1.),(1.,1.)))
REPRESENTATION_ITEM('')
SURFACE()
);
#2614=(
BOUNDED_SURFACE()
B_SPLINE_SURFACE(3,1,((#7556,#7557),(#7558,#7559),(#7560,#7561),(#7562,
#7563)),.UNSPECIFIED.,.F.,.F.,.F.)
B_SPLINE_SURFACE_WITH_KNOTS((4,4),(2,2),(0.,1.),(0.,0.04),.UNSPECIFIED.)
GEOMETRIC_REPRESENTATION_ITEM()
RATIONAL_B_SPLINE_SURFACE(((1.,1.),(1.,1.),(1.,1.),(1.,1.)))
REPRESENTATION_ITEM('')
SURFACE()
);
#2615=ADVANCED_FACE('',(#125),#2535,.F.);
#2616=ADVANCED_FACE('',(#126),#53,.F.);
#2617=ADVANCED_FACE('',(#127),#2536,.F.);
#2618=ADVANCED_FACE('',(#128),#2537,.F.);
#2619=ADVANCED_FACE('',(#129),#2538,.F.);
#2620=ADVANCED_FACE('',(#130),#54,.F.);
#2621=ADVANCED_FACE('',(#131),#55,.F.);
#2622=ADVANCED_FACE('',(#132),#2539,.F.);
#2623=ADVANCED_FACE('',(#133),#56,.T.);
#2624=ADVANCED_FACE('',(#134),#2540,.F.);
#2625=ADVANCED_FACE('',(#135),#2541,.F.);
#2626=ADVANCED_FACE('',(#136),#57,.F.);
#2627=ADVANCED_FACE('',(#137),#2542,.F.);
#2628=ADVANCED_FACE('',(#138),#2543,.F.);
#2629=ADVANCED_FACE('',(#139),#2544,.F.);
#2630=ADVANCED_FACE('',(#140),#2545,.F.);
#2631=ADVANCED_FACE('',(#141),#2546,.F.);
#2632=ADVANCED_FACE('',(#142),#2547,.F.);
#2633=ADVANCED_FACE('',(#143),#58,.F.);
#2634=ADVANCED_FACE('',(#144),#2548,.F.);
#2635=ADVANCED_FACE('',(#145),#2549,.F.);
#2636=ADVANCED_FACE('',(#146),#2550,.F.);
#2637=ADVANCED_FACE('',(#147),#59,.F.);
#2638=ADVANCED_FACE('',(#148),#60,.F.);
#2639=ADVANCED_FACE('',(#149),#61,.T.);
#2640=ADVANCED_FACE('',(#150),#62,.F.);
#2641=ADVANCED_FACE('',(#151),#2551,.F.);
#2642=ADVANCED_FACE('',(#152),#2552,.F.);
#2643=ADVANCED_FACE('',(#153),#2553,.F.);
#2644=ADVANCED_FACE('',(#154),#2554,.F.);
#2645=ADVANCED_FACE('',(#155),#2555,.F.);
#2646=ADVANCED_FACE('',(#156),#63,.F.);
#2647=ADVANCED_FACE('',(#157),#64,.F.);
#2648=ADVANCED_FACE('',(#158),#2556,.F.);
#2649=ADVANCED_FACE('',(#159),#2557,.F.);
#2650=ADVANCED_FACE('',(#160),#2558,.F.);
#2651=ADVANCED_FACE('',(#161),#65,.F.);
#2652=ADVANCED_FACE('',(#162),#66,.T.);
#2653=ADVANCED_FACE('',(#163),#2559,.F.);
#2654=ADVANCED_FACE('',(#164),#2560,.F.);
#2655=ADVANCED_FACE('',(#165),#67,.F.);
#2656=ADVANCED_FACE('',(#166),#2561,.F.);
#2657=ADVANCED_FACE('',(#167),#2562,.F.);
#2658=ADVANCED_FACE('',(#168),#68,.F.);
#2659=ADVANCED_FACE('',(#169),#2563,.F.);
#2660=ADVANCED_FACE('',(#170),#2564,.F.);
#2661=ADVANCED_FACE('',(#171),#2565,.F.);
#2662=ADVANCED_FACE('',(#172),#69,.F.);
#2663=ADVANCED_FACE('',(#173),#2566,.F.);
#2664=ADVANCED_FACE('',(#174),#2567,.F.);
#2665=ADVANCED_FACE('',(#175),#2568,.F.);
#2666=ADVANCED_FACE('',(#176),#2569,.F.);
#2667=ADVANCED_FACE('',(#177),#70,.T.);
#2668=ADVANCED_FACE('',(#178),#2570,.F.);
#2669=ADVANCED_FACE('',(#179),#2571,.F.);
#2670=ADVANCED_FACE('',(#180),#2572,.F.);
#2671=ADVANCED_FACE('',(#181),#2573,.F.);
#2672=ADVANCED_FACE('',(#182),#2574,.F.);
#2673=ADVANCED_FACE('',(#183),#71,.T.);
#2674=ADVANCED_FACE('',(#184),#72,.F.);
#2675=ADVANCED_FACE('',(#185),#73,.F.);
#2676=ADVANCED_FACE('',(#186),#74,.F.);
#2677=ADVANCED_FACE('',(#187),#75,.F.);
#2678=ADVANCED_FACE('',(#188),#76,.F.);
#2679=ADVANCED_FACE('',(#189),#77,.F.);
#2680=ADVANCED_FACE('',(#190),#78,.F.);
#2681=ADVANCED_FACE('',(#191),#79,.F.);
#2682=ADVANCED_FACE('',(#192),#80,.F.);
#2683=ADVANCED_FACE('',(#193),#81,.F.);
#2684=ADVANCED_FACE('',(#194),#82,.F.);
#2685=ADVANCED_FACE('',(#195),#83,.F.);
#2686=ADVANCED_FACE('',(#196),#84,.F.);
#2687=ADVANCED_FACE('',(#197),#85,.F.);
#2688=ADVANCED_FACE('',(#198),#86,.F.);
#2689=ADVANCED_FACE('',(#199),#87,.F.);
#2690=ADVANCED_FACE('',(#200),#88,.F.);
#2691=ADVANCED_FACE('',(#201),#89,.F.);
#2692=ADVANCED_FACE('',(#202),#90,.F.);
#2693=ADVANCED_FACE('',(#203),#91,.F.);
#2694=ADVANCED_FACE('',(#204),#92,.F.);
#2695=ADVANCED_FACE('',(#205),#93,.F.);
#2696=ADVANCED_FACE('',(#206),#94,.F.);
#2697=ADVANCED_FACE('',(#207),#95,.F.);
#2698=ADVANCED_FACE('',(#208),#96,.F.);
#2699=ADVANCED_FACE('',(#209),#52,.T.);
#2700=ADVANCED_FACE('',(#210,#41),#97,.F.);
#2701=ADVANCED_FACE('',(#211,#42),#98,.F.);
#2702=ADVANCED_FACE('',(#212),#25,.F.);
#2703=ADVANCED_FACE('',(#213),#26,.F.);
#2704=ADVANCED_FACE('',(#214),#27,.T.);
#2705=ADVANCED_FACE('',(#215,#43,#44,#45,#46,#47),#99,.T.);
#2706=ADVANCED_FACE('',(#216,#48),#100,.F.);
#2707=ADVANCED_FACE('',(#217),#2575,.T.);
#2708=ADVANCED_FACE('',(#218),#101,.T.);
#2709=ADVANCED_FACE('',(#219),#2576,.T.);
#2710=ADVANCED_FACE('',(#220),#2577,.T.);
#2711=ADVANCED_FACE('',(#221),#2578,.T.);
#2712=ADVANCED_FACE('',(#222),#102,.T.);
#2713=ADVANCED_FACE('',(#223),#103,.T.);
#2714=ADVANCED_FACE('',(#224),#2579,.T.);
#2715=ADVANCED_FACE('',(#225),#104,.T.);
#2716=ADVANCED_FACE('',(#226),#105,.F.);
#2717=ADVANCED_FACE('',(#227),#2580,.T.);
#2718=ADVANCED_FACE('',(#228),#2581,.T.);
#2719=ADVANCED_FACE('',(#229),#106,.T.);
#2720=ADVANCED_FACE('',(#230),#2582,.T.);
#2721=ADVANCED_FACE('',(#231),#2583,.T.);
#2722=ADVANCED_FACE('',(#232),#2584,.T.);
#2723=ADVANCED_FACE('',(#233),#2585,.T.);
#2724=ADVANCED_FACE('',(#234),#2586,.T.);
#2725=ADVANCED_FACE('',(#235),#2587,.T.);
#2726=ADVANCED_FACE('',(#236),#107,.T.);
#2727=ADVANCED_FACE('',(#237),#2588,.T.);
#2728=ADVANCED_FACE('',(#238),#2589,.T.);
#2729=ADVANCED_FACE('',(#239),#2590,.T.);
#2730=ADVANCED_FACE('',(#240),#108,.T.);
#2731=ADVANCED_FACE('',(#241),#109,.T.);
#2732=ADVANCED_FACE('',(#242),#110,.T.);
#2733=ADVANCED_FACE('',(#243),#111,.F.);
#2734=ADVANCED_FACE('',(#244),#112,.T.);
#2735=ADVANCED_FACE('',(#245),#2591,.T.);
#2736=ADVANCED_FACE('',(#246),#2592,.T.);
#2737=ADVANCED_FACE('',(#247),#2593,.T.);
#2738=ADVANCED_FACE('',(#248),#2594,.T.);
#2739=ADVANCED_FACE('',(#249),#2595,.T.);
#2740=ADVANCED_FACE('',(#250),#113,.T.);
#2741=ADVANCED_FACE('',(#251),#114,.T.);
#2742=ADVANCED_FACE('',(#252),#2596,.T.);
#2743=ADVANCED_FACE('',(#253),#2597,.T.);
#2744=ADVANCED_FACE('',(#254),#2598,.T.);
#2745=ADVANCED_FACE('',(#255),#115,.T.);
#2746=ADVANCED_FACE('',(#256),#116,.T.);
#2747=ADVANCED_FACE('',(#257),#117,.F.);
#2748=ADVANCED_FACE('',(#258),#2599,.T.);
#2749=ADVANCED_FACE('',(#259),#2600,.T.);
#2750=ADVANCED_FACE('',(#260),#118,.T.);
#2751=ADVANCED_FACE('',(#261),#2601,.T.);
#2752=ADVANCED_FACE('',(#262),#2602,.T.);
#2753=ADVANCED_FACE('',(#263),#119,.T.);
#2754=ADVANCED_FACE('',(#264),#2603,.T.);
#2755=ADVANCED_FACE('',(#265),#2604,.T.);
#2756=ADVANCED_FACE('',(#266),#2605,.T.);
#2757=ADVANCED_FACE('',(#267),#120,.T.);
#2758=ADVANCED_FACE('',(#268),#2606,.T.);
#2759=ADVANCED_FACE('',(#269),#2607,.T.);
#2760=ADVANCED_FACE('',(#270),#2608,.T.);
#2761=ADVANCED_FACE('',(#271),#2609,.T.);
#2762=ADVANCED_FACE('',(#272),#121,.T.);
#2763=ADVANCED_FACE('',(#273),#122,.F.);
#2764=ADVANCED_FACE('',(#274),#2610,.T.);
#2765=ADVANCED_FACE('',(#275),#2611,.T.);
#2766=ADVANCED_FACE('',(#276),#2612,.T.);
#2767=ADVANCED_FACE('',(#277),#2613,.T.);
#2768=ADVANCED_FACE('',(#278),#2614,.T.);
#2769=ADVANCED_FACE('',(#279),#123,.T.);
#2770=ADVANCED_FACE('',(#280),#124,.F.);
#2771=CLOSED_SHELL('',(#2615,#2616,#2617,#2618,#2619,#2620,#2621,#2622,
#2623,#2624,#2625,#2626,#2627,#2628,#2629,#2630,#2631,#2632,#2633,#2634,
#2635,#2636,#2637,#2638,#2639,#2640,#2641,#2642,#2643,#2644,#2645,#2646,
#2647,#2648,#2649,#2650,#2651,#2652,#2653,#2654,#2655,#2656,#2657,#2658,
#2659,#2660,#2661,#2662,#2663,#2664,#2665,#2666,#2667,#2668,#2669,#2670,
#2671,#2672,#2673,#2674,#2675,#2676,#2677,#2678,#2679,#2680,#2681,#2682,
#2683,#2684,#2685,#2686,#2687,#2688,#2689,#2690,#2691,#2692,#2693,#2694,
#2695,#2696,#2697,#2698,#2699,#2700,#2701,#2702,#2703,#2704,#2705,#2706));
#2772=CLOSED_SHELL('',(#2707,#2708,#2709,#2710,#2711,#2712,#2713,#2714,
#2715,#2716));
#2773=CLOSED_SHELL('',(#2717,#2718,#2719,#2720,#2721,#2722,#2723,#2724,
#2725,#2726,#2727,#2728,#2729,#2730,#2731,#2732,#2733));
#2774=CLOSED_SHELL('',(#2734,#2735,#2736,#2737,#2738,#2739,#2740,#2741,
#2742,#2743,#2744,#2745,#2746,#2747));
#2775=CLOSED_SHELL('',(#2748,#2749,#2750,#2751,#2752,#2753,#2754,#2755,
#2756,#2757,#2758,#2759,#2760,#2761,#2762,#2763));
#2776=CLOSED_SHELL('',(#2764,#2765,#2766,#2767,#2768,#2769,#2770));
#2777=DERIVED_UNIT_ELEMENT(#2779,1.);
#2778=DERIVED_UNIT_ELEMENT(#7579,-3.);
#2779=(
MASS_UNIT()
NAMED_UNIT(*)
SI_UNIT(.KILO.,.GRAM.)
);
#2780=DERIVED_UNIT((#2777,#2778));
#2781=MEASURE_REPRESENTATION_ITEM('density measure',
POSITIVE_RATIO_MEASURE(7850.),#2780);
#2782=PROPERTY_DEFINITION_REPRESENTATION(#2787,#2784);
#2783=PROPERTY_DEFINITION_REPRESENTATION(#2788,#2785);
#2784=REPRESENTATION('material name',(#2786),#7576);
#2785=REPRESENTATION('density',(#2781),#7576);
#2786=DESCRIPTIVE_REPRESENTATION_ITEM('Steel','Steel');
#2787=PROPERTY_DEFINITION('material property','material name',#7586);
#2788=PROPERTY_DEFINITION('material property','density of part',#7586);
#2789=AXIS2_PLACEMENT_3D('',#3247,#2866,#2867);
#2790=AXIS2_PLACEMENT_3D('',#3270,#2870,#2871);
#2791=AXIS2_PLACEMENT_3D('',#3333,#2878,#2879);
#2792=AXIS2_PLACEMENT_3D('',#3339,#2883,#2884);
#2793=AXIS2_PLACEMENT_3D('',#3361,#2888,#2889);
#2794=AXIS2_PLACEMENT_3D('',#3403,#2893,#2894);
#2795=AXIS2_PLACEMENT_3D('',#3523,#2904,#2905);
#2796=AXIS2_PLACEMENT_3D('',#3586,#2912,#2913);
#2797=AXIS2_PLACEMENT_3D('',#3592,#2917,#2918);
#2798=AXIS2_PLACEMENT_3D('',#3595,#2921,#2922);
#2799=AXIS2_PLACEMENT_3D('',#3596,#2923,#2924);
#2800=AXIS2_PLACEMENT_3D('',#3700,#2934,#2935);
#2801=AXIS2_PLACEMENT_3D('',#3706,#2939,#2940);
#2802=AXIS2_PLACEMENT_3D('',#3769,#2947,#2948);
#2803=AXIS2_PLACEMENT_3D('',#3772,#2951,#2952);
#2804=AXIS2_PLACEMENT_3D('',#3814,#2956,#2957);
#2805=AXIS2_PLACEMENT_3D('',#3858,#2963,#2964);
#2806=AXIS2_PLACEMENT_3D('',#3921,#2971,#2972);
#2807=AXIS2_PLACEMENT_3D('',#4000,#2979,#2980);
#2808=AXIS2_PLACEMENT_3D('',#4096,#2986,#2987);
#2809=AXIS2_PLACEMENT_3D('',#4097,#2988,#2989);
#2810=AXIS2_PLACEMENT_3D('',#4106,#2994,#2995);
#2811=AXIS2_PLACEMENT_3D('',#4112,#2999,#3000);
#2812=AXIS2_PLACEMENT_3D('',#4118,#3004,#3005);
#2813=AXIS2_PLACEMENT_3D('',#4124,#3009,#3010);
#2814=AXIS2_PLACEMENT_3D('',#4130,#3014,#3015);
#2815=AXIS2_PLACEMENT_3D('',#4136,#3019,#3020);
#2816=AXIS2_PLACEMENT_3D('',#4142,#3024,#3025);
#2817=AXIS2_PLACEMENT_3D('',#4148,#3029,#3030);
#2818=AXIS2_PLACEMENT_3D('',#4154,#3034,#3035);
#2819=AXIS2_PLACEMENT_3D('',#4160,#3039,#3040);
#2820=AXIS2_PLACEMENT_3D('',#4166,#3044,#3045);
#2821=AXIS2_PLACEMENT_3D('',#4169,#3048,#3049);
#2822=AXIS2_PLACEMENT_3D('',#4175,#3053,#3054);
#2823=AXIS2_PLACEMENT_3D('',#4179,#3057,#3058);
#2824=AXIS2_PLACEMENT_3D('',#4183,#3061,#3062);
#2825=AXIS2_PLACEMENT_3D('',#4187,#3065,#3066);
#2826=AXIS2_PLACEMENT_3D('',#4191,#3069,#3070);
#2827=AXIS2_PLACEMENT_3D('',#4195,#3073,#3074);
#2828=AXIS2_PLACEMENT_3D('',#4199,#3077,#3078);
#2829=AXIS2_PLACEMENT_3D('',#4203,#3081,#3082);
#2830=AXIS2_PLACEMENT_3D('',#4207,#3085,#3086);
#2831=AXIS2_PLACEMENT_3D('',#4211,#3089,#3090);
#2832=AXIS2_PLACEMENT_3D('',#4215,#3093,#3094);
#2833=AXIS2_PLACEMENT_3D('',#4217,#3096,#3097);
#2834=AXIS2_PLACEMENT_3D('',#4218,#3098,#3099);
#2835=AXIS2_PLACEMENT_3D('',#4220,#3100,#3101);
#2836=AXIS2_PLACEMENT_3D('',#4223,#3103,#3104);
#2837=AXIS2_PLACEMENT_3D('',#4224,#3105,#3106);
#2838=AXIS2_PLACEMENT_3D('',#4225,#3107,#3108);
#2839=AXIS2_PLACEMENT_3D('',#5873,#3110,#3111);
#2840=AXIS2_PLACEMENT_3D('',#6718,#3113,#3114);
#2841=AXIS2_PLACEMENT_3D('',#6719,#3115,#3116);
#2842=AXIS2_PLACEMENT_3D('',#6742,#3119,#3120);
#2843=AXIS2_PLACEMENT_3D('',#6805,#3127,#3128);
#2844=AXIS2_PLACEMENT_3D('',#6811,#3132,#3133);
#2845=AXIS2_PLACEMENT_3D('',#6833,#3137,#3138);
#2846=AXIS2_PLACEMENT_3D('',#6834,#3139,#3140);
#2847=AXIS2_PLACEMENT_3D('',#6876,#3144,#3145);
#2848=AXIS2_PLACEMENT_3D('',#6996,#3155,#3156);
#2849=AXIS2_PLACEMENT_3D('',#7059,#3163,#3164);
#2850=AXIS2_PLACEMENT_3D('',#7065,#3168,#3169);
#2851=AXIS2_PLACEMENT_3D('',#7068,#3172,#3173);
#2852=AXIS2_PLACEMENT_3D('',#7069,#3174,#3175);
#2853=AXIS2_PLACEMENT_3D('',#7070,#3176,#3177);
#2854=AXIS2_PLACEMENT_3D('',#7174,#3187,#3188);
#2855=AXIS2_PLACEMENT_3D('',#7180,#3192,#3193);
#2856=AXIS2_PLACEMENT_3D('',#7243,#3200,#3201);
#2857=AXIS2_PLACEMENT_3D('',#7246,#3204,#3205);
#2858=AXIS2_PLACEMENT_3D('',#7247,#3206,#3207);
#2859=AXIS2_PLACEMENT_3D('',#7289,#3211,#3212);
#2860=AXIS2_PLACEMENT_3D('',#7333,#3218,#3219);
#2861=AXIS2_PLACEMENT_3D('',#7396,#3226,#3227);
#2862=AXIS2_PLACEMENT_3D('',#7475,#3234,#3235);
#2863=AXIS2_PLACEMENT_3D('',#7476,#3236,#3237);
#2864=AXIS2_PLACEMENT_3D('',#7572,#3243,#3244);
#2865=AXIS2_PLACEMENT_3D('',#7573,#3245,#3246);
#2866=DIRECTION('axis',(0.,0.,1.));
#2867=DIRECTION('refdir',(1.,0.,0.));
#2868=DIRECTION('',(0.,0.,-1.));
#2869=DIRECTION('',(0.,0.,-1.));
#2870=DIRECTION('center_axis',(-0.999975361697207,-0.00701968649873378,
0.));
#2871=DIRECTION('ref_axis',(-0.00701968649873378,0.999975361697207,0.));
#2872=DIRECTION('',(-0.00701968649873378,0.999975361697207,0.));
#2873=DIRECTION('',(0.,0.,-1.));
#2874=DIRECTION('',(-0.00701968649873378,0.999975361697207,0.));
#2875=DIRECTION('',(0.,0.,-1.));
#2876=DIRECTION('',(0.,0.,-1.));
#2877=DIRECTION('',(0.,0.,-1.));
#2878=DIRECTION('center_axis',(0.99440453412095,-0.1056391145348,0.));
#2879=DIRECTION('ref_axis',(-0.1056391145348,-0.99440453412095,0.));
#2880=DIRECTION('',(-0.1056391145348,-0.99440453412095,0.));
#2881=DIRECTION('',(0.,0.,-1.));
#2882=DIRECTION('',(-0.1056391145348,-0.99440453412095,0.));
#2883=DIRECTION('center_axis',(0.997912532269087,-0.0645800119255099,0.));
#2884=DIRECTION('ref_axis',(-0.0645800119255099,-0.997912532269087,0.));
#2885=DIRECTION('',(-0.0645800119255099,-0.997912532269087,0.));
#2886=DIRECTION('',(0.,0.,-1.));
#2887=DIRECTION('',(-0.0645800119255099,-0.997912532269087,0.));
#2888=DIRECTION('center_axis',(0.,0.,1.));
#2889=DIRECTION('ref_axis',(1.,0.,0.));
#2890=DIRECTION('',(0.,0.,-1.));
#2891=DIRECTION('',(0.,0.,-1.));
#2892=DIRECTION('',(0.,0.,-1.));
#2893=DIRECTION('center_axis',(0.795018678355393,0.606584949587479,0.));
#2894=DIRECTION('ref_axis',(0.606584949587479,-0.795018678355393,0.));
#2895=DIRECTION('',(0.606584949587479,-0.795018678355393,0.));
#2896=DIRECTION('',(0.,0.,-1.));
#2897=DIRECTION('',(0.606584949587479,-0.795018678355393,0.));
#2898=DIRECTION('',(0.,0.,-1.));
#2899=DIRECTION('',(0.,0.,-1.));
#2900=DIRECTION('',(0.,0.,-1.));
#2901=DIRECTION('',(0.,0.,-1.));
#2902=DIRECTION('',(0.,0.,-1.));
#2903=DIRECTION('',(0.,0.,-1.));
#2904=DIRECTION('center_axis',(0.795167207585293,-0.60639023077636,0.));
#2905=DIRECTION('ref_axis',(-0.60639023077636,-0.795167207585293,0.));
#2906=DIRECTION('',(-0.60639023077636,-0.795167207585293,0.));
#2907=DIRECTION('',(0.,0.,-1.));
#2908=DIRECTION('',(-0.60639023077636,-0.795167207585293,0.));
#2909=DIRECTION('',(0.,0.,-1.));
#2910=DIRECTION('',(0.,0.,-1.));
#2911=DIRECTION('',(0.,0.,-1.));
#2912=DIRECTION('center_axis',(0.818228935999392,0.574892518905319,0.));
#2913=DIRECTION('ref_axis',(0.574892518905319,-0.818228935999392,0.));
#2914=DIRECTION('',(0.574892518905319,-0.818228935999392,0.));
#2915=DIRECTION('',(0.,0.,-1.));
#2916=DIRECTION('',(0.574892518905319,-0.818228935999392,0.));
#2917=DIRECTION('center_axis',(0.832239539526492,-0.5544162234718,0.));
#2918=DIRECTION('ref_axis',(-0.5544162234718,-0.832239539526492,0.));
#2919=DIRECTION('',(-0.5544162234718,-0.832239539526492,0.));
#2920=DIRECTION('',(-0.5544162234718,-0.832239539526492,0.));
#2921=DIRECTION('center_axis',(0.,0.,1.));
#2922=DIRECTION('ref_axis',(1.,0.,0.));
#2923=DIRECTION('center_axis',(0.115534085547232,-0.993303516090004,0.));
#2924=DIRECTION('ref_axis',(-0.993303516090004,-0.115534085547232,0.));
#2925=DIRECTION('',(-0.993303516090004,-0.115534085547232,0.));
#2926=DIRECTION('',(0.,0.,-1.));
#2927=DIRECTION('',(-0.993303516090004,-0.115534085547232,0.));
#2928=DIRECTION('',(0.,0.,-1.));
#2929=DIRECTION('',(0.,0.,-1.));
#2930=DIRECTION('',(0.,0.,-1.));
#2931=DIRECTION('',(0.,0.,-1.));
#2932=DIRECTION('',(0.,0.,-1.));
#2933=DIRECTION('',(0.,0.,-1.));
#2934=DIRECTION('center_axis',(-0.0832967721071082,-0.996524785319731,0.));
#2935=DIRECTION('ref_axis',(-0.996524785319731,0.0832967721071082,0.));
#2936=DIRECTION('',(-0.996524785319731,0.0832967721071082,0.));
#2937=DIRECTION('',(0.,0.,-1.));
#2938=DIRECTION('',(-0.996524785319731,0.0832967721071082,0.));
#2939=DIRECTION('center_axis',(-0.999971787195554,-0.00751164515473726,
0.));
#2940=DIRECTION('ref_axis',(-0.00751164515473726,0.999971787195554,0.));
#2941=DIRECTION('',(-0.00751164515473726,0.999971787195554,0.));
#2942=DIRECTION('',(0.,0.,-1.));
#2943=DIRECTION('',(-0.00751164515473726,0.999971787195554,0.));
#2944=DIRECTION('',(0.,0.,-1.));
#2945=DIRECTION('',(0.,0.,-1.));
#2946=DIRECTION('',(0.,0.,-1.));
#2947=DIRECTION('center_axis',(0.999998724890611,-0.00159693993408207,0.));
#2948=DIRECTION('ref_axis',(-0.00159693993408207,-0.999998724890611,0.));
#2949=DIRECTION('',(-0.00159693993408207,-0.999998724890611,0.));
#2950=DIRECTION('',(-0.00159693993408207,-0.999998724890611,0.));
#2951=DIRECTION('center_axis',(0.,0.,1.));
#2952=DIRECTION('ref_axis',(1.,0.,0.));
#2953=DIRECTION('',(0.,0.,-1.));
#2954=DIRECTION('',(0.,0.,-1.));
#2955=DIRECTION('',(0.,0.,-1.));
#2956=DIRECTION('center_axis',(0.999284222242834,0.0378291313214269,0.));
#2957=DIRECTION('ref_axis',(0.0378291313214269,-0.999284222242834,0.));
#2958=DIRECTION('',(0.0378291313214269,-0.999284222242834,0.));
#2959=DIRECTION('',(0.,0.,-1.));
#2960=DIRECTION('',(0.0378291313214269,-0.999284222242834,0.));
#2961=DIRECTION('',(0.,0.,-1.));
#2962=DIRECTION('',(0.,0.,-1.));
#2963=DIRECTION('center_axis',(-0.999999659893938,0.000824749664439105,
0.));
#2964=DIRECTION('ref_axis',(0.000824749664439105,0.999999659893938,0.));
#2965=DIRECTION('',(0.000824749664439105,0.999999659893938,0.));
#2966=DIRECTION('',(0.,0.,-1.));
#2967=DIRECTION('',(0.000824749664439105,0.999999659893938,0.));
#2968=DIRECTION('',(0.,0.,-1.));
#2969=DIRECTION('',(0.,0.,-1.));
#2970=DIRECTION('',(0.,0.,-1.));
#2971=DIRECTION('center_axis',(0.999585779528453,-0.0287796692909218,0.));
#2972=DIRECTION('ref_axis',(-0.0287796692909218,-0.999585779528453,0.));
#2973=DIRECTION('',(-0.0287796692909218,-0.999585779528453,0.));
#2974=DIRECTION('',(0.,0.,-1.));
#2975=DIRECTION('',(-0.0287796692909218,-0.999585779528453,0.));
#2976=DIRECTION('',(0.,0.,-1.));
#2977=DIRECTION('',(0.,0.,-1.));
#2978=DIRECTION('',(0.,0.,-1.));
#2979=DIRECTION('center_axis',(0.,0.,1.));
#2980=DIRECTION('ref_axis',(1.,0.,0.));
#2981=DIRECTION('',(0.,0.,-1.));
#2982=DIRECTION('',(0.,0.,-1.));
#2983=DIRECTION('',(0.,0.,-1.));
#2984=DIRECTION('',(0.,0.,-1.));
#2985=DIRECTION('',(0.,0.,-1.));
#2986=DIRECTION('center_axis',(0.,0.,1.));
#2987=DIRECTION('ref_axis',(1.,0.,0.));
#2988=DIRECTION('center_axis',(-9.78711661800326E-17,0.900159251415514,
0.43556092810428));
#2989=DIRECTION('ref_axis',(0.,-0.43556092810428,0.900159251415514));
#2990=DIRECTION('',(-1.,-1.08726501478631E-16,0.));
#2991=DIRECTION('',(-0.399326151048752,-0.399326151048751,0.825274045500753));
#2992=DIRECTION('',(1.,0.,1.54413369662476E-32));
#2993=DIRECTION('',(0.399326151048752,-0.399326151048751,0.825274045500753));
#2994=DIRECTION('center_axis',(-0.900159251415514,0.,0.435560928104281));
#2995=DIRECTION('ref_axis',(0.435560928104281,0.,0.900159251415513));
#2996=DIRECTION('',(0.,-1.,0.));
#2997=DIRECTION('',(0.,1.,-5.29417267414204E-32));
#2998=DIRECTION('',(0.399326151048752,-0.399326151048752,0.825274045500753));
#2999=DIRECTION('center_axis',(-4.32487301901741E-16,0.900159251415513,
0.435560928104281));
#3000=DIRECTION('ref_axis',(0.,-0.435560928104281,0.900159251415513));
#3001=DIRECTION('',(-1.,-4.80456431705444E-16,0.));
#3002=DIRECTION('',(1.,0.,1.54413369662476E-32));
#3003=DIRECTION('',(0.399326151048751,-0.399326151048752,0.825274045500753));
#3004=DIRECTION('center_axis',(-0.900159251415514,-9.78711661800326E-17,
0.43556092810428));
#3005=DIRECTION('ref_axis',(0.43556092810428,0.,0.900159251415514));
#3006=DIRECTION('',(1.08726501478631E-16,-1.,0.));
#3007=DIRECTION('',(0.,1.,-5.29417267414204E-32));
#3008=DIRECTION('',(0.399326151048751,0.399326151048752,0.825274045500753));
#3009=DIRECTION('center_axis',(0.,-0.900159251415514,0.435560928104281));
#3010=DIRECTION('ref_axis',(0.,-0.435560928104281,-0.900159251415513));
#3011=DIRECTION('',(1.,0.,0.));
#3012=DIRECTION('',(-1.,0.,-1.54413369662476E-32));
#3013=DIRECTION('',(0.399326151048752,0.399326151048752,0.825274045500753));
#3014=DIRECTION('center_axis',(-0.900159251415513,-4.32487301901741E-16,
0.435560928104281));
#3015=DIRECTION('ref_axis',(0.435560928104281,0.,0.900159251415513));
#3016=DIRECTION('',(4.80456431705444E-16,-1.,0.));
#3017=DIRECTION('',(0.,1.,-5.29417267414204E-32));
#3018=DIRECTION('',(0.399326151048752,0.39932615104875,0.825274045500754));
#3019=DIRECTION('center_axis',(9.78711661800326E-17,-0.900159251415514,
0.43556092810428));
#3020=DIRECTION('ref_axis',(0.,-0.43556092810428,-0.900159251415514));
#3021=DIRECTION('',(1.,1.08726501478631E-16,0.));
#3022=DIRECTION('',(-1.,0.,-1.54413369662476E-32));
#3023=DIRECTION('',(-0.399326151048752,0.399326151048751,0.825274045500753));
#3024=DIRECTION('center_axis',(0.900159251415514,0.,0.435560928104281));
#3025=DIRECTION('ref_axis',(0.435560928104281,0.,-0.900159251415513));
#3026=DIRECTION('',(0.,1.,0.));
#3027=DIRECTION('',(0.,-1.,5.29417267414204E-32));
#3028=DIRECTION('',(-0.399326151048752,0.399326151048752,0.825274045500753));
#3029=DIRECTION('center_axis',(4.32487301901741E-16,-0.900159251415513,
0.435560928104281));
#3030=DIRECTION('ref_axis',(0.,-0.435560928104281,-0.900159251415513));
#3031=DIRECTION('',(1.,4.80456431705444E-16,0.));
#3032=DIRECTION('',(-1.,0.,-1.54413369662476E-32));
#3033=DIRECTION('',(-0.399326151048751,0.399326151048752,0.825274045500753));
#3034=DIRECTION('center_axis',(0.900159251415514,9.78711661800326E-17,0.43556092810428));
#3035=DIRECTION('ref_axis',(0.43556092810428,0.,-0.900159251415514));
#3036=DIRECTION('',(-1.08726501478631E-16,1.,0.));
#3037=DIRECTION('',(0.,-1.,5.29417267414204E-32));
#3038=DIRECTION('',(-0.399326151048751,-0.399326151048752,0.825274045500753));
#3039=DIRECTION('center_axis',(0.,0.900159251415514,0.435560928104281));
#3040=DIRECTION('ref_axis',(0.,-0.435560928104281,0.900159251415513));
#3041=DIRECTION('',(-1.,0.,0.));
#3042=DIRECTION('',(1.,0.,1.54413369662476E-32));
#3043=DIRECTION('',(-0.399326151048752,-0.399326151048752,0.825274045500753));
#3044=DIRECTION('center_axis',(0.900159251415513,4.32487301901741E-16,0.435560928104281));
#3045=DIRECTION('ref_axis',(0.435560928104281,0.,-0.900159251415513));
#3046=DIRECTION('',(-4.80456431705444E-16,1.,0.));
#3047=DIRECTION('',(0.,-1.,5.29417267414204E-32));
#3048=DIRECTION('center_axis',(0.,1.,0.));
#3049=DIRECTION('ref_axis',(-1.,0.,0.));
#3050=DIRECTION('',(0.,0.,1.));
#3051=DIRECTION('',(-1.,0.,0.));
#3052=DIRECTION('',(0.,0.,1.));
#3053=DIRECTION('center_axis',(1.,0.,0.));
#3054=DIRECTION('ref_axis',(0.,1.,0.));
#3055=DIRECTION('',(0.,0.,1.));
#3056=DIRECTION('',(0.,1.,0.));
#3057=DIRECTION('center_axis',(0.,-1.,0.));
#3058=DIRECTION('ref_axis',(1.,0.,0.));
#3059=DIRECTION('',(0.,0.,1.));
#3060=DIRECTION('',(1.,0.,0.));
#3061=DIRECTION('center_axis',(1.,0.,0.));
#3062=DIRECTION('ref_axis',(0.,1.,0.));
#3063=DIRECTION('',(0.,0.,1.));
#3064=DIRECTION('',(0.,1.,0.));
#3065=DIRECTION('center_axis',(0.,-1.,0.));
#3066=DIRECTION('ref_axis',(1.,0.,0.));
#3067=DIRECTION('',(0.,0.,1.));
#3068=DIRECTION('',(1.,0.,0.));
#3069=DIRECTION('center_axis',(-1.,0.,0.));
#3070=DIRECTION('ref_axis',(0.,-1.,0.));
#3071=DIRECTION('',(0.,0.,1.));
#3072=DIRECTION('',(0.,-1.,0.));
#3073=DIRECTION('center_axis',(0.,-1.,0.));
#3074=DIRECTION('ref_axis',(1.,0.,0.));
#3075=DIRECTION('',(0.,0.,1.));
#3076=DIRECTION('',(1.,0.,0.));
#3077=DIRECTION('center_axis',(-1.,0.,0.));
#3078=DIRECTION('ref_axis',(0.,-1.,0.));
#3079=DIRECTION('',(0.,0.,1.));
#3080=DIRECTION('',(0.,-1.,0.));
#3081=DIRECTION('center_axis',(0.,1.,0.));
#3082=DIRECTION('ref_axis',(-1.,0.,0.));
#3083=DIRECTION('',(0.,0.,1.));
#3084=DIRECTION('',(-1.,0.,0.));
#3085=DIRECTION('center_axis',(-1.,0.,0.));
#3086=DIRECTION('ref_axis',(0.,-1.,0.));
#3087=DIRECTION('',(0.,0.,1.));
#3088=DIRECTION('',(0.,-1.,0.));
#3089=DIRECTION('center_axis',(0.,1.,0.));
#3090=DIRECTION('ref_axis',(-1.,0.,0.));
#3091=DIRECTION('',(0.,0.,1.));
#3092=DIRECTION('',(-1.,0.,0.));
#3093=DIRECTION('center_axis',(1.,0.,0.));
#3094=DIRECTION('ref_axis',(0.,1.,0.));
#3095=DIRECTION('',(0.,1.,0.));
#3096=DIRECTION('center_axis',(0.,0.,1.));
#3097=DIRECTION('ref_axis',(1.,0.,0.));
#3098=DIRECTION('center_axis',(0.,0.,1.));
#3099=DIRECTION('ref_axis',(1.,0.,0.));
#3100=DIRECTION('center_axis',(0.,0.,1.));
#3101=DIRECTION('ref_axis',(1.,0.,0.));
#3102=DIRECTION('',(0.,0.,-1.));
#3103=DIRECTION('center_axis',(0.,0.,1.));
#3104=DIRECTION('ref_axis',(1.,0.,0.));
#3105=DIRECTION('center_axis',(0.,0.,1.));
#3106=DIRECTION('ref_axis',(1.,0.,0.));
#3107=DIRECTION('center_axis',(0.,0.,1.));
#3108=DIRECTION('ref_axis',(1.,0.,0.));
#3109=DIRECTION('',(0.145081591128602,0.145081591128602,0.978725019518346));
#3110=DIRECTION('center_axis',(0.399146665114304,-0.916887092137374,0.));
#3111=DIRECTION('ref_axis',(0.,0.,1.));
#3112=DIRECTION('',(0.146734796413355,0.146734796413355,0.978231976089037));
#3113=DIRECTION('center_axis',(0.,0.,1.));
#3114=DIRECTION('ref_axis',(1.,0.,0.));
#3115=DIRECTION('center_axis',(0.,0.,1.));
#3116=DIRECTION('ref_axis',(1.,0.,0.));
#3117=DIRECTION('',(0.,0.,-1.));
#3118=DIRECTION('',(0.,0.,-1.));
#3119=DIRECTION('center_axis',(-0.999975361697207,-0.00701968649873378,
0.));
#3120=DIRECTION('ref_axis',(-0.00701968649873378,0.999975361697207,0.));
#3121=DIRECTION('',(-0.00701968649873378,0.999975361697207,0.));
#3122=DIRECTION('',(-0.00701968649873378,0.999975361697207,0.));
#3123=DIRECTION('',(0.,0.,-1.));
#3124=DIRECTION('',(0.,0.,-1.));
#3125=DIRECTION('',(0.,0.,-1.));
#3126=DIRECTION('',(0.,0.,-1.));
#3127=DIRECTION('center_axis',(0.99440453412095,-0.1056391145348,0.));
#3128=DIRECTION('ref_axis',(-0.1056391145348,-0.99440453412095,0.));
#3129=DIRECTION('',(-0.1056391145348,-0.99440453412095,0.));
#3130=DIRECTION('',(-0.1056391145348,-0.99440453412095,0.));
#3131=DIRECTION('',(0.,0.,-1.));
#3132=DIRECTION('center_axis',(0.997912532269087,-0.0645800119255099,0.));
#3133=DIRECTION('ref_axis',(-0.0645800119255099,-0.997912532269087,0.));
#3134=DIRECTION('',(-0.0645800119255099,-0.997912532269087,0.));
#3135=DIRECTION('',(-0.0645800119255099,-0.997912532269087,0.));
#3136=DIRECTION('',(0.,0.,-1.));
#3137=DIRECTION('center_axis',(0.,0.,1.));
#3138=DIRECTION('ref_axis',(1.,0.,0.));
#3139=DIRECTION('center_axis',(0.,0.,1.));
#3140=DIRECTION('ref_axis',(1.,0.,0.));
#3141=DIRECTION('',(0.,0.,-1.));
#3142=DIRECTION('',(0.,0.,-1.));
#3143=DIRECTION('',(0.,0.,-1.));
#3144=DIRECTION('center_axis',(0.795018678355393,0.606584949587479,0.));
#3145=DIRECTION('ref_axis',(0.606584949587479,-0.795018678355393,0.));
#3146=DIRECTION('',(0.606584949587479,-0.795018678355393,0.));
#3147=DIRECTION('',(0.606584949587479,-0.795018678355393,0.));
#3148=DIRECTION('',(0.,0.,-1.));
#3149=DIRECTION('',(0.,0.,-1.));
#3150=DIRECTION('',(0.,0.,-1.));
#3151=DIRECTION('',(0.,0.,-1.));
#3152=DIRECTION('',(0.,0.,-1.));
#3153=DIRECTION('',(0.,0.,-1.));
#3154=DIRECTION('',(0.,0.,-1.));
#3155=DIRECTION('center_axis',(0.795167207585293,-0.60639023077636,0.));
#3156=DIRECTION('ref_axis',(-0.60639023077636,-0.795167207585293,0.));
#3157=DIRECTION('',(-0.60639023077636,-0.795167207585293,0.));
#3158=DIRECTION('',(-0.60639023077636,-0.795167207585293,0.));
#3159=DIRECTION('',(0.,0.,-1.));
#3160=DIRECTION('',(0.,0.,-1.));
#3161=DIRECTION('',(0.,0.,-1.));
#3162=DIRECTION('',(0.,0.,-1.));
#3163=DIRECTION('center_axis',(0.818228935999392,0.574892518905319,0.));
#3164=DIRECTION('ref_axis',(0.574892518905319,-0.818228935999392,0.));
#3165=DIRECTION('',(0.574892518905319,-0.818228935999392,0.));
#3166=DIRECTION('',(0.574892518905319,-0.818228935999392,0.));
#3167=DIRECTION('',(0.,0.,-1.));
#3168=DIRECTION('center_axis',(0.832239539526492,-0.5544162234718,0.));
#3169=DIRECTION('ref_axis',(-0.5544162234718,-0.832239539526492,0.));
#3170=DIRECTION('',(-0.5544162234718,-0.832239539526492,0.));
#3171=DIRECTION('',(-0.5544162234718,-0.832239539526492,0.));
#3172=DIRECTION('center_axis',(0.,0.,1.));
#3173=DIRECTION('ref_axis',(1.,0.,0.));
#3174=DIRECTION('center_axis',(0.,0.,1.));
#3175=DIRECTION('ref_axis',(1.,0.,0.));
#3176=DIRECTION('center_axis',(0.115534085547232,-0.993303516090004,0.));
#3177=DIRECTION('ref_axis',(-0.993303516090004,-0.115534085547232,0.));
#3178=DIRECTION('',(-0.993303516090004,-0.115534085547232,0.));
#3179=DIRECTION('',(0.,0.,-1.));
#3180=DIRECTION('',(-0.993303516090004,-0.115534085547232,0.));
#3181=DIRECTION('',(0.,0.,-1.));
#3182=DIRECTION('',(0.,0.,-1.));
#3183=DIRECTION('',(0.,0.,-1.));
#3184=DIRECTION('',(0.,0.,-1.));
#3185=DIRECTION('',(0.,0.,-1.));
#3186=DIRECTION('',(0.,0.,-1.));
#3187=DIRECTION('center_axis',(-0.0832967721071082,-0.996524785319731,0.));
#3188=DIRECTION('ref_axis',(-0.996524785319731,0.0832967721071082,0.));
#3189=DIRECTION('',(-0.996524785319731,0.0832967721071082,0.));
#3190=DIRECTION('',(-0.996524785319731,0.0832967721071082,0.));
#3191=DIRECTION('',(0.,0.,-1.));
#3192=DIRECTION('center_axis',(-0.999971787195554,-0.00751164515473726,
0.));
#3193=DIRECTION('ref_axis',(-0.00751164515473726,0.999971787195554,0.));
#3194=DIRECTION('',(-0.00751164515473726,0.999971787195554,0.));
#3195=DIRECTION('',(-0.00751164515473726,0.999971787195554,0.));
#3196=DIRECTION('',(0.,0.,-1.));
#3197=DIRECTION('',(0.,0.,-1.));
#3198=DIRECTION('',(0.,0.,-1.));
#3199=DIRECTION('',(0.,0.,-1.));
#3200=DIRECTION('center_axis',(0.999998724890611,-0.00159693993408207,0.));
#3201=DIRECTION('ref_axis',(-0.00159693993408207,-0.999998724890611,0.));
#3202=DIRECTION('',(-0.00159693993408207,-0.999998724890611,0.));
#3203=DIRECTION('',(-0.00159693993408207,-0.999998724890611,0.));
#3204=DIRECTION('center_axis',(0.,0.,1.));
#3205=DIRECTION('ref_axis',(1.,0.,0.));
#3206=DIRECTION('center_axis',(0.,0.,1.));
#3207=DIRECTION('ref_axis',(1.,0.,0.));
#3208=DIRECTION('',(0.,0.,-1.));
#3209=DIRECTION('',(0.,0.,-1.));
#3210=DIRECTION('',(0.,0.,-1.));
#3211=DIRECTION('center_axis',(0.999284222242834,0.0378291313214269,0.));
#3212=DIRECTION('ref_axis',(0.0378291313214269,-0.999284222242834,0.));
#3213=DIRECTION('',(0.0378291313214269,-0.999284222242834,0.));
#3214=DIRECTION('',(0.0378291313214269,-0.999284222242834,0.));
#3215=DIRECTION('',(0.,0.,-1.));
#3216=DIRECTION('',(0.,0.,-1.));
#3217=DIRECTION('',(0.,0.,-1.));
#3218=DIRECTION('center_axis',(-0.999999659893938,0.000824749664439105,
0.));
#3219=DIRECTION('ref_axis',(0.000824749664439105,0.999999659893938,0.));
#3220=DIRECTION('',(0.000824749664439105,0.999999659893938,0.));
#3221=DIRECTION('',(0.000824749664439105,0.999999659893938,0.));
#3222=DIRECTION('',(0.,0.,-1.));
#3223=DIRECTION('',(0.,0.,-1.));
#3224=DIRECTION('',(0.,0.,-1.));
#3225=DIRECTION('',(0.,0.,-1.));
#3226=DIRECTION('center_axis',(0.999585779528453,-0.0287796692909218,0.));
#3227=DIRECTION('ref_axis',(-0.0287796692909218,-0.999585779528453,0.));
#3228=DIRECTION('',(-0.0287796692909218,-0.999585779528453,0.));
#3229=DIRECTION('',(-0.0287796692909218,-0.999585779528453,0.));
#3230=DIRECTION('',(0.,0.,-1.));
#3231=DIRECTION('',(0.,0.,-1.));
#3232=DIRECTION('',(0.,0.,-1.));
#3233=DIRECTION('',(0.,0.,-1.));
#3234=DIRECTION('center_axis',(0.,0.,1.));
#3235=DIRECTION('ref_axis',(1.,0.,0.));
#3236=DIRECTION('center_axis',(0.,0.,1.));
#3237=DIRECTION('ref_axis',(1.,0.,0.));
#3238=DIRECTION('',(0.,0.,-1.));
#3239=DIRECTION('',(0.,0.,-1.));
#3240=DIRECTION('',(0.,0.,-1.));
#3241=DIRECTION('',(0.,0.,-1.));
#3242=DIRECTION('',(0.,0.,-1.));
#3243=DIRECTION('center_axis',(0.,0.,1.));
#3244=DIRECTION('ref_axis',(1.,0.,0.));
#3245=DIRECTION('center_axis',(0.,0.,1.));
#3246=DIRECTION('ref_axis',(1.,0.,0.));
#3247=CARTESIAN_POINT('',(0.,0.,0.));
#3248=CARTESIAN_POINT('Ctrl Pts',(7.26154028434281,3.07579900755593,10.));
#3249=CARTESIAN_POINT('Ctrl Pts',(7.26154028434281,3.07579900755593,9.6));
#3250=CARTESIAN_POINT('Ctrl Pts',(7.25723649358909,3.67924378463911,10.));
#3251=CARTESIAN_POINT('Ctrl Pts',(7.25723649358909,3.67924378463911,9.6));
#3252=CARTESIAN_POINT('Ctrl Pts',(7.771642736164,4.02669640429604,10.));
#3253=CARTESIAN_POINT('Ctrl Pts',(7.771642736164,4.02669640429604,9.6));
#3254=CARTESIAN_POINT('Ctrl Pts',(8.32811282757331,4.00837655361034,10.));
#3255=CARTESIAN_POINT('Ctrl Pts',(8.32811282757331,4.00837655361034,9.6));
#3256=CARTESIAN_POINT('',(7.26154028434281,3.07579900755593,10.));
#3257=CARTESIAN_POINT('',(8.32811282757331,4.00837655361034,10.));
#3258=CARTESIAN_POINT('Ctrl Pts',(7.26154028434281,3.07579900755593,10.));
#3259=CARTESIAN_POINT('Ctrl Pts',(7.25723649358909,3.67924378463911,10.));
#3260=CARTESIAN_POINT('Ctrl Pts',(7.771642736164,4.02669640429604,10.));
#3261=CARTESIAN_POINT('Ctrl Pts',(8.32811282757331,4.00837655361034,10.));
#3262=CARTESIAN_POINT('',(7.26154028434281,3.07579900755593,9.6));
#3263=CARTESIAN_POINT('',(7.26154028434281,3.07579900755593,10.));
#3264=CARTESIAN_POINT('',(8.32811282757331,4.00837655361034,9.6));
#3265=CARTESIAN_POINT('Ctrl Pts',(7.26154028434281,3.07579900755593,9.6));
#3266=CARTESIAN_POINT('Ctrl Pts',(7.25723649358909,3.67924378463911,9.6));
#3267=CARTESIAN_POINT('Ctrl Pts',(7.771642736164,4.02669640429604,9.6));
#3268=CARTESIAN_POINT('Ctrl Pts',(8.32811282757331,4.00837655361034,9.6));
#3269=CARTESIAN_POINT('',(8.32811282757331,4.00837655361034,10.));
#3270=CARTESIAN_POINT('Origin',(7.28007321157206,0.435728028216262,10.));
#3271=CARTESIAN_POINT('',(7.28007321157206,0.435728028216262,10.));
#3272=CARTESIAN_POINT('',(7.28315338491883,-0.00305188839191295,10.));
#3273=CARTESIAN_POINT('',(7.28007321157206,0.435728028216262,9.6));
#3274=CARTESIAN_POINT('',(7.28007321157206,0.435728028216262,10.));
#3275=CARTESIAN_POINT('',(7.28007321157206,0.435728028216262,9.6));
#3276=CARTESIAN_POINT('Ctrl Pts',(7.54230829023065,-0.981909128399296,10.));
#3277=CARTESIAN_POINT('Ctrl Pts',(7.54230829023065,-0.981909128399296,9.6));
#3278=CARTESIAN_POINT('Ctrl Pts',(7.31054481087948,-0.557985059898046,10.));
#3279=CARTESIAN_POINT('Ctrl Pts',(7.31054481087948,-0.557985059898046,9.6));
#3280=CARTESIAN_POINT('Ctrl Pts',(7.28347358665304,-0.0505113439065474,
10.));
#3281=CARTESIAN_POINT('Ctrl Pts',(7.28347358665304,-0.0505113439065474,
9.6));
#3282=CARTESIAN_POINT('Ctrl Pts',(7.28007321157206,0.435728028216262,10.));
#3283=CARTESIAN_POINT('Ctrl Pts',(7.28007321157206,0.435728028216262,9.6));
#3284=CARTESIAN_POINT('',(7.54230829023065,-0.981909128399296,10.));
#3285=CARTESIAN_POINT('Ctrl Pts',(7.54230829023065,-0.981909128399296,10.));
#3286=CARTESIAN_POINT('Ctrl Pts',(7.31054481087948,-0.557985059898046,10.));
#3287=CARTESIAN_POINT('Ctrl Pts',(7.28347358665304,-0.0505113439065474,
10.));
#3288=CARTESIAN_POINT('Ctrl Pts',(7.28007321157206,0.435728028216262,10.));
#3289=CARTESIAN_POINT('',(7.54230829023065,-0.981909128399296,9.6));
#3290=CARTESIAN_POINT('',(7.54230829023065,-0.981909128399296,10.));
#3291=CARTESIAN_POINT('Ctrl Pts',(7.54230829023065,-0.981909128399296,9.6));
#3292=CARTESIAN_POINT('Ctrl Pts',(7.31054481087948,-0.557985059898046,9.6));
#3293=CARTESIAN_POINT('Ctrl Pts',(7.28347358665304,-0.0505113439065474,
9.6));
#3294=CARTESIAN_POINT('Ctrl Pts',(7.28007321157206,0.435728028216262,9.6));
#3295=CARTESIAN_POINT('Ctrl Pts',(8.51878515827305,-1.25934400593667,10.));
#3296=CARTESIAN_POINT('Ctrl Pts',(8.51878515827305,-1.25934400593667,9.6));
#3297=CARTESIAN_POINT('Ctrl Pts',(8.16957764146638,-1.36391980413494,10.));
#3298=CARTESIAN_POINT('Ctrl Pts',(8.16957764146638,-1.36391980413494,9.6));
#3299=CARTESIAN_POINT('Ctrl Pts',(7.72666486234009,-1.31923027614042,10.));
#3300=CARTESIAN_POINT('Ctrl Pts',(7.72666486234009,-1.31923027614042,9.6));
#3301=CARTESIAN_POINT('Ctrl Pts',(7.54230829023065,-0.981909128399296,10.));
#3302=CARTESIAN_POINT('Ctrl Pts',(7.54230829023065,-0.981909128399296,9.6));
#3303=CARTESIAN_POINT('',(8.51878515827305,-1.25934400593667,10.));
#3304=CARTESIAN_POINT('Ctrl Pts',(8.51878515827305,-1.25934400593667,10.));
#3305=CARTESIAN_POINT('Ctrl Pts',(8.16957764146638,-1.36391980413494,10.));
#3306=CARTESIAN_POINT('Ctrl Pts',(7.72666486234009,-1.31923027614042,10.));
#3307=CARTESIAN_POINT('Ctrl Pts',(7.54230829023065,-0.981909128399296,10.));
#3308=CARTESIAN_POINT('',(8.51878515827305,-1.25934400593667,9.6));
#3309=CARTESIAN_POINT('',(8.51878515827305,-1.25934400593667,10.));
#3310=CARTESIAN_POINT('Ctrl Pts',(8.51878515827305,-1.25934400593667,9.6));
#3311=CARTESIAN_POINT('Ctrl Pts',(8.16957764146638,-1.36391980413494,9.6));
#3312=CARTESIAN_POINT('Ctrl Pts',(7.72666486234009,-1.31923027614042,9.6));
#3313=CARTESIAN_POINT('Ctrl Pts',(7.54230829023065,-0.981909128399296,9.6));
#3314=CARTESIAN_POINT('Ctrl Pts',(9.0819880738539,-0.524606907460071,10.));
#3315=CARTESIAN_POINT('Ctrl Pts',(9.0819880738539,-0.524606907460071,9.6));
#3316=CARTESIAN_POINT('Ctrl Pts',(9.04499150390566,-0.873308375638029,10.));
#3317=CARTESIAN_POINT('Ctrl Pts',(9.04499150390566,-0.873308375638029,9.6));
#3318=CARTESIAN_POINT('Ctrl Pts',(8.79351454361155,-1.1770431777805,10.));
#3319=CARTESIAN_POINT('Ctrl Pts',(8.79351454361155,-1.1770431777805,9.6));
#3320=CARTESIAN_POINT('Ctrl Pts',(8.51878515827305,-1.25934400593667,10.));
#3321=CARTESIAN_POINT('Ctrl Pts',(8.51878515827305,-1.25934400593667,9.6));
#3322=CARTESIAN_POINT('',(9.0819880738539,-0.524606907460071,10.));
#3323=CARTESIAN_POINT('Ctrl Pts',(9.0819880738539,-0.524606907460071,10.));
#3324=CARTESIAN_POINT('Ctrl Pts',(9.04499150390566,-0.873308375638029,10.));
#3325=CARTESIAN_POINT('Ctrl Pts',(8.79351454361155,-1.1770431777805,10.));
#3326=CARTESIAN_POINT('Ctrl Pts',(8.51878515827305,-1.25934400593667,10.));
#3327=CARTESIAN_POINT('',(9.0819880738539,-0.524606907460071,9.6));
#3328=CARTESIAN_POINT('',(9.0819880738539,-0.524606907460071,10.));
#3329=CARTESIAN_POINT('Ctrl Pts',(9.0819880738539,-0.524606907460071,9.6));
#3330=CARTESIAN_POINT('Ctrl Pts',(9.04499150390566,-0.873308375638029,9.6));
#3331=CARTESIAN_POINT('Ctrl Pts',(8.79351454361155,-1.1770431777805,9.6));
#3332=CARTESIAN_POINT('Ctrl Pts',(8.51878515827305,-1.25934400593667,9.6));
#3333=CARTESIAN_POINT('Origin',(9.18353607102869,0.431287026961872,10.));
#3334=CARTESIAN_POINT('',(9.18353607102869,0.431287026961872,10.));
#3335=CARTESIAN_POINT('',(9.07779893525066,-0.564040202972466,10.));
#3336=CARTESIAN_POINT('',(9.18353607102869,0.431287026961872,9.6));
#3337=CARTESIAN_POINT('',(9.18353607102869,0.431287026961872,10.));
#3338=CARTESIAN_POINT('',(9.18353607102869,0.431287026961872,9.6));
#3339=CARTESIAN_POINT('Origin',(9.25579302260976,1.5478262683835,10.));
#3340=CARTESIAN_POINT('',(9.25579302260976,1.5478262683835,10.));
#3341=CARTESIAN_POINT('',(9.16842044051206,0.197715110885189,10.));
#3342=CARTESIAN_POINT('',(9.25579302260976,1.5478262683835,9.6));
#3343=CARTESIAN_POINT('',(9.25579302260976,1.5478262683835,10.));
#3344=CARTESIAN_POINT('',(9.25579302260976,1.5478262683835,9.6));
#3345=CARTESIAN_POINT('Ctrl Pts',(8.32811282757331,4.00837655361034,10.));
#3346=CARTESIAN_POINT('Ctrl Pts',(8.32811282757331,4.00837655361034,9.6));
#3347=CARTESIAN_POINT('Ctrl Pts',(9.4910968045822,3.9700020188364,10.));
#3348=CARTESIAN_POINT('Ctrl Pts',(9.4910968045822,3.9700020188364,9.6));
#3349=CARTESIAN_POINT('Ctrl Pts',(9.33679612471875,2.79954400447234,10.));
#3350=CARTESIAN_POINT('Ctrl Pts',(9.33679612471875,2.79954400447234,9.6));
#3351=CARTESIAN_POINT('Ctrl Pts',(9.25579302260976,1.5478262683835,10.));
#3352=CARTESIAN_POINT('Ctrl Pts',(9.25579302260976,1.5478262683835,9.6));
#3353=CARTESIAN_POINT('Ctrl Pts',(8.32811282757331,4.00837655361034,10.));
#3354=CARTESIAN_POINT('Ctrl Pts',(9.4910968045822,3.9700020188364,10.));
#3355=CARTESIAN_POINT('Ctrl Pts',(9.33679612471875,2.79954400447234,10.));
#3356=CARTESIAN_POINT('Ctrl Pts',(9.25579302260976,1.5478262683835,10.));
#3357=CARTESIAN_POINT('Ctrl Pts',(8.32811282757331,4.00837655361034,9.6));
#3358=CARTESIAN_POINT('Ctrl Pts',(9.4910968045822,3.9700020188364,9.6));
#3359=CARTESIAN_POINT('Ctrl Pts',(9.33679612471875,2.79954400447234,9.6));
#3360=CARTESIAN_POINT('Ctrl Pts',(9.25579302260976,1.5478262683835,9.6));
#3361=CARTESIAN_POINT('Origin',(8.37416664908565,1.33138830008055,9.6));
#3362=CARTESIAN_POINT('Ctrl Pts',(6.12742349474736,1.91164874129134,10.));
#3363=CARTESIAN_POINT('Ctrl Pts',(6.12742349474736,1.91164874129134,9.6));
#3364=CARTESIAN_POINT('Ctrl Pts',(6.6841014396874,1.64587217130664,10.));
#3365=CARTESIAN_POINT('Ctrl Pts',(6.6841014396874,1.64587217130664,9.6));
#3366=CARTESIAN_POINT('Ctrl Pts',(6.81466334441497,0.966511227084123,10.));
#3367=CARTESIAN_POINT('Ctrl Pts',(6.81466334441497,0.966511227084123,9.6));
#3368=CARTESIAN_POINT('Ctrl Pts',(6.48510002404099,0.471805559513971,10.));
#3369=CARTESIAN_POINT('Ctrl Pts',(6.48510002404099,0.471805559513971,9.6));
#3370=CARTESIAN_POINT('',(6.12742349474736,1.91164874129134,10.));
#3371=CARTESIAN_POINT('',(6.48510002404099,0.471805559513971,10.));
#3372=CARTESIAN_POINT('Ctrl Pts',(6.12742349474736,1.91164874129134,10.));
#3373=CARTESIAN_POINT('Ctrl Pts',(6.6841014396874,1.64587217130664,10.));
#3374=CARTESIAN_POINT('Ctrl Pts',(6.81466334441497,0.966511227084123,10.));
#3375=CARTESIAN_POINT('Ctrl Pts',(6.48510002404099,0.471805559513971,10.));
#3376=CARTESIAN_POINT('',(6.12742349474736,1.91164874129134,9.6));
#3377=CARTESIAN_POINT('',(6.12742349474736,1.91164874129134,10.));
#3378=CARTESIAN_POINT('',(6.48510002404099,0.471805559513971,9.6));
#3379=CARTESIAN_POINT('Ctrl Pts',(6.12742349474736,1.91164874129134,9.6));
#3380=CARTESIAN_POINT('Ctrl Pts',(6.6841014396874,1.64587217130664,9.6));
#3381=CARTESIAN_POINT('Ctrl Pts',(6.81466334441497,0.966511227084123,9.6));
#3382=CARTESIAN_POINT('Ctrl Pts',(6.48510002404099,0.471805559513971,9.6));
#3383=CARTESIAN_POINT('',(6.48510002404099,0.471805559513971,10.));
#3384=CARTESIAN_POINT('Ctrl Pts',(4.34536068242893,0.68262270119588,10.));
#3385=CARTESIAN_POINT('Ctrl Pts',(4.34536068242893,0.68262270119588,9.6));
#3386=CARTESIAN_POINT('Ctrl Pts',(4.81582967735334,1.44365989409255,10.));
#3387=CARTESIAN_POINT('Ctrl Pts',(4.81582967735334,1.44365989409255,9.6));
#3388=CARTESIAN_POINT('Ctrl Pts',(5.38479271692275,2.2661796179681,10.));
#3389=CARTESIAN_POINT('Ctrl Pts',(5.38479271692275,2.2661796179681,9.6));
#3390=CARTESIAN_POINT('Ctrl Pts',(6.12742349474736,1.91164874129134,10.));
#3391=CARTESIAN_POINT('Ctrl Pts',(6.12742349474736,1.91164874129134,9.6));
#3392=CARTESIAN_POINT('',(4.34536068242893,0.68262270119588,10.));
#3393=CARTESIAN_POINT('Ctrl Pts',(4.34536068242893,0.68262270119588,10.));
#3394=CARTESIAN_POINT('Ctrl Pts',(4.81582967735334,1.44365989409255,10.));
#3395=CARTESIAN_POINT('Ctrl Pts',(5.38479271692275,2.2661796179681,10.));
#3396=CARTESIAN_POINT('Ctrl Pts',(6.12742349474736,1.91164874129134,10.));
#3397=CARTESIAN_POINT('',(4.34536068242893,0.68262270119588,9.6));
#3398=CARTESIAN_POINT('',(4.34536068242893,0.68262270119588,10.));
#3399=CARTESIAN_POINT('Ctrl Pts',(4.34536068242893,0.68262270119588,9.6));
#3400=CARTESIAN_POINT('Ctrl Pts',(4.81582967735334,1.44365989409255,9.6));
#3401=CARTESIAN_POINT('Ctrl Pts',(5.38479271692275,2.2661796179681,9.6));
#3402=CARTESIAN_POINT('Ctrl Pts',(6.12742349474736,1.91164874129134,9.6));
#3403=CARTESIAN_POINT('Origin',(3.59787047924888,1.66231841210983,10.));
#3404=CARTESIAN_POINT('',(3.59787047924888,1.66231841210983,10.));
#3405=CARTESIAN_POINT('',(3.27337315740593,2.0876198181485,10.));
#3406=CARTESIAN_POINT('',(3.59787047924888,1.66231841210983,9.6));
#3407=CARTESIAN_POINT('',(3.59787047924888,1.66231841210983,10.));
#3408=CARTESIAN_POINT('',(3.59787047924888,1.66231841210983,9.6));
#3409=CARTESIAN_POINT('Ctrl Pts',(2.44724088137961,1.83614883311211,10.));
#3410=CARTESIAN_POINT('Ctrl Pts',(2.44724088137961,1.83614883311211,9.6));
#3411=CARTESIAN_POINT('Ctrl Pts',(2.80637510242789,2.04661887298291,10.));
#3412=CARTESIAN_POINT('Ctrl Pts',(2.80637510242789,2.04661887298291,9.6));
#3413=CARTESIAN_POINT('Ctrl Pts',(3.32001785687035,2.02649477942782,10.));
#3414=CARTESIAN_POINT('Ctrl Pts',(3.32001785687035,2.02649477942782,9.6));
#3415=CARTESIAN_POINT('Ctrl Pts',(3.59787047924888,1.66231841210983,10.));
#3416=CARTESIAN_POINT('Ctrl Pts',(3.59787047924888,1.66231841210983,9.6));
#3417=CARTESIAN_POINT('',(2.44724088137961,1.83614883311211,10.));
#3418=CARTESIAN_POINT('Ctrl Pts',(2.44724088137961,1.83614883311211,10.));
#3419=CARTESIAN_POINT('Ctrl Pts',(2.80637510242789,2.04661887298291,10.));
#3420=CARTESIAN_POINT('Ctrl Pts',(3.32001785687035,2.02649477942782,10.));
#3421=CARTESIAN_POINT('Ctrl Pts',(3.59787047924888,1.66231841210983,10.));
#3422=CARTESIAN_POINT('',(2.44724088137961,1.83614883311211,9.6));
#3423=CARTESIAN_POINT('',(2.44724088137961,1.83614883311211,10.));
#3424=CARTESIAN_POINT('Ctrl Pts',(2.44724088137961,1.83614883311211,9.6));
#3425=CARTESIAN_POINT('Ctrl Pts',(2.80637510242789,2.04661887298291,9.6));
#3426=CARTESIAN_POINT('Ctrl Pts',(3.32001785687035,2.02649477942782,9.6));
#3427=CARTESIAN_POINT('Ctrl Pts',(3.59787047924888,1.66231841210983,9.6));
#3428=CARTESIAN_POINT('Ctrl Pts',(2.04299021748694,0.779842793890355,10.));
#3429=CARTESIAN_POINT('Ctrl Pts',(2.04299021748694,0.779842793890355,9.6));
#3430=CARTESIAN_POINT('Ctrl Pts',(1.91305255261143,1.19786850901251,10.));
#3431=CARTESIAN_POINT('Ctrl Pts',(1.91305255261143,1.19786850901251,9.6));
#3432=CARTESIAN_POINT('Ctrl Pts',(2.13780674901001,1.65475451344537,10.));
#3433=CARTESIAN_POINT('Ctrl Pts',(2.13780674901001,1.65475451344537,9.6));
#3434=CARTESIAN_POINT('Ctrl Pts',(2.44724088137961,1.83614883311211,10.));
#3435=CARTESIAN_POINT('Ctrl Pts',(2.44724088137961,1.83614883311211,9.6));
#3436=CARTESIAN_POINT('',(2.04299021748694,0.779842793890355,10.));
#3437=CARTESIAN_POINT('Ctrl Pts',(2.04299021748694,0.779842793890355,10.));
#3438=CARTESIAN_POINT('Ctrl Pts',(1.91305255261143,1.19786850901251,10.));
#3439=CARTESIAN_POINT('Ctrl Pts',(2.13780674901001,1.65475451344537,10.));
#3440=CARTESIAN_POINT('Ctrl Pts',(2.44724088137961,1.83614883311211,10.));
#3441=CARTESIAN_POINT('',(2.04299021748694,0.779842793890355,9.6));
#3442=CARTESIAN_POINT('',(2.04299021748694,0.779842793890355,10.));
#3443=CARTESIAN_POINT('Ctrl Pts',(2.04299021748694,0.779842793890355,9.6));
#3444=CARTESIAN_POINT('Ctrl Pts',(1.91305255261143,1.19786850901251,9.6));
#3445=CARTESIAN_POINT('Ctrl Pts',(2.13780674901001,1.65475451344537,9.6));
#3446=CARTESIAN_POINT('Ctrl Pts',(2.44724088137961,1.83614883311211,9.6));
#3447=CARTESIAN_POINT('Ctrl Pts',(3.09221038720189,-0.899129761640536,10.));
#3448=CARTESIAN_POINT('Ctrl Pts',(3.09221038720189,-0.899129761640536,9.6));
#3449=CARTESIAN_POINT('Ctrl Pts',(2.69962125734645,-0.331491958144432,10.));
#3450=CARTESIAN_POINT('Ctrl Pts',(2.69962125734645,-0.331491958144432,9.6));
#3451=CARTESIAN_POINT('Ctrl Pts',(2.23567587454305,0.160437574196797,10.));
#3452=CARTESIAN_POINT('Ctrl Pts',(2.23567587454305,0.160437574196797,9.6));
#3453=CARTESIAN_POINT('Ctrl Pts',(2.04299021748694,0.779842793890355,10.));
#3454=CARTESIAN_POINT('Ctrl Pts',(2.04299021748694,0.779842793890355,9.6));
#3455=CARTESIAN_POINT('',(3.09221038720189,-0.899129761640536,10.));
#3456=CARTESIAN_POINT('Ctrl Pts',(3.09221038720189,-0.899129761640536,10.));
#3457=CARTESIAN_POINT('Ctrl Pts',(2.69962125734645,-0.331491958144432,10.));
#3458=CARTESIAN_POINT('Ctrl Pts',(2.23567587454305,0.160437574196797,10.));
#3459=CARTESIAN_POINT('Ctrl Pts',(2.04299021748694,0.779842793890355,10.));
#3460=CARTESIAN_POINT('',(3.09221038720189,-0.899129761640536,9.6));
#3461=CARTESIAN_POINT('',(3.09221038720189,-0.899129761640536,10.));
#3462=CARTESIAN_POINT('Ctrl Pts',(3.09221038720189,-0.899129761640536,9.6));
#3463=CARTESIAN_POINT('Ctrl Pts',(2.69962125734645,-0.331491958144432,9.6));
#3464=CARTESIAN_POINT('Ctrl Pts',(2.23567587454305,0.160437574196797,9.6));
#3465=CARTESIAN_POINT('Ctrl Pts',(2.04299021748694,0.779842793890355,9.6));
#3466=CARTESIAN_POINT('Ctrl Pts',(2.07110206788679,-2.52647346999445,10.));
#3467=CARTESIAN_POINT('Ctrl Pts',(2.07110206788679,-2.52647346999445,9.6));
#3468=CARTESIAN_POINT('Ctrl Pts',(2.30966901443954,-1.94391640196004,10.));
#3469=CARTESIAN_POINT('Ctrl Pts',(2.30966901443954,-1.94391640196004,9.6));
#3470=CARTESIAN_POINT('Ctrl Pts',(2.72828738382821,-1.44470044862526,10.));
#3471=CARTESIAN_POINT('Ctrl Pts',(2.72828738382821,-1.44470044862526,9.6));
#3472=CARTESIAN_POINT('Ctrl Pts',(3.09221038720189,-0.899129761640536,10.));
#3473=CARTESIAN_POINT('Ctrl Pts',(3.09221038720189,-0.899129761640536,9.6));
#3474=CARTESIAN_POINT('',(2.07110206788679,-2.52647346999445,10.));
#3475=CARTESIAN_POINT('Ctrl Pts',(2.07110206788679,-2.52647346999445,10.));
#3476=CARTESIAN_POINT('Ctrl Pts',(2.30966901443954,-1.94391640196004,10.));
#3477=CARTESIAN_POINT('Ctrl Pts',(2.72828738382821,-1.44470044862526,10.));
#3478=CARTESIAN_POINT('Ctrl Pts',(3.09221038720189,-0.899129761640536,10.));
#3479=CARTESIAN_POINT('',(2.07110206788679,-2.52647346999445,9.6));
#3480=CARTESIAN_POINT('',(2.07110206788679,-2.52647346999445,10.));
#3481=CARTESIAN_POINT('Ctrl Pts',(2.07110206788679,-2.52647346999445,9.6));
#3482=CARTESIAN_POINT('Ctrl Pts',(2.30966901443954,-1.94391640196004,9.6));
#3483=CARTESIAN_POINT('Ctrl Pts',(2.72828738382821,-1.44470044862526,9.6));
#3484=CARTESIAN_POINT('Ctrl Pts',(3.09221038720189,-0.899129761640536,9.6));
#3485=CARTESIAN_POINT('Ctrl Pts',(2.44633882422668,-3.6724358730612,10.));
#3486=CARTESIAN_POINT('Ctrl Pts',(2.44633882422668,-3.6724358730612,9.6));
#3487=CARTESIAN_POINT('Ctrl Pts',(2.07297682522269,-3.45551218483953,10.));
#3488=CARTESIAN_POINT('Ctrl Pts',(2.07297682522269,-3.45551218483953,9.6));
#3489=CARTESIAN_POINT('Ctrl Pts',(1.88973084305679,-2.96941138173719,10.));
#3490=CARTESIAN_POINT('Ctrl Pts',(1.88973084305679,-2.96941138173719,9.6));
#3491=CARTESIAN_POINT('Ctrl Pts',(2.07110206788679,-2.52647346999445,10.));
#3492=CARTESIAN_POINT('Ctrl Pts',(2.07110206788679,-2.52647346999445,9.6));
#3493=CARTESIAN_POINT('',(2.44633882422668,-3.6724358730612,10.));
#3494=CARTESIAN_POINT('Ctrl Pts',(2.44633882422668,-3.6724358730612,10.));
#3495=CARTESIAN_POINT('Ctrl Pts',(2.07297682522269,-3.45551218483953,10.));
#3496=CARTESIAN_POINT('Ctrl Pts',(1.88973084305679,-2.96941138173719,10.));
#3497=CARTESIAN_POINT('Ctrl Pts',(2.07110206788679,-2.52647346999445,10.));
#3498=CARTESIAN_POINT('',(2.44633882422668,-3.6724358730612,9.6));
#3499=CARTESIAN_POINT('',(2.44633882422668,-3.6724358730612,10.));
#3500=CARTESIAN_POINT('Ctrl Pts',(2.44633882422668,-3.6724358730612,9.6));
#3501=CARTESIAN_POINT('Ctrl Pts',(2.07297682522269,-3.45551218483953,9.6));
#3502=CARTESIAN_POINT('Ctrl Pts',(1.88973084305679,-2.96941138173719,9.6));
#3503=CARTESIAN_POINT('Ctrl Pts',(2.07110206788679,-2.52647346999445,9.6));
#3504=CARTESIAN_POINT('Ctrl Pts',(3.59627421847375,-3.42595079380388,10.));
#3505=CARTESIAN_POINT('Ctrl Pts',(3.59627421847375,-3.42595079380388,9.6));
#3506=CARTESIAN_POINT('Ctrl Pts',(3.30502523226238,-3.80775327637885,10.));
#3507=CARTESIAN_POINT('Ctrl Pts',(3.30502523226238,-3.80775327637885,9.6));
#3508=CARTESIAN_POINT('Ctrl Pts',(2.80436177607151,-3.88040759500394,10.));
#3509=CARTESIAN_POINT('Ctrl Pts',(2.80436177607151,-3.88040759500394,9.6));
#3510=CARTESIAN_POINT('Ctrl Pts',(2.44633882422668,-3.6724358730612,10.));
#3511=CARTESIAN_POINT('Ctrl Pts',(2.44633882422668,-3.6724358730612,9.6));
#3512=CARTESIAN_POINT('',(3.59627421847375,-3.42595079380388,10.));
#3513=CARTESIAN_POINT('Ctrl Pts',(3.59627421847375,-3.42595079380388,10.));
#3514=CARTESIAN_POINT('Ctrl Pts',(3.30502523226238,-3.80775327637885,10.));
#3515=CARTESIAN_POINT('Ctrl Pts',(2.80436177607151,-3.88040759500394,10.));
#3516=CARTESIAN_POINT('Ctrl Pts',(2.44633882422668,-3.6724358730612,10.));
#3517=CARTESIAN_POINT('',(3.59627421847375,-3.42595079380388,9.6));
#3518=CARTESIAN_POINT('',(3.59627421847375,-3.42595079380388,10.));
#3519=CARTESIAN_POINT('Ctrl Pts',(3.59627421847375,-3.42595079380388,9.6));
#3520=CARTESIAN_POINT('Ctrl Pts',(3.30502523226238,-3.80775327637885,9.6));
#3521=CARTESIAN_POINT('Ctrl Pts',(2.80436177607151,-3.88040759500394,9.6));
#3522=CARTESIAN_POINT('Ctrl Pts',(2.44633882422668,-3.6724358730612,9.6));
#3523=CARTESIAN_POINT('Origin',(4.32613355157748,-2.46887698492815,10.));
#3524=CARTESIAN_POINT('',(4.32613355157748,-2.46887698492815,10.));
#3525=CARTESIAN_POINT('',(3.82157778580485,-3.13050736579168,10.));
#3526=CARTESIAN_POINT('',(4.32613355157748,-2.46887698492815,9.6));
#3527=CARTESIAN_POINT('',(4.32613355157748,-2.46887698492815,10.));
#3528=CARTESIAN_POINT('',(4.32613355157748,-2.46887698492815,9.6));
#3529=CARTESIAN_POINT('Ctrl Pts',(5.35279414135043,-3.66188832526704,10.));
#3530=CARTESIAN_POINT('Ctrl Pts',(5.35279414135043,-3.66188832526704,9.6));
#3531=CARTESIAN_POINT('Ctrl Pts',(4.89808125916645,-3.34538513507327,10.));
#3532=CARTESIAN_POINT('Ctrl Pts',(4.89808125916645,-3.34538513507327,9.6));
#3533=CARTESIAN_POINT('Ctrl Pts',(4.63070961711145,-2.90910872521211,10.));
#3534=CARTESIAN_POINT('Ctrl Pts',(4.63070961711145,-2.90910872521211,9.6));
#3535=CARTESIAN_POINT('Ctrl Pts',(4.32613355157748,-2.46887698492815,10.));
#3536=CARTESIAN_POINT('Ctrl Pts',(4.32613355157748,-2.46887698492815,9.6));
#3537=CARTESIAN_POINT('',(5.35279414135043,-3.66188832526704,10.));
#3538=CARTESIAN_POINT('Ctrl Pts',(5.35279414135043,-3.66188832526704,10.));
#3539=CARTESIAN_POINT('Ctrl Pts',(4.89808125916645,-3.34538513507327,10.));
#3540=CARTESIAN_POINT('Ctrl Pts',(4.63070961711145,-2.90910872521211,10.));
#3541=CARTESIAN_POINT('Ctrl Pts',(4.32613355157748,-2.46887698492815,10.));
#3542=CARTESIAN_POINT('',(5.35279414135043,-3.66188832526704,9.6));
#3543=CARTESIAN_POINT('',(5.35279414135043,-3.66188832526704,10.));
#3544=CARTESIAN_POINT('Ctrl Pts',(5.35279414135043,-3.66188832526704,9.6));
#3545=CARTESIAN_POINT('Ctrl Pts',(4.89808125916645,-3.34538513507327,9.6));
#3546=CARTESIAN_POINT('Ctrl Pts',(4.63070961711145,-2.90910872521211,9.6));
#3547=CARTESIAN_POINT('Ctrl Pts',(4.32613355157748,-2.46887698492815,9.6));
#3548=CARTESIAN_POINT('Ctrl Pts',(6.1714300269081,-3.6618190407568,10.));
#3549=CARTESIAN_POINT('Ctrl Pts',(6.1714300269081,-3.6618190407568,9.6));
#3550=CARTESIAN_POINT('Ctrl Pts',(5.9823539569835,-3.77014197621721,10.));
#3551=CARTESIAN_POINT('Ctrl Pts',(5.9823539569835,-3.77014197621721,9.6));
#3552=CARTESIAN_POINT('Ctrl Pts',(5.53728928248036,-3.79033501465259,10.));
#3553=CARTESIAN_POINT('Ctrl Pts',(5.53728928248036,-3.79033501465259,9.6));
#3554=CARTESIAN_POINT('Ctrl Pts',(5.35279414135043,-3.66188832526704,10.));
#3555=CARTESIAN_POINT('Ctrl Pts',(5.35279414135043,-3.66188832526704,9.6));
#3556=CARTESIAN_POINT('',(6.1714300269081,-3.6618190407568,10.));
#3557=CARTESIAN_POINT('Ctrl Pts',(6.1714300269081,-3.6618190407568,10.));
#3558=CARTESIAN_POINT('Ctrl Pts',(5.9823539569835,-3.77014197621721,10.));
#3559=CARTESIAN_POINT('Ctrl Pts',(5.53728928248036,-3.79033501465259,10.));
#3560=CARTESIAN_POINT('Ctrl Pts',(5.35279414135043,-3.66188832526704,10.));
#3561=CARTESIAN_POINT('',(6.1714300269081,-3.6618190407568,9.6));
#3562=CARTESIAN_POINT('',(6.1714300269081,-3.6618190407568,10.));
#3563=CARTESIAN_POINT('Ctrl Pts',(6.1714300269081,-3.6618190407568,9.6));
#3564=CARTESIAN_POINT('Ctrl Pts',(5.9823539569835,-3.77014197621721,9.6));
#3565=CARTESIAN_POINT('Ctrl Pts',(5.53728928248036,-3.79033501465259,9.6));
#3566=CARTESIAN_POINT('Ctrl Pts',(5.35279414135043,-3.66188832526704,9.6));
#3567=CARTESIAN_POINT('Ctrl Pts',(6.4422034025639,-2.1138611166797,10.));
#3568=CARTESIAN_POINT('Ctrl Pts',(6.4422034025639,-2.1138611166797,9.6));
#3569=CARTESIAN_POINT('Ctrl Pts',(6.80876329288611,-2.6355598935873,10.));
#3570=CARTESIAN_POINT('Ctrl Pts',(6.80876329288611,-2.6355598935873,9.6));
#3571=CARTESIAN_POINT('Ctrl Pts',(6.72671956460372,-3.34365030527766,10.));
#3572=CARTESIAN_POINT('Ctrl Pts',(6.72671956460372,-3.34365030527766,9.6));
#3573=CARTESIAN_POINT('Ctrl Pts',(6.1714300269081,-3.6618190407568,10.));
#3574=CARTESIAN_POINT('Ctrl Pts',(6.1714300269081,-3.6618190407568,9.6));
#3575=CARTESIAN_POINT('',(6.4422034025639,-2.1138611166797,10.));
#3576=CARTESIAN_POINT('Ctrl Pts',(6.4422034025639,-2.1138611166797,10.));
#3577=CARTESIAN_POINT('Ctrl Pts',(6.80876329288611,-2.6355598935873,10.));
#3578=CARTESIAN_POINT('Ctrl Pts',(6.72671956460372,-3.34365030527766,10.));
#3579=CARTESIAN_POINT('Ctrl Pts',(6.1714300269081,-3.6618190407568,10.));
#3580=CARTESIAN_POINT('',(6.4422034025639,-2.1138611166797,9.6));
#3581=CARTESIAN_POINT('',(6.4422034025639,-2.1138611166797,10.));
#3582=CARTESIAN_POINT('Ctrl Pts',(6.4422034025639,-2.1138611166797,9.6));
#3583=CARTESIAN_POINT('Ctrl Pts',(6.80876329288611,-2.6355598935873,9.6));
#3584=CARTESIAN_POINT('Ctrl Pts',(6.72671956460372,-3.34365030527766,9.6));
#3585=CARTESIAN_POINT('Ctrl Pts',(6.1714300269081,-3.6618190407568,9.6));
#3586=CARTESIAN_POINT('Origin',(5.58004733493697,-0.88677775991058,10.));
#3587=CARTESIAN_POINT('',(5.58004733493697,-0.88677775991058,10.));
#3588=CARTESIAN_POINT('',(4.40172096988845,0.790302209349676,10.));
#3589=CARTESIAN_POINT('',(5.58004733493697,-0.88677775991058,9.6));
#3590=CARTESIAN_POINT('',(5.58004733493697,-0.88677775991058,10.));
#3591=CARTESIAN_POINT('',(5.58004733493697,-0.88677775991058,9.6));
#3592=CARTESIAN_POINT('Origin',(6.48510002404099,0.471805559513971,10.));
#3593=CARTESIAN_POINT('',(5.11052592969428,-1.59158086911629,10.));
#3594=CARTESIAN_POINT('',(6.48510002404099,0.471805559513971,9.6));
#3595=CARTESIAN_POINT('Origin',(4.35219709373588,-0.807113988517921,9.6));
#3596=CARTESIAN_POINT('Origin',(-4.60753278626499,1.35630757984299,10.));
#3597=CARTESIAN_POINT('',(-4.60753278626499,1.35630757984299,10.));
#3598=CARTESIAN_POINT('',(-5.49349725316799,1.25325841827966,10.));
#3599=CARTESIAN_POINT('',(-2.93435860491267,1.55091944406422,10.));
#3600=CARTESIAN_POINT('',(-4.60753278626499,1.35630757984299,9.6));
#3601=CARTESIAN_POINT('',(-4.60753278626499,1.35630757984299,10.));
#3602=CARTESIAN_POINT('',(-5.49349725316799,1.25325841827966,9.6));
#3603=CARTESIAN_POINT('',(-4.60753278626499,1.35630757984299,9.6));
#3604=CARTESIAN_POINT('',(-5.49349725316799,1.25325841827966,10.));
#3605=CARTESIAN_POINT('Ctrl Pts',(-3.72774584856175,2.44557538518138,10.));
#3606=CARTESIAN_POINT('Ctrl Pts',(-3.72774584856175,2.44557538518138,9.6));
#3607=CARTESIAN_POINT('Ctrl Pts',(-3.74787503656613,1.89521642531618,10.));
#3608=CARTESIAN_POINT('Ctrl Pts',(-3.74787503656613,1.89521642531618,9.6));
#3609=CARTESIAN_POINT('Ctrl Pts',(-4.03114203964193,1.42341098653004,10.));
#3610=CARTESIAN_POINT('Ctrl Pts',(-4.03114203964193,1.42341098653004,9.6));
#3611=CARTESIAN_POINT('Ctrl Pts',(-4.60753278626499,1.35630757984299,10.));
#3612=CARTESIAN_POINT('Ctrl Pts',(-4.60753278626499,1.35630757984299,9.6));
#3613=CARTESIAN_POINT('',(-3.72774584856175,2.44557538518138,10.));
#3614=CARTESIAN_POINT('Ctrl Pts',(-3.72774584856175,2.44557538518138,10.));
#3615=CARTESIAN_POINT('Ctrl Pts',(-3.74787503656613,1.89521642531618,10.));
#3616=CARTESIAN_POINT('Ctrl Pts',(-4.03114203964193,1.42341098653004,10.));
#3617=CARTESIAN_POINT('Ctrl Pts',(-4.60753278626499,1.35630757984299,10.));
#3618=CARTESIAN_POINT('',(-3.72774584856175,2.44557538518138,9.6));
#3619=CARTESIAN_POINT('',(-3.72774584856175,2.44557538518138,10.));
#3620=CARTESIAN_POINT('Ctrl Pts',(-3.72774584856175,2.44557538518138,9.6));
#3621=CARTESIAN_POINT('Ctrl Pts',(-3.74787503656613,1.89521642531618,9.6));
#3622=CARTESIAN_POINT('Ctrl Pts',(-4.03114203964193,1.42341098653004,9.6));
#3623=CARTESIAN_POINT('Ctrl Pts',(-4.60753278626499,1.35630757984299,9.6));
#3624=CARTESIAN_POINT('Ctrl Pts',(-4.77002432168459,3.59327232086752,10.));
#3625=CARTESIAN_POINT('Ctrl Pts',(-4.77002432168459,3.59327232086752,9.6));
#3626=CARTESIAN_POINT('Ctrl Pts',(-4.0978463811352,3.55198325286147,10.));
#3627=CARTESIAN_POINT('Ctrl Pts',(-4.0978463811352,3.55198325286147,9.6));
#3628=CARTESIAN_POINT('Ctrl Pts',(-3.70435417523697,3.0827452891524,10.));
#3629=CARTESIAN_POINT('Ctrl Pts',(-3.70435417523697,3.0827452891524,9.6));
#3630=CARTESIAN_POINT('Ctrl Pts',(-3.72774584856175,2.44557538518138,10.));
#3631=CARTESIAN_POINT('Ctrl Pts',(-3.72774584856175,2.44557538518138,9.6));
#3632=CARTESIAN_POINT('',(-4.77002432168459,3.59327232086752,10.));
#3633=CARTESIAN_POINT('Ctrl Pts',(-4.77002432168459,3.59327232086752,10.));
#3634=CARTESIAN_POINT('Ctrl Pts',(-4.0978463811352,3.55198325286147,10.));
#3635=CARTESIAN_POINT('Ctrl Pts',(-3.70435417523697,3.0827452891524,10.));
#3636=CARTESIAN_POINT('Ctrl Pts',(-3.72774584856175,2.44557538518138,10.));
#3637=CARTESIAN_POINT('',(-4.77002432168459,3.59327232086752,9.6));
#3638=CARTESIAN_POINT('',(-4.77002432168459,3.59327232086752,10.));
#3639=CARTESIAN_POINT('Ctrl Pts',(-4.77002432168459,3.59327232086752,9.6));
#3640=CARTESIAN_POINT('Ctrl Pts',(-4.0978463811352,3.55198325286147,9.6));
#3641=CARTESIAN_POINT('Ctrl Pts',(-3.70435417523697,3.0827452891524,9.6));
#3642=CARTESIAN_POINT('Ctrl Pts',(-3.72774584856175,2.44557538518138,9.6));
#3643=CARTESIAN_POINT('Ctrl Pts',(-8.33720491774109,3.51104120175903,10.));
#3644=CARTESIAN_POINT('Ctrl Pts',(-8.33720491774109,3.51104120175903,9.6));
#3645=CARTESIAN_POINT('Ctrl Pts',(-7.15360506300638,3.63712894885813,10.));
#3646=CARTESIAN_POINT('Ctrl Pts',(-7.15360506300638,3.63712894885813,9.6));
#3647=CARTESIAN_POINT('Ctrl Pts',(-5.95286068828685,3.66592719139129,10.));
#3648=CARTESIAN_POINT('Ctrl Pts',(-5.95286068828685,3.66592719139129,9.6));
#3649=CARTESIAN_POINT('Ctrl Pts',(-4.77002432168459,3.59327232086752,10.));
#3650=CARTESIAN_POINT('Ctrl Pts',(-4.77002432168459,3.59327232086752,9.6));
#3651=CARTESIAN_POINT('',(-8.33720491774109,3.51104120175903,10.));
#3652=CARTESIAN_POINT('Ctrl Pts',(-8.33720491774109,3.51104120175903,10.));
#3653=CARTESIAN_POINT('Ctrl Pts',(-7.15360506300638,3.63712894885813,10.));
#3654=CARTESIAN_POINT('Ctrl Pts',(-5.95286068828685,3.66592719139129,10.));
#3655=CARTESIAN_POINT('Ctrl Pts',(-4.77002432168459,3.59327232086752,10.));
#3656=CARTESIAN_POINT('',(-8.33720491774109,3.51104120175903,9.6));
#3657=CARTESIAN_POINT('',(-8.33720491774109,3.51104120175903,10.));
#3658=CARTESIAN_POINT('Ctrl Pts',(-8.33720491774109,3.51104120175903,9.6));
#3659=CARTESIAN_POINT('Ctrl Pts',(-7.15360506300638,3.63712894885813,9.6));
#3660=CARTESIAN_POINT('Ctrl Pts',(-5.95286068828685,3.66592719139129,9.6));
#3661=CARTESIAN_POINT('Ctrl Pts',(-4.77002432168459,3.59327232086752,9.6));
#3662=CARTESIAN_POINT('Ctrl Pts',(-9.42335146743529,2.17743923610408,10.));
#3663=CARTESIAN_POINT('Ctrl Pts',(-9.42335146743529,2.17743923610408,9.6));
#3664=CARTESIAN_POINT('Ctrl Pts',(-9.4910968045822,2.88081057451671,10.));
#3665=CARTESIAN_POINT('Ctrl Pts',(-9.4910968045822,2.88081057451671,9.6));
#3666=CARTESIAN_POINT('Ctrl Pts',(-9.05755444236949,3.4343615040335,10.));
#3667=CARTESIAN_POINT('Ctrl Pts',(-9.05755444236949,3.4343615040335,9.6));
#3668=CARTESIAN_POINT('Ctrl Pts',(-8.33720491774109,3.51104120175903,10.));
#3669=CARTESIAN_POINT('Ctrl Pts',(-8.33720491774109,3.51104120175903,9.6));
#3670=CARTESIAN_POINT('',(-9.42335146743529,2.17743923610408,10.));
#3671=CARTESIAN_POINT('Ctrl Pts',(-9.42335146743529,2.17743923610408,10.));
#3672=CARTESIAN_POINT('Ctrl Pts',(-9.4910968045822,2.88081057451671,10.));
#3673=CARTESIAN_POINT('Ctrl Pts',(-9.05755444236949,3.4343615040335,10.));
#3674=CARTESIAN_POINT('Ctrl Pts',(-8.33720491774109,3.51104120175903,10.));
#3675=CARTESIAN_POINT('',(-9.42335146743529,2.17743923610408,9.6));
#3676=CARTESIAN_POINT('',(-9.42335146743529,2.17743923610408,10.));
#3677=CARTESIAN_POINT('Ctrl Pts',(-9.42335146743529,2.17743923610408,9.6));
#3678=CARTESIAN_POINT('Ctrl Pts',(-9.4910968045822,2.88081057451671,9.6));
#3679=CARTESIAN_POINT('Ctrl Pts',(-9.05755444236949,3.4343615040335,9.6));
#3680=CARTESIAN_POINT('Ctrl Pts',(-8.33720491774109,3.51104120175903,9.6));
#3681=CARTESIAN_POINT('Ctrl Pts',(-8.58569704020067,1.287677536521,10.));
#3682=CARTESIAN_POINT('Ctrl Pts',(-8.58569704020067,1.287677536521,9.6));
#3683=CARTESIAN_POINT('Ctrl Pts',(-9.07712837785583,1.32875832645889,10.));
#3684=CARTESIAN_POINT('Ctrl Pts',(-9.07712837785583,1.32875832645889,9.6));
#3685=CARTESIAN_POINT('Ctrl Pts',(-9.37990005313461,1.72582717538327,10.));
#3686=CARTESIAN_POINT('Ctrl Pts',(-9.37990005313461,1.72582717538327,9.6));
#3687=CARTESIAN_POINT('Ctrl Pts',(-9.42335146743529,2.17743923610408,10.));
#3688=CARTESIAN_POINT('Ctrl Pts',(-9.42335146743529,2.17743923610408,9.6));
#3689=CARTESIAN_POINT('',(-8.58569704020067,1.287677536521,10.));
#3690=CARTESIAN_POINT('Ctrl Pts',(-8.58569704020067,1.287677536521,10.));
#3691=CARTESIAN_POINT('Ctrl Pts',(-9.07712837785583,1.32875832645889,10.));
#3692=CARTESIAN_POINT('Ctrl Pts',(-9.37990005313461,1.72582717538327,10.));
#3693=CARTESIAN_POINT('Ctrl Pts',(-9.42335146743529,2.17743923610408,10.));
#3694=CARTESIAN_POINT('',(-8.58569704020067,1.287677536521,9.6));
#3695=CARTESIAN_POINT('',(-8.58569704020067,1.287677536521,10.));
#3696=CARTESIAN_POINT('Ctrl Pts',(-8.58569704020067,1.287677536521,9.6));
#3697=CARTESIAN_POINT('Ctrl Pts',(-9.07712837785583,1.32875832645889,9.6));
#3698=CARTESIAN_POINT('Ctrl Pts',(-9.37990005313461,1.72582717538327,9.6));
#3699=CARTESIAN_POINT('Ctrl Pts',(-9.42335146743529,2.17743923610408,9.6));
#3700=CARTESIAN_POINT('Origin',(-7.70320308196378,1.2139122883224,10.));
#3701=CARTESIAN_POINT('',(-7.70320308196378,1.2139122883224,10.));
#3702=CARTESIAN_POINT('',(-4.30372251907146,0.929759037042324,10.));
#3703=CARTESIAN_POINT('',(-7.70320308196378,1.2139122883224,9.6));
#3704=CARTESIAN_POINT('',(-7.70320308196378,1.2139122883224,10.));
#3705=CARTESIAN_POINT('',(-7.70320308196378,1.2139122883224,9.6));
#3706=CARTESIAN_POINT('Origin',(-7.67314803879267,-2.78710141971944,10.));
#3707=CARTESIAN_POINT('',(-7.67314803879267,-2.78710141971944,10.));
#3708=CARTESIAN_POINT('',(-7.68154947803021,-1.66867768745879,10.));
#3709=CARTESIAN_POINT('',(-7.67314803879267,-2.78710141971944,9.6));
#3710=CARTESIAN_POINT('',(-7.67314803879267,-2.78710141971944,10.));
#3711=CARTESIAN_POINT('',(-7.67314803879267,-2.78710141971944,9.6));
#3712=CARTESIAN_POINT('Ctrl Pts',(-7.1457616488913,-3.71829135068147,10.));
#3713=CARTESIAN_POINT('Ctrl Pts',(-7.1457616488913,-3.71829135068147,9.6));
#3714=CARTESIAN_POINT('Ctrl Pts',(-7.47331317124368,-3.57242639956966,10.));
#3715=CARTESIAN_POINT('Ctrl Pts',(-7.47331317124368,-3.57242639956966,9.6));
#3716=CARTESIAN_POINT('Ctrl Pts',(-7.67044101825901,-3.1496815262623,10.));
#3717=CARTESIAN_POINT('Ctrl Pts',(-7.67044101825901,-3.1496815262623,9.6));
#3718=CARTESIAN_POINT('Ctrl Pts',(-7.67314803879267,-2.78710141971944,10.));
#3719=CARTESIAN_POINT('Ctrl Pts',(-7.67314803879267,-2.78710141971944,9.6));
#3720=CARTESIAN_POINT('',(-7.1457616488913,-3.71829135068147,10.));
#3721=CARTESIAN_POINT('Ctrl Pts',(-7.1457616488913,-3.71829135068147,10.));
#3722=CARTESIAN_POINT('Ctrl Pts',(-7.47331317124368,-3.57242639956966,10.));
#3723=CARTESIAN_POINT('Ctrl Pts',(-7.67044101825901,-3.1496815262623,10.));
#3724=CARTESIAN_POINT('Ctrl Pts',(-7.67314803879267,-2.78710141971944,10.));
#3725=CARTESIAN_POINT('',(-7.1457616488913,-3.71829135068147,9.6));
#3726=CARTESIAN_POINT('',(-7.1457616488913,-3.71829135068147,10.));
#3727=CARTESIAN_POINT('Ctrl Pts',(-7.1457616488913,-3.71829135068147,9.6));
#3728=CARTESIAN_POINT('Ctrl Pts',(-7.47331317124368,-3.57242639956966,9.6));
#3729=CARTESIAN_POINT('Ctrl Pts',(-7.67044101825901,-3.1496815262623,9.6));
#3730=CARTESIAN_POINT('Ctrl Pts',(-7.67314803879267,-2.78710141971944,9.6));
#3731=CARTESIAN_POINT('Ctrl Pts',(-5.90628587442791,-3.6083028699357,10.));
#3732=CARTESIAN_POINT('Ctrl Pts',(-5.90628587442791,-3.6083028699357,9.6));
#3733=CARTESIAN_POINT('Ctrl Pts',(-6.2549380962628,-3.89094155760001,10.));
#3734=CARTESIAN_POINT('Ctrl Pts',(-6.2549380962628,-3.89094155760001,9.6));
#3735=CARTESIAN_POINT('Ctrl Pts',(-6.77933998795961,-3.8815045997494,10.));
#3736=CARTESIAN_POINT('Ctrl Pts',(-6.77933998795961,-3.8815045997494,9.6));
#3737=CARTESIAN_POINT('Ctrl Pts',(-7.1457616488913,-3.71829135068147,10.));
#3738=CARTESIAN_POINT('Ctrl Pts',(-7.1457616488913,-3.71829135068147,9.6));
#3739=CARTESIAN_POINT('',(-5.90628587442791,-3.6083028699357,10.));
#3740=CARTESIAN_POINT('Ctrl Pts',(-5.90628587442791,-3.6083028699357,10.));
#3741=CARTESIAN_POINT('Ctrl Pts',(-6.2549380962628,-3.89094155760001,10.));
#3742=CARTESIAN_POINT('Ctrl Pts',(-6.77933998795961,-3.8815045997494,10.));
#3743=CARTESIAN_POINT('Ctrl Pts',(-7.1457616488913,-3.71829135068147,10.));
#3744=CARTESIAN_POINT('',(-5.90628587442791,-3.6083028699357,9.6));
#3745=CARTESIAN_POINT('',(-5.90628587442791,-3.6083028699357,10.));
#3746=CARTESIAN_POINT('Ctrl Pts',(-5.90628587442791,-3.6083028699357,9.6));
#3747=CARTESIAN_POINT('Ctrl Pts',(-6.2549380962628,-3.89094155760001,9.6));
#3748=CARTESIAN_POINT('Ctrl Pts',(-6.77933998795961,-3.8815045997494,9.6));
#3749=CARTESIAN_POINT('Ctrl Pts',(-7.1457616488913,-3.71829135068147,9.6));
#3750=CARTESIAN_POINT('Ctrl Pts',(-5.49988331515838,-2.74567335815547,10.));
#3751=CARTESIAN_POINT('Ctrl Pts',(-5.49988331515838,-2.74567335815547,9.6));
#3752=CARTESIAN_POINT('Ctrl Pts',(-5.50036898598996,-3.02956188404371,10.));
#3753=CARTESIAN_POINT('Ctrl Pts',(-5.50036898598996,-3.02956188404371,9.6));
#3754=CARTESIAN_POINT('Ctrl Pts',(-5.67945008605257,-3.42434094783066,10.));
#3755=CARTESIAN_POINT('Ctrl Pts',(-5.67945008605257,-3.42434094783066,9.6));
#3756=CARTESIAN_POINT('Ctrl Pts',(-5.90628587442791,-3.6083028699357,10.));
#3757=CARTESIAN_POINT('Ctrl Pts',(-5.90628587442791,-3.6083028699357,9.6));
#3758=CARTESIAN_POINT('',(-5.49988331515838,-2.74567335815547,10.));
#3759=CARTESIAN_POINT('Ctrl Pts',(-5.49988331515838,-2.74567335815547,10.));
#3760=CARTESIAN_POINT('Ctrl Pts',(-5.50036898598996,-3.02956188404371,10.));
#3761=CARTESIAN_POINT('Ctrl Pts',(-5.67945008605257,-3.42434094783066,10.));
#3762=CARTESIAN_POINT('Ctrl Pts',(-5.90628587442791,-3.6083028699357,10.));
#3763=CARTESIAN_POINT('',(-5.49988331515838,-2.74567335815547,9.6));
#3764=CARTESIAN_POINT('',(-5.49988331515838,-2.74567335815547,10.));
#3765=CARTESIAN_POINT('Ctrl Pts',(-5.49988331515838,-2.74567335815547,9.6));
#3766=CARTESIAN_POINT('Ctrl Pts',(-5.50036898598996,-3.02956188404371,9.6));
#3767=CARTESIAN_POINT('Ctrl Pts',(-5.67945008605257,-3.42434094783066,9.6));
#3768=CARTESIAN_POINT('Ctrl Pts',(-5.90628587442791,-3.6083028699357,9.6));
#3769=CARTESIAN_POINT('Origin',(-5.49349725316799,1.25325841827966,10.));
#3770=CARTESIAN_POINT('',(-5.49489144587751,0.380219362763319,10.));
#3771=CARTESIAN_POINT('',(-5.49349725316799,1.25325841827966,9.6));
#3772=CARTESIAN_POINT('Origin',(-6.59772548990959,-0.112507183104361,9.6));
#3773=CARTESIAN_POINT('Ctrl Pts',(0.277808372310466,1.59751192278921,10.));
#3774=CARTESIAN_POINT('Ctrl Pts',(0.277808372310466,1.59751192278921,9.6));
#3775=CARTESIAN_POINT('Ctrl Pts',(1.48729855792797,1.25276561521908,10.));
#3776=CARTESIAN_POINT('Ctrl Pts',(1.48729855792797,1.25276561521908,9.6));
#3777=CARTESIAN_POINT('Ctrl Pts',(1.61668058820175,-0.165565405388728,10.));
#3778=CARTESIAN_POINT('Ctrl Pts',(1.61668058820175,-0.165565405388728,9.6));
#3779=CARTESIAN_POINT('Ctrl Pts',(1.6066859579697,-1.37155298730964,10.));
#3780=CARTESIAN_POINT('Ctrl Pts',(1.6066859579697,-1.37155298730964,9.6));
#3781=CARTESIAN_POINT('',(0.277808372310466,1.59751192278921,10.));
#3782=CARTESIAN_POINT('',(1.6066859579697,-1.37155298730964,10.));
#3783=CARTESIAN_POINT('Ctrl Pts',(0.277808372310466,1.59751192278921,10.));
#3784=CARTESIAN_POINT('Ctrl Pts',(1.48729855792797,1.25276561521908,10.));
#3785=CARTESIAN_POINT('Ctrl Pts',(1.61668058820175,-0.165565405388728,10.));
#3786=CARTESIAN_POINT('Ctrl Pts',(1.6066859579697,-1.37155298730964,10.));
#3787=CARTESIAN_POINT('',(0.277808372310466,1.59751192278921,9.6));
#3788=CARTESIAN_POINT('',(0.277808372310466,1.59751192278921,10.));
#3789=CARTESIAN_POINT('',(1.6066859579697,-1.37155298730964,9.6));
#3790=CARTESIAN_POINT('Ctrl Pts',(0.277808372310466,1.59751192278921,9.6));
#3791=CARTESIAN_POINT('Ctrl Pts',(1.48729855792797,1.25276561521908,9.6));
#3792=CARTESIAN_POINT('Ctrl Pts',(1.61668058820175,-0.165565405388728,9.6));
#3793=CARTESIAN_POINT('Ctrl Pts',(1.6066859579697,-1.37155298730964,9.6));
#3794=CARTESIAN_POINT('',(1.6066859579697,-1.37155298730964,10.));
#3795=CARTESIAN_POINT('Ctrl Pts',(-1.33253142285881,1.24270356844154,10.));
#3796=CARTESIAN_POINT('Ctrl Pts',(-1.33253142285881,1.24270356844154,9.6));
#3797=CARTESIAN_POINT('Ctrl Pts',(-0.816528919508774,1.61173766296521,10.));
#3798=CARTESIAN_POINT('Ctrl Pts',(-0.816528919508774,1.61173766296521,9.6));
#3799=CARTESIAN_POINT('Ctrl Pts',(-0.321557661316039,1.76835852484682,10.));
#3800=CARTESIAN_POINT('Ctrl Pts',(-0.321557661316039,1.76835852484682,9.6));
#3801=CARTESIAN_POINT('Ctrl Pts',(0.277808372310466,1.59751192278921,10.));
#3802=CARTESIAN_POINT('Ctrl Pts',(0.277808372310466,1.59751192278921,9.6));
#3803=CARTESIAN_POINT('',(-1.33253142285881,1.24270356844154,10.));
#3804=CARTESIAN_POINT('Ctrl Pts',(-1.33253142285881,1.24270356844154,10.));
#3805=CARTESIAN_POINT('Ctrl Pts',(-0.816528919508774,1.61173766296521,10.));
#3806=CARTESIAN_POINT('Ctrl Pts',(-0.321557661316039,1.76835852484682,10.));
#3807=CARTESIAN_POINT('Ctrl Pts',(0.277808372310466,1.59751192278921,10.));
#3808=CARTESIAN_POINT('',(-1.33253142285881,1.24270356844154,9.6));
#3809=CARTESIAN_POINT('',(-1.33253142285881,1.24270356844154,10.));
#3810=CARTESIAN_POINT('Ctrl Pts',(-1.33253142285881,1.24270356844154,9.6));
#3811=CARTESIAN_POINT('Ctrl Pts',(-0.816528919508774,1.61173766296521,9.6));
#3812=CARTESIAN_POINT('Ctrl Pts',(-0.321557661316039,1.76835852484682,9.6));
#3813=CARTESIAN_POINT('Ctrl Pts',(0.277808372310466,1.59751192278921,9.6));
#3814=CARTESIAN_POINT('Origin',(-1.39083705526522,2.78288957050848,10.));
#3815=CARTESIAN_POINT('',(-1.39083705526522,2.78288957050848,10.));
#3816=CARTESIAN_POINT('',(-1.32850741838851,1.13640654186586,10.));
#3817=CARTESIAN_POINT('',(-1.39083705526522,2.78288957050848,9.6));
#3818=CARTESIAN_POINT('',(-1.39083705526522,2.78288957050848,10.));
#3819=CARTESIAN_POINT('',(-1.39083705526522,2.78288957050848,9.6));
#3820=CARTESIAN_POINT('Ctrl Pts',(-2.39535580993732,3.84037519762125,10.));
#3821=CARTESIAN_POINT('Ctrl Pts',(-2.39535580993732,3.84037519762125,9.6));
#3822=CARTESIAN_POINT('Ctrl Pts',(-1.78891052958808,3.85945836782673,10.));
#3823=CARTESIAN_POINT('Ctrl Pts',(-1.78891052958808,3.85945836782673,9.6));
#3824=CARTESIAN_POINT('Ctrl Pts',(-1.41485364770197,3.41832468713763,10.));
#3825=CARTESIAN_POINT('Ctrl Pts',(-1.41485364770197,3.41832468713763,9.6));
#3826=CARTESIAN_POINT('Ctrl Pts',(-1.39083705526522,2.78288957050848,10.));
#3827=CARTESIAN_POINT('Ctrl Pts',(-1.39083705526522,2.78288957050848,9.6));
#3828=CARTESIAN_POINT('',(-2.39535580993732,3.84037519762125,10.));
#3829=CARTESIAN_POINT('Ctrl Pts',(-2.39535580993732,3.84037519762125,10.));
#3830=CARTESIAN_POINT('Ctrl Pts',(-1.78891052958808,3.85945836782673,10.));
#3831=CARTESIAN_POINT('Ctrl Pts',(-1.41485364770197,3.41832468713763,10.));
#3832=CARTESIAN_POINT('Ctrl Pts',(-1.39083705526522,2.78288957050848,10.));
#3833=CARTESIAN_POINT('',(-2.39535580993732,3.84037519762125,9.6));
#3834=CARTESIAN_POINT('',(-2.39535580993732,3.84037519762125,10.));
#3835=CARTESIAN_POINT('Ctrl Pts',(-2.39535580993732,3.84037519762125,9.6));
#3836=CARTESIAN_POINT('Ctrl Pts',(-1.78891052958808,3.85945836782673,9.6));
#3837=CARTESIAN_POINT('Ctrl Pts',(-1.41485364770197,3.41832468713763,9.6));
#3838=CARTESIAN_POINT('Ctrl Pts',(-1.39083705526522,2.78288957050848,9.6));
#3839=CARTESIAN_POINT('Ctrl Pts',(-3.38231365830325,2.81897414912769,10.));
#3840=CARTESIAN_POINT('Ctrl Pts',(-3.38231365830325,2.81897414912769,9.6));
#3841=CARTESIAN_POINT('Ctrl Pts',(-3.38182798747166,3.4440696564009,10.));
#3842=CARTESIAN_POINT('Ctrl Pts',(-3.38182798747166,3.4440696564009,9.6));
#3843=CARTESIAN_POINT('Ctrl Pts',(-2.91656484045391,3.82399835807609,10.));
#3844=CARTESIAN_POINT('Ctrl Pts',(-2.91656484045391,3.82399835807609,9.6));
#3845=CARTESIAN_POINT('Ctrl Pts',(-2.39535580993732,3.84037519762125,10.));
#3846=CARTESIAN_POINT('Ctrl Pts',(-2.39535580993732,3.84037519762125,9.6));
#3847=CARTESIAN_POINT('',(-3.38231365830325,2.81897414912769,10.));
#3848=CARTESIAN_POINT('Ctrl Pts',(-3.38231365830325,2.81897414912769,10.));
#3849=CARTESIAN_POINT('Ctrl Pts',(-3.38182798747166,3.4440696564009,10.));
#3850=CARTESIAN_POINT('Ctrl Pts',(-2.91656484045391,3.82399835807609,10.));
#3851=CARTESIAN_POINT('Ctrl Pts',(-2.39535580993732,3.84037519762125,10.));
#3852=CARTESIAN_POINT('',(-3.38231365830325,2.81897414912769,9.6));
#3853=CARTESIAN_POINT('',(-3.38231365830325,2.81897414912769,10.));
#3854=CARTESIAN_POINT('Ctrl Pts',(-3.38231365830325,2.81897414912769,9.6));
#3855=CARTESIAN_POINT('Ctrl Pts',(-3.38182798747166,3.4440696564009,9.6));
#3856=CARTESIAN_POINT('Ctrl Pts',(-2.91656484045391,3.82399835807609,9.6));
#3857=CARTESIAN_POINT('Ctrl Pts',(-2.39535580993732,3.84037519762125,9.6));
#3858=CARTESIAN_POINT('Origin',(-3.38689526635783,-2.73617390839367,10.));
#3859=CARTESIAN_POINT('',(-3.38689526635783,-2.73617390839367,10.));
#3860=CARTESIAN_POINT('',(-3.38597231303376,-1.61710341953278,10.));
#3861=CARTESIAN_POINT('',(-3.38689526635783,-2.73617390839367,9.6));
#3862=CARTESIAN_POINT('',(-3.38689526635783,-2.73617390839367,10.));
#3863=CARTESIAN_POINT('',(-3.38689526635783,-2.73617390839367,9.6));
#3864=CARTESIAN_POINT('Ctrl Pts',(-2.92808712621075,-3.66430988682591,10.));
#3865=CARTESIAN_POINT('Ctrl Pts',(-2.92808712621075,-3.66430988682591,9.6));
#3866=CARTESIAN_POINT('Ctrl Pts',(-3.20288579605949,-3.49283887510127,10.));
#3867=CARTESIAN_POINT('Ctrl Pts',(-3.20288579605949,-3.49283887510127,9.6));
#3868=CARTESIAN_POINT('Ctrl Pts',(-3.38717240439879,-3.09028771948918,10.));
#3869=CARTESIAN_POINT('Ctrl Pts',(-3.38717240439879,-3.09028771948918,9.6));
#3870=CARTESIAN_POINT('Ctrl Pts',(-3.38689526635783,-2.73617390839367,10.));
#3871=CARTESIAN_POINT('Ctrl Pts',(-3.38689526635783,-2.73617390839367,9.6));
#3872=CARTESIAN_POINT('',(-2.92808712621075,-3.66430988682591,10.));
#3873=CARTESIAN_POINT('Ctrl Pts',(-2.92808712621075,-3.66430988682591,10.));
#3874=CARTESIAN_POINT('Ctrl Pts',(-3.20288579605949,-3.49283887510127,10.));
#3875=CARTESIAN_POINT('Ctrl Pts',(-3.38717240439879,-3.09028771948918,10.));
#3876=CARTESIAN_POINT('Ctrl Pts',(-3.38689526635783,-2.73617390839367,10.));
#3877=CARTESIAN_POINT('',(-2.92808712621075,-3.66430988682591,9.6));
#3878=CARTESIAN_POINT('',(-2.92808712621075,-3.66430988682591,10.));
#3879=CARTESIAN_POINT('Ctrl Pts',(-2.92808712621075,-3.66430988682591,9.6));
#3880=CARTESIAN_POINT('Ctrl Pts',(-3.20288579605949,-3.49283887510127,9.6));
#3881=CARTESIAN_POINT('Ctrl Pts',(-3.38717240439879,-3.09028771948918,9.6));
#3882=CARTESIAN_POINT('Ctrl Pts',(-3.38689526635783,-2.73617390839367,9.6));
#3883=CARTESIAN_POINT('Ctrl Pts',(-1.76010447556602,-3.62898905106161,10.));
#3884=CARTESIAN_POINT('Ctrl Pts',(-1.76010447556602,-3.62898905106161,9.6));
#3885=CARTESIAN_POINT('Ctrl Pts',(-2.09050192710249,-3.87255942606952,10.));
#3886=CARTESIAN_POINT('Ctrl Pts',(-2.09050192710249,-3.87255942606952,9.6));
#3887=CARTESIAN_POINT('Ctrl Pts',(-2.57839325931259,-3.88248273401161,10.));
#3888=CARTESIAN_POINT('Ctrl Pts',(-2.57839325931259,-3.88248273401161,9.6));
#3889=CARTESIAN_POINT('Ctrl Pts',(-2.92808712621075,-3.66430988682591,10.));
#3890=CARTESIAN_POINT('Ctrl Pts',(-2.92808712621075,-3.66430988682591,9.6));
#3891=CARTESIAN_POINT('',(-1.76010447556602,-3.62898905106161,10.));
#3892=CARTESIAN_POINT('Ctrl Pts',(-1.76010447556602,-3.62898905106161,10.));
#3893=CARTESIAN_POINT('Ctrl Pts',(-2.09050192710249,-3.87255942606952,10.));
#3894=CARTESIAN_POINT('Ctrl Pts',(-2.57839325931259,-3.88248273401161,10.));
#3895=CARTESIAN_POINT('Ctrl Pts',(-2.92808712621075,-3.66430988682591,10.));
#3896=CARTESIAN_POINT('',(-1.76010447556602,-3.62898905106161,9.6));
#3897=CARTESIAN_POINT('',(-1.76010447556602,-3.62898905106161,10.));
#3898=CARTESIAN_POINT('Ctrl Pts',(-1.76010447556602,-3.62898905106161,9.6));
#3899=CARTESIAN_POINT('Ctrl Pts',(-2.09050192710249,-3.87255942606952,9.6));
#3900=CARTESIAN_POINT('Ctrl Pts',(-2.57839325931259,-3.88248273401161,9.6));
#3901=CARTESIAN_POINT('Ctrl Pts',(-2.92808712621075,-3.66430988682591,9.6));
#3902=CARTESIAN_POINT('Ctrl Pts',(-1.34683052310448,-2.73409197678695,10.));
#3903=CARTESIAN_POINT('Ctrl Pts',(-1.34683052310448,-2.73409197678695,9.6));
#3904=CARTESIAN_POINT('Ctrl Pts',(-1.35606234446398,-3.05510545274536,10.));
#3905=CARTESIAN_POINT('Ctrl Pts',(-1.35606234446398,-3.05510545274536,9.6));
#3906=CARTESIAN_POINT('Ctrl Pts',(-1.50779474262923,-3.44301448186009,10.));
#3907=CARTESIAN_POINT('Ctrl Pts',(-1.50779474262923,-3.44301448186009,9.6));
#3908=CARTESIAN_POINT('Ctrl Pts',(-1.76010447556602,-3.62898905106161,10.));
#3909=CARTESIAN_POINT('Ctrl Pts',(-1.76010447556602,-3.62898905106161,9.6));
#3910=CARTESIAN_POINT('',(-1.34683052310448,-2.73409197678695,10.));
#3911=CARTESIAN_POINT('Ctrl Pts',(-1.34683052310448,-2.73409197678695,10.));
#3912=CARTESIAN_POINT('Ctrl Pts',(-1.35606234446398,-3.05510545274536,10.));
#3913=CARTESIAN_POINT('Ctrl Pts',(-1.50779474262923,-3.44301448186009,10.));
#3914=CARTESIAN_POINT('Ctrl Pts',(-1.76010447556602,-3.62898905106161,10.));
#3915=CARTESIAN_POINT('',(-1.34683052310448,-2.73409197678695,9.6));
#3916=CARTESIAN_POINT('',(-1.34683052310448,-2.73409197678695,10.));
#3917=CARTESIAN_POINT('Ctrl Pts',(-1.34683052310448,-2.73409197678695,9.6));
#3918=CARTESIAN_POINT('Ctrl Pts',(-1.35606234446398,-3.05510545274536,9.6));
#3919=CARTESIAN_POINT('Ctrl Pts',(-1.50779474262923,-3.44301448186009,9.6));
#3920=CARTESIAN_POINT('Ctrl Pts',(-1.76010447556602,-3.62898905106161,9.6));
#3921=CARTESIAN_POINT('Origin',(-1.29289796596203,-0.860887089397833,10.));
#3922=CARTESIAN_POINT('',(-1.29289796596203,-0.860887089397833,10.));
#3923=CARTESIAN_POINT('',(-1.28758571230448,-0.676379993097925,10.));
#3924=CARTESIAN_POINT('',(-1.29289796596203,-0.860887089397833,9.6));
#3925=CARTESIAN_POINT('',(-1.29289796596203,-0.860887089397833,10.));
#3926=CARTESIAN_POINT('',(-1.29289796596203,-0.860887089397833,9.6));
#3927=CARTESIAN_POINT('Ctrl Pts',(-0.871849883895637,-0.448204772312942,
10.));
#3928=CARTESIAN_POINT('Ctrl Pts',(-0.871849883895637,-0.448204772312942,
9.6));
#3929=CARTESIAN_POINT('Ctrl Pts',(-1.04683538636519,-0.430162270734613,
10.));
#3930=CARTESIAN_POINT('Ctrl Pts',(-1.04683538636519,-0.430162270734613,
9.6));
#3931=CARTESIAN_POINT('Ctrl Pts',(-1.28595660899987,-0.619745068547831,
10.));
#3932=CARTESIAN_POINT('Ctrl Pts',(-1.28595660899987,-0.619745068547831,
9.6));
#3933=CARTESIAN_POINT('Ctrl Pts',(-1.29289796596203,-0.860887089397833,
10.));
#3934=CARTESIAN_POINT('Ctrl Pts',(-1.29289796596203,-0.860887089397833,
9.6));
#3935=CARTESIAN_POINT('',(-0.871849883895637,-0.448204772312942,10.));
#3936=CARTESIAN_POINT('Ctrl Pts',(-0.871849883895637,-0.448204772312942,
10.));
#3937=CARTESIAN_POINT('Ctrl Pts',(-1.04683538636519,-0.430162270734613,
10.));
#3938=CARTESIAN_POINT('Ctrl Pts',(-1.28595660899987,-0.619745068547831,
10.));
#3939=CARTESIAN_POINT('Ctrl Pts',(-1.29289796596203,-0.860887089397833,
10.));
#3940=CARTESIAN_POINT('',(-0.871849883895637,-0.448204772312942,9.6));
#3941=CARTESIAN_POINT('',(-0.871849883895637,-0.448204772312942,10.));
#3942=CARTESIAN_POINT('Ctrl Pts',(-0.871849883895637,-0.448204772312942,
9.6));
#3943=CARTESIAN_POINT('Ctrl Pts',(-1.04683538636519,-0.430162270734613,
9.6));
#3944=CARTESIAN_POINT('Ctrl Pts',(-1.28595660899987,-0.619745068547831,
9.6));
#3945=CARTESIAN_POINT('Ctrl Pts',(-1.29289796596203,-0.860887089397833,
9.6));
#3946=CARTESIAN_POINT('Ctrl Pts',(-0.354736111342147,-3.18528765118642,
10.));
#3947=CARTESIAN_POINT('Ctrl Pts',(-0.354736111342147,-3.18528765118642,
9.6));
#3948=CARTESIAN_POINT('Ctrl Pts',(-0.649733932965408,-1.69978359975136,
10.));
#3949=CARTESIAN_POINT('Ctrl Pts',(-0.649733932965408,-1.69978359975136,
9.6));
#3950=CARTESIAN_POINT('Ctrl Pts',(-0.183290232233957,-0.519055316262131,
10.));
#3951=CARTESIAN_POINT('Ctrl Pts',(-0.183290232233957,-0.519055316262131,
9.6));
#3952=CARTESIAN_POINT('Ctrl Pts',(-0.871849883895637,-0.448204772312942,
10.));
#3953=CARTESIAN_POINT('Ctrl Pts',(-0.871849883895637,-0.448204772312942,
9.6));
#3954=CARTESIAN_POINT('',(-0.354736111342147,-3.18528765118642,10.));
#3955=CARTESIAN_POINT('Ctrl Pts',(-0.354736111342147,-3.18528765118642,
10.));
#3956=CARTESIAN_POINT('Ctrl Pts',(-0.649733932965408,-1.69978359975136,
10.));
#3957=CARTESIAN_POINT('Ctrl Pts',(-0.183290232233957,-0.519055316262131,
10.));
#3958=CARTESIAN_POINT('Ctrl Pts',(-0.871849883895637,-0.448204772312942,
10.));
#3959=CARTESIAN_POINT('',(-0.354736111342147,-3.18528765118642,9.6));
#3960=CARTESIAN_POINT('',(-0.354736111342147,-3.18528765118642,10.));
#3961=CARTESIAN_POINT('Ctrl Pts',(-0.354736111342147,-3.18528765118642,
9.6));
#3962=CARTESIAN_POINT('Ctrl Pts',(-0.649733932965408,-1.69978359975136,
9.6));
#3963=CARTESIAN_POINT('Ctrl Pts',(-0.183290232233957,-0.519055316262131,
9.6));
#3964=CARTESIAN_POINT('Ctrl Pts',(-0.871849883895637,-0.448204772312942,
9.6));
#3965=CARTESIAN_POINT('Ctrl Pts',(0.643258351949039,-3.78998112024244,10.));
#3966=CARTESIAN_POINT('Ctrl Pts',(0.643258351949039,-3.78998112024244,9.6));
#3967=CARTESIAN_POINT('Ctrl Pts',(0.233107636527519,-3.82793952221519,10.));
#3968=CARTESIAN_POINT('Ctrl Pts',(0.233107636527519,-3.82793952221519,9.6));
#3969=CARTESIAN_POINT('Ctrl Pts',(-0.261863621665217,-3.65306813540955,
10.));
#3970=CARTESIAN_POINT('Ctrl Pts',(-0.261863621665217,-3.65306813540955,
9.6));
#3971=CARTESIAN_POINT('Ctrl Pts',(-0.354736111342147,-3.18528765118642,
10.));
#3972=CARTESIAN_POINT('Ctrl Pts',(-0.354736111342147,-3.18528765118642,
9.6));
#3973=CARTESIAN_POINT('',(0.643258351949039,-3.78998112024244,10.));
#3974=CARTESIAN_POINT('Ctrl Pts',(0.643258351949039,-3.78998112024244,10.));
#3975=CARTESIAN_POINT('Ctrl Pts',(0.233107636527519,-3.82793952221519,10.));
#3976=CARTESIAN_POINT('Ctrl Pts',(-0.261863621665217,-3.65306813540955,
10.));
#3977=CARTESIAN_POINT('Ctrl Pts',(-0.354736111342147,-3.18528765118642,
10.));
#3978=CARTESIAN_POINT('',(0.643258351949039,-3.78998112024244,9.6));
#3979=CARTESIAN_POINT('',(0.643258351949039,-3.78998112024244,10.));
#3980=CARTESIAN_POINT('Ctrl Pts',(0.643258351949039,-3.78998112024244,9.6));
#3981=CARTESIAN_POINT('Ctrl Pts',(0.233107636527519,-3.82793952221519,9.6));
#3982=CARTESIAN_POINT('Ctrl Pts',(-0.261863621665217,-3.65306813540955,
9.6));
#3983=CARTESIAN_POINT('Ctrl Pts',(-0.354736111342147,-3.18528765118642,
9.6));
#3984=CARTESIAN_POINT('Ctrl Pts',(1.6066859579697,-1.37155298730964,10.));
#3985=CARTESIAN_POINT('Ctrl Pts',(1.6066859579697,-1.37155298730964,9.6));
#3986=CARTESIAN_POINT('Ctrl Pts',(1.59793980744179,-2.42098916167417,10.));
#3987=CARTESIAN_POINT('Ctrl Pts',(1.59793980744179,-2.42098916167417,9.6));
#3988=CARTESIAN_POINT('Ctrl Pts',(1.66054855134201,-3.6958146404478,10.));
#3989=CARTESIAN_POINT('Ctrl Pts',(1.66054855134201,-3.6958146404478,9.6));
#3990=CARTESIAN_POINT('Ctrl Pts',(0.643258351949039,-3.78998112024244,10.));
#3991=CARTESIAN_POINT('Ctrl Pts',(0.643258351949039,-3.78998112024244,9.6));
#3992=CARTESIAN_POINT('Ctrl Pts',(1.6066859579697,-1.37155298730964,10.));
#3993=CARTESIAN_POINT('Ctrl Pts',(1.59793980744179,-2.42098916167417,10.));
#3994=CARTESIAN_POINT('Ctrl Pts',(1.66054855134201,-3.6958146404478,10.));
#3995=CARTESIAN_POINT('Ctrl Pts',(0.643258351949039,-3.78998112024244,10.));
#3996=CARTESIAN_POINT('Ctrl Pts',(1.6066859579697,-1.37155298730964,9.6));
#3997=CARTESIAN_POINT('Ctrl Pts',(1.59793980744179,-2.42098916167417,9.6));
#3998=CARTESIAN_POINT('Ctrl Pts',(1.66054855134201,-3.6958146404478,9.6));
#3999=CARTESIAN_POINT('Ctrl Pts',(0.643258351949039,-3.78998112024244,9.6));
#4000=CARTESIAN_POINT('Origin',(-0.863311926528391,-0.0115121830924436,
9.6));
#4001=CARTESIAN_POINT('Ctrl Pts',(8.22930632337232,-1.72429333487864,10.));
#4002=CARTESIAN_POINT('Ctrl Pts',(8.22930632337232,-1.72429333487864,9.6));
#4003=CARTESIAN_POINT('Ctrl Pts',(8.81666372115049,-1.71700691388509,10.));
#4004=CARTESIAN_POINT('Ctrl Pts',(8.81666372115049,-1.71700691388509,9.6));
#4005=CARTESIAN_POINT('Ctrl Pts',(9.25263582257452,-2.22510554898855,10.));
#4006=CARTESIAN_POINT('Ctrl Pts',(9.25263582257452,-2.22510554898855,9.6));
#4007=CARTESIAN_POINT('Ctrl Pts',(9.24687434006615,-2.82632935845335,10.));
#4008=CARTESIAN_POINT('Ctrl Pts',(9.24687434006615,-2.82632935845335,9.6));
#4009=CARTESIAN_POINT('',(8.22930632337232,-1.72429333487864,10.));
#4010=CARTESIAN_POINT('',(9.24687434006615,-2.82632935845335,10.));
#4011=CARTESIAN_POINT('Ctrl Pts',(8.22930632337232,-1.72429333487864,10.));
#4012=CARTESIAN_POINT('Ctrl Pts',(8.81666372115049,-1.71700691388509,10.));
#4013=CARTESIAN_POINT('Ctrl Pts',(9.25263582257452,-2.22510554898855,10.));
#4014=CARTESIAN_POINT('Ctrl Pts',(9.24687434006615,-2.82632935845335,10.));
#4015=CARTESIAN_POINT('',(8.22930632337232,-1.72429333487864,9.6));
#4016=CARTESIAN_POINT('',(8.22930632337232,-1.72429333487864,10.));
#4017=CARTESIAN_POINT('',(9.24687434006615,-2.82632935845335,9.6));
#4018=CARTESIAN_POINT('Ctrl Pts',(8.22930632337232,-1.72429333487864,9.6));
#4019=CARTESIAN_POINT('Ctrl Pts',(8.81666372115049,-1.71700691388509,9.6));
#4020=CARTESIAN_POINT('Ctrl Pts',(9.25263582257452,-2.22510554898855,9.6));
#4021=CARTESIAN_POINT('Ctrl Pts',(9.24687434006615,-2.82632935845335,9.6));
#4022=CARTESIAN_POINT('',(9.24687434006615,-2.82632935845335,10.));
#4023=CARTESIAN_POINT('Ctrl Pts',(7.207503800435,-2.75645049579728,10.));
#4024=CARTESIAN_POINT('Ctrl Pts',(7.207503800435,-2.75645049579728,9.6));
#4025=CARTESIAN_POINT('Ctrl Pts',(7.2245790359096,-2.1715336788553,10.));
#4026=CARTESIAN_POINT('Ctrl Pts',(7.2245790359096,-2.1715336788553,9.6));
#4027=CARTESIAN_POINT('Ctrl Pts',(7.68310935875582,-1.73109408504061,10.));
#4028=CARTESIAN_POINT('Ctrl Pts',(7.68310935875582,-1.73109408504061,9.6));
#4029=CARTESIAN_POINT('Ctrl Pts',(8.22930632337232,-1.72429333487864,10.));
#4030=CARTESIAN_POINT('Ctrl Pts',(8.22930632337232,-1.72429333487864,9.6));
#4031=CARTESIAN_POINT('',(7.207503800435,-2.75645049579728,10.));
#4032=CARTESIAN_POINT('Ctrl Pts',(7.207503800435,-2.75645049579728,10.));
#4033=CARTESIAN_POINT('Ctrl Pts',(7.2245790359096,-2.1715336788553,10.));
#4034=CARTESIAN_POINT('Ctrl Pts',(7.68310935875582,-1.73109408504061,10.));
#4035=CARTESIAN_POINT('Ctrl Pts',(8.22930632337232,-1.72429333487864,10.));
#4036=CARTESIAN_POINT('',(7.207503800435,-2.75645049579728,9.6));
#4037=CARTESIAN_POINT('',(7.207503800435,-2.75645049579728,10.));
#4038=CARTESIAN_POINT('Ctrl Pts',(7.207503800435,-2.75645049579728,9.6));
#4039=CARTESIAN_POINT('Ctrl Pts',(7.2245790359096,-2.1715336788553,9.6));
#4040=CARTESIAN_POINT('Ctrl Pts',(7.68310935875582,-1.73109408504061,9.6));
#4041=CARTESIAN_POINT('Ctrl Pts',(8.22930632337232,-1.72429333487864,9.6));
#4042=CARTESIAN_POINT('Ctrl Pts',(7.61786236938724,-3.78312535002822,10.));
#4043=CARTESIAN_POINT('Ctrl Pts',(7.61786236938724,-3.78312535002822,9.6));
#4044=CARTESIAN_POINT('Ctrl Pts',(7.27205522766156,-3.54448164710628,10.));
#4045=CARTESIAN_POINT('Ctrl Pts',(7.27205522766156,-3.54448164710628,9.6));
#4046=CARTESIAN_POINT('Ctrl Pts',(7.19632861648927,-3.13818301460211,10.));
#4047=CARTESIAN_POINT('Ctrl Pts',(7.19632861648927,-3.13818301460211,9.6));
#4048=CARTESIAN_POINT('Ctrl Pts',(7.207503800435,-2.75645049579728,10.));
#4049=CARTESIAN_POINT('Ctrl Pts',(7.207503800435,-2.75645049579728,9.6));
#4050=CARTESIAN_POINT('',(7.61786236938724,-3.78312535002822,10.));
#4051=CARTESIAN_POINT('Ctrl Pts',(7.61786236938724,-3.78312535002822,10.));
#4052=CARTESIAN_POINT('Ctrl Pts',(7.27205522766156,-3.54448164710628,10.));
#4053=CARTESIAN_POINT('Ctrl Pts',(7.19632861648927,-3.13818301460211,10.));
#4054=CARTESIAN_POINT('Ctrl Pts',(7.207503800435,-2.75645049579728,10.));
#4055=CARTESIAN_POINT('',(7.61786236938724,-3.78312535002822,9.6));
#4056=CARTESIAN_POINT('',(7.61786236938724,-3.78312535002822,10.));
#4057=CARTESIAN_POINT('Ctrl Pts',(7.61786236938724,-3.78312535002822,9.6));
#4058=CARTESIAN_POINT('Ctrl Pts',(7.27205522766156,-3.54448164710628,9.6));
#4059=CARTESIAN_POINT('Ctrl Pts',(7.19632861648927,-3.13818301460211,9.6));
#4060=CARTESIAN_POINT('Ctrl Pts',(7.207503800435,-2.75645049579728,9.6));
#4061=CARTESIAN_POINT('Ctrl Pts',(8.75912089761663,-3.79735109020422,10.));
#4062=CARTESIAN_POINT('Ctrl Pts',(8.75912089761663,-3.79735109020422,9.6));
#4063=CARTESIAN_POINT('Ctrl Pts',(8.42594799011114,-4.00455932401452,10.));
#4064=CARTESIAN_POINT('Ctrl Pts',(8.42594799011114,-4.00455932401452,9.6));
#4065=CARTESIAN_POINT('Ctrl Pts',(7.97081804234591,-4.02669640429604,10.));
#4066=CARTESIAN_POINT('Ctrl Pts',(7.97081804234591,-4.02669640429604,9.6));
#4067=CARTESIAN_POINT('Ctrl Pts',(7.61786236938724,-3.78312535002822,10.));
#4068=CARTESIAN_POINT('Ctrl Pts',(7.61786236938724,-3.78312535002822,9.6));
#4069=CARTESIAN_POINT('',(8.75912089761663,-3.79735109020422,10.));
#4070=CARTESIAN_POINT('Ctrl Pts',(8.75912089761663,-3.79735109020422,10.));
#4071=CARTESIAN_POINT('Ctrl Pts',(8.42594799011114,-4.00455932401452,10.));
#4072=CARTESIAN_POINT('Ctrl Pts',(7.97081804234591,-4.02669640429604,10.));
#4073=CARTESIAN_POINT('Ctrl Pts',(7.61786236938724,-3.78312535002822,10.));
#4074=CARTESIAN_POINT('',(8.75912089761663,-3.79735109020422,9.6));
#4075=CARTESIAN_POINT('',(8.75912089761663,-3.79735109020422,10.));
#4076=CARTESIAN_POINT('Ctrl Pts',(8.75912089761663,-3.79735109020422,9.6));
#4077=CARTESIAN_POINT('Ctrl Pts',(8.42594799011114,-4.00455932401452,9.6));
#4078=CARTESIAN_POINT('Ctrl Pts',(7.97081804234591,-4.02669640429604,9.6));
#4079=CARTESIAN_POINT('Ctrl Pts',(7.61786236938724,-3.78312535002822,9.6));
#4080=CARTESIAN_POINT('Ctrl Pts',(9.24687434006615,-2.82632935845335,10.));
#4081=CARTESIAN_POINT('Ctrl Pts',(9.24687434006615,-2.82632935845335,9.6));
#4082=CARTESIAN_POINT('Ctrl Pts',(9.24284768735339,-3.24872712994961,10.));
#4083=CARTESIAN_POINT('Ctrl Pts',(9.24284768735339,-3.24872712994961,9.6));
#4084=CARTESIAN_POINT('Ctrl Pts',(9.06911202310777,-3.60464573461088,10.));
#4085=CARTESIAN_POINT('Ctrl Pts',(9.06911202310777,-3.60464573461088,9.6));
#4086=CARTESIAN_POINT('Ctrl Pts',(8.75912089761663,-3.79735109020422,10.));
#4087=CARTESIAN_POINT('Ctrl Pts',(8.75912089761663,-3.79735109020422,9.6));
#4088=CARTESIAN_POINT('Ctrl Pts',(9.24687434006615,-2.82632935845335,10.));
#4089=CARTESIAN_POINT('Ctrl Pts',(9.24284768735339,-3.24872712994961,10.));
#4090=CARTESIAN_POINT('Ctrl Pts',(9.06911202310777,-3.60464573461088,10.));
#4091=CARTESIAN_POINT('Ctrl Pts',(8.75912089761663,-3.79735109020422,10.));
#4092=CARTESIAN_POINT('Ctrl Pts',(9.24687434006615,-2.82632935845335,9.6));
#4093=CARTESIAN_POINT('Ctrl Pts',(9.24284768735339,-3.24872712994961,9.6));
#4094=CARTESIAN_POINT('Ctrl Pts',(9.06911202310777,-3.60464573461088,9.6));
#4095=CARTESIAN_POINT('Ctrl Pts',(8.75912089761663,-3.79735109020422,9.6));
#4096=CARTESIAN_POINT('Origin',(8.22448221953189,-2.87185165909056,9.6));
#4097=CARTESIAN_POINT('Origin',(0.9,2.3,-0.01));
#4098=CARTESIAN_POINT('',(0.895161290322581,2.29516129032258,0.));
#4099=CARTESIAN_POINT('',(-0.895161290322581,2.29516129032258,0.));
#4100=CARTESIAN_POINT('',(0.45,2.29516129032258,0.));
#4101=CARTESIAN_POINT('',(0.75,2.15,0.3));
#4102=CARTESIAN_POINT('',(0.9,2.3,-0.01));
#4103=CARTESIAN_POINT('',(-0.75,2.15,0.3));
#4104=CARTESIAN_POINT('',(0.375,2.15,0.3));
#4105=CARTESIAN_POINT('',(-0.9,2.3,-0.01));
#4106=CARTESIAN_POINT('Origin',(-0.9,2.3,-0.01));
#4107=CARTESIAN_POINT('',(-0.895161290322581,0.895161290322581,0.));
#4108=CARTESIAN_POINT('',(-0.895161290322581,1.15,3.46944695195361E-17));
#4109=CARTESIAN_POINT('',(-0.75,0.75,0.3));
#4110=CARTESIAN_POINT('',(-0.75,1.075,0.3));
#4111=CARTESIAN_POINT('',(-0.9,0.9,-0.01));
#4112=CARTESIAN_POINT('Origin',(-0.9,0.9,-0.01));
#4113=CARTESIAN_POINT('',(-2.29516129032258,0.895161290322581,0.));
#4114=CARTESIAN_POINT('',(-0.45,0.895161290322581,0.));
#4115=CARTESIAN_POINT('',(-2.15,0.75,0.3));
#4116=CARTESIAN_POINT('',(-0.375,0.75,0.3));
#4117=CARTESIAN_POINT('',(-2.3,0.9,-0.01));
#4118=CARTESIAN_POINT('Origin',(-2.3,0.9,-0.01));
#4119=CARTESIAN_POINT('',(-2.29516129032258,-0.895161290322581,0.));
#4120=CARTESIAN_POINT('',(-2.29516129032258,0.45,0.));
#4121=CARTESIAN_POINT('',(-2.15,-0.75,0.3));
#4122=CARTESIAN_POINT('',(-2.15,0.375,0.3));
#4123=CARTESIAN_POINT('',(-2.3,-0.9,-0.01));
#4124=CARTESIAN_POINT('Origin',(-2.3,-0.9,-0.01));
#4125=CARTESIAN_POINT('',(-0.895161290322581,-0.895161290322581,0.));
#4126=CARTESIAN_POINT('',(-1.15,-0.895161290322581,3.46944695195361E-17));
#4127=CARTESIAN_POINT('',(-0.75,-0.75,0.3));
#4128=CARTESIAN_POINT('',(-1.075,-0.75,0.3));
#4129=CARTESIAN_POINT('',(-0.9,-0.9,-0.01));
#4130=CARTESIAN_POINT('Origin',(-0.9,-0.9,-0.01));
#4131=CARTESIAN_POINT('',(-0.895161290322581,-2.29516129032258,0.));
#4132=CARTESIAN_POINT('',(-0.895161290322581,-0.45,0.));
#4133=CARTESIAN_POINT('',(-0.75,-2.15,0.3));
#4134=CARTESIAN_POINT('',(-0.75,-0.375,0.3));
#4135=CARTESIAN_POINT('',(-0.9,-2.3,-0.01));
#4136=CARTESIAN_POINT('Origin',(-0.9,-2.3,-0.01));
#4137=CARTESIAN_POINT('',(0.895161290322581,-2.29516129032258,0.));
#4138=CARTESIAN_POINT('',(-0.45,-2.29516129032258,0.));
#4139=CARTESIAN_POINT('',(0.75,-2.15,0.3));
#4140=CARTESIAN_POINT('',(-0.375,-2.15,0.3));
#4141=CARTESIAN_POINT('',(0.9,-2.3,-0.01));
#4142=CARTESIAN_POINT('Origin',(0.9,-2.3,-0.01));
#4143=CARTESIAN_POINT('',(0.895161290322581,-0.895161290322581,0.));
#4144=CARTESIAN_POINT('',(0.895161290322581,-1.15,3.46944695195361E-17));
#4145=CARTESIAN_POINT('',(0.75,-0.75,0.3));
#4146=CARTESIAN_POINT('',(0.75,-1.075,0.3));
#4147=CARTESIAN_POINT('',(0.9,-0.9,-0.01));
#4148=CARTESIAN_POINT('Origin',(0.9,-0.9,-0.01));
#4149=CARTESIAN_POINT('',(2.29516129032258,-0.895161290322581,0.));
#4150=CARTESIAN_POINT('',(0.45,-0.895161290322581,0.));
#4151=CARTESIAN_POINT('',(2.15,-0.75,0.3));
#4152=CARTESIAN_POINT('',(0.375,-0.75,0.3));
#4153=CARTESIAN_POINT('',(2.3,-0.9,-0.01));
#4154=CARTESIAN_POINT('Origin',(2.3,-0.9,-0.01));
#4155=CARTESIAN_POINT('',(2.29516129032258,0.895161290322581,0.));
#4156=CARTESIAN_POINT('',(2.29516129032258,-0.45,0.));
#4157=CARTESIAN_POINT('',(2.15,0.75,0.3));
#4158=CARTESIAN_POINT('',(2.15,-0.375,0.3));
#4159=CARTESIAN_POINT('',(2.3,0.9,-0.01));
#4160=CARTESIAN_POINT('Origin',(2.3,0.9,-0.01));
#4161=CARTESIAN_POINT('',(0.895161290322581,0.895161290322581,0.));
#4162=CARTESIAN_POINT('',(1.15,0.895161290322581,3.46944695195361E-17));
#4163=CARTESIAN_POINT('',(0.75,0.75,0.3));
#4164=CARTESIAN_POINT('',(1.075,0.75,0.3));
#4165=CARTESIAN_POINT('',(0.9,0.9,-0.01));
#4166=CARTESIAN_POINT('Origin',(0.9,0.9,-0.01));
#4167=CARTESIAN_POINT('',(0.895161290322581,0.45,0.));
#4168=CARTESIAN_POINT('',(0.75,0.375,0.3));
#4169=CARTESIAN_POINT('Origin',(2.15,0.75,0.));
#4170=CARTESIAN_POINT('',(2.15,0.75,4.5));
#4171=CARTESIAN_POINT('',(2.15,0.75,0.));
#4172=CARTESIAN_POINT('',(0.75,0.75,4.5));
#4173=CARTESIAN_POINT('',(2.15,0.75,4.5));
#4174=CARTESIAN_POINT('',(0.75,0.75,0.));
#4175=CARTESIAN_POINT('Origin',(2.15,-0.75,0.));
#4176=CARTESIAN_POINT('',(2.15,-0.75,4.5));
#4177=CARTESIAN_POINT('',(2.15,-0.75,0.));
#4178=CARTESIAN_POINT('',(2.15,-0.75,4.5));
#4179=CARTESIAN_POINT('Origin',(0.75,-0.75,0.));
#4180=CARTESIAN_POINT('',(0.75,-0.75,4.5));
#4181=CARTESIAN_POINT('',(0.75,-0.75,0.));
#4182=CARTESIAN_POINT('',(0.75,-0.75,4.5));
#4183=CARTESIAN_POINT('Origin',(0.75,-2.15,0.));
#4184=CARTESIAN_POINT('',(0.75,-2.15,4.5));
#4185=CARTESIAN_POINT('',(0.75,-2.15,0.));
#4186=CARTESIAN_POINT('',(0.75,-2.15,4.5));
#4187=CARTESIAN_POINT('Origin',(-0.75,-2.15,0.));
#4188=CARTESIAN_POINT('',(-0.75,-2.15,4.5));
#4189=CARTESIAN_POINT('',(-0.75,-2.15,0.));
#4190=CARTESIAN_POINT('',(-0.75,-2.15,4.5));
#4191=CARTESIAN_POINT('Origin',(-0.75,-0.75,0.));
#4192=CARTESIAN_POINT('',(-0.75,-0.75,4.5));
#4193=CARTESIAN_POINT('',(-0.75,-0.75,0.));
#4194=CARTESIAN_POINT('',(-0.75,-0.75,4.5));
#4195=CARTESIAN_POINT('Origin',(-2.15,-0.75,0.));
#4196=CARTESIAN_POINT('',(-2.15,-0.75,4.5));
#4197=CARTESIAN_POINT('',(-2.15,-0.75,0.));
#4198=CARTESIAN_POINT('',(-2.15,-0.75,4.5));
#4199=CARTESIAN_POINT('Origin',(-2.15,0.75,0.));
#4200=CARTESIAN_POINT('',(-2.15,0.75,4.5));
#4201=CARTESIAN_POINT('',(-2.15,0.75,0.));
#4202=CARTESIAN_POINT('',(-2.15,0.75,4.5));
#4203=CARTESIAN_POINT('Origin',(-0.75,0.75,0.));
#4204=CARTESIAN_POINT('',(-0.75,0.75,4.5));
#4205=CARTESIAN_POINT('',(-0.75,0.75,0.));
#4206=CARTESIAN_POINT('',(-0.75,0.75,4.5));
#4207=CARTESIAN_POINT('Origin',(-0.75,2.15,0.));
#4208=CARTESIAN_POINT('',(-0.75,2.15,4.5));
#4209=CARTESIAN_POINT('',(-0.75,2.15,0.));
#4210=CARTESIAN_POINT('',(-0.75,2.15,4.5));
#4211=CARTESIAN_POINT('Origin',(0.75,2.15,0.));
#4212=CARTESIAN_POINT('',(0.75,2.15,4.5));
#4213=CARTESIAN_POINT('',(0.75,2.15,0.));
#4214=CARTESIAN_POINT('',(0.75,2.15,4.5));
#4215=CARTESIAN_POINT('Origin',(0.75,0.75,0.));
#4216=CARTESIAN_POINT('',(0.75,0.75,4.5));
#4217=CARTESIAN_POINT('Origin',(0.,0.,4.5));
#4218=CARTESIAN_POINT('Origin',(0.,0.,0.));
#4219=CARTESIAN_POINT('',(-3.5,-4.28626379701574E-16,8.4));
#4220=CARTESIAN_POINT('Origin',(0.,0.,8.4));
#4221=CARTESIAN_POINT('',(-3.5,-4.28626379701574E-16,0.));
#4222=CARTESIAN_POINT('',(-3.5,-4.28626379701574E-16,0.));
#4223=CARTESIAN_POINT('Origin',(0.,0.,0.));
#4224=CARTESIAN_POINT('Origin',(0.,0.,0.));
#4225=CARTESIAN_POINT('Origin',(-0.885454545454551,-0.494545454545458,8.4));
#4226=CARTESIAN_POINT('',(-9.74,-5.44,8.4));
#4227=CARTESIAN_POINT('Ctrl Pts',(-9.74,-5.44,8.4));
#4228=CARTESIAN_POINT('Ctrl Pts',(-9.74,-5.55822878004074,8.4));
#4229=CARTESIAN_POINT('Ctrl Pts',(-9.6948228517737,-5.76518141456275,8.4));
#4230=CARTESIAN_POINT('Ctrl Pts',(-9.50235559472692,-6.03311757692539,8.4));
#4231=CARTESIAN_POINT('Ctrl Pts',(-9.24668424805099,-6.20258718381129,8.4));
#4232=CARTESIAN_POINT('Ctrl Pts',(-9.03759578852098,-6.24012697341312,8.40000000000001));
#4233=CARTESIAN_POINT('Ctrl Pts',(-8.56696398733891,-6.24013887905891,8.4));
#4234=CARTESIAN_POINT('Ctrl Pts',(-7.82206665450861,-6.24009048502659,8.4));
#4235=CARTESIAN_POINT('Ctrl Pts',(-6.33221222768125,-6.24007498665072,8.4));
#4236=CARTESIAN_POINT('Ctrl Pts',(-3.72483545173737,-6.24002007520811,8.4));
#4237=CARTESIAN_POINT('Ctrl Pts',(-4.18544133164144E-5,-6.2400520262102,
8.40000000000001));
#4238=CARTESIAN_POINT('Ctrl Pts',(4.47008126070336,-6.23996233556389,8.4));
#4239=CARTESIAN_POINT('Ctrl Pts',(7.44966291720015,-6.24019921119258,8.40000000000004));
#4240=CARTESIAN_POINT('Ctrl Pts',(9.03818403062392,-6.24011306794085,8.40000000000004));
#4241=CARTESIAN_POINT('Ctrl Pts',(9.24645639973183,-6.20276847034624,8.40000000000004));
#4242=CARTESIAN_POINT('Ctrl Pts',(9.57384347825057,-5.98657159400318,8.40000000000004));
#4243=CARTESIAN_POINT('Ctrl Pts',(9.72472977083837,-5.68331988406532,8.40000000000004));
#4244=CARTESIAN_POINT('Ctrl Pts',(9.73979301614406,-5.48722988168997,8.40000000000004));
#4245=CARTESIAN_POINT('Ctrl Pts',(9.74035177045151,-4.98665750288738,8.40000000000004));
#4246=CARTESIAN_POINT('Ctrl Pts',(9.74009668280903,-4.0799969200703,8.40000000000003));
#4247=CARTESIAN_POINT('Ctrl Pts',(9.74011643986248,-0.453231017309005,8.40000000000001));
#4248=CARTESIAN_POINT('Ctrl Pts',(9.74010086637678,2.71965337776907,8.4));
#4249=CARTESIAN_POINT('Ctrl Pts',(9.7400931029059,5.53448038523186,8.4));
#4250=CARTESIAN_POINT('Ctrl Pts',(9.70550771957856,5.7372356204416,8.4));
#4251=CARTESIAN_POINT('Ctrl Pts',(9.49653500033756,6.06511392396261,8.4));
#4252=CARTESIAN_POINT('Ctrl Pts',(9.19188430130977,6.22340652629167,8.4));
#4253=CARTESIAN_POINT('Ctrl Pts',(8.9890672040853,6.23983539853049,8.4));
#4254=CARTESIAN_POINT('Ctrl Pts',(8.56751008914871,6.24029153109794,8.4));
#4255=CARTESIAN_POINT('Ctrl Pts',(7.07746196694067,6.23997212528056,8.4));
#4256=CARTESIAN_POINT('Ctrl Pts',(4.09752100175879,6.24014430253099,8.4));
#4257=CARTESIAN_POINT('Ctrl Pts',(-1.92382218900733E-5,6.23998959233145,
8.40000000000001));
#4258=CARTESIAN_POINT('Ctrl Pts',(-3.72498299046488,6.23999595383487,8.4));
#4259=CARTESIAN_POINT('Ctrl Pts',(-6.33250402931722,6.24013553026744,8.40000000000001));
#4260=CARTESIAN_POINT('Ctrl Pts',(-7.82247305677037,6.24000902408515,8.40000000000001));
#4261=CARTESIAN_POINT('Ctrl Pts',(-8.56751712470271,6.24028850331619,8.40000000000001));
#4262=CARTESIAN_POINT('Ctrl Pts',(-8.98907271593639,6.2398249302607,8.40000000000001));
#4263=CARTESIAN_POINT('Ctrl Pts',(-9.19189001721723,6.22339647068081,8.40000000000001));
#4264=CARTESIAN_POINT('Ctrl Pts',(-9.49654036653511,6.06510375190943,8.40000000000001));
#4265=CARTESIAN_POINT('Ctrl Pts',(-9.70551369198663,5.73722475346908,8.40000000000001));
#4266=CARTESIAN_POINT('Ctrl Pts',(-9.74009807372978,5.53447094205648,8.40000000000001));
#4267=CARTESIAN_POINT('Ctrl Pts',(-9.74015138334343,3.62630852667129,8.40000000000001));
#4268=CARTESIAN_POINT('Ctrl Pts',(-9.73995527495708,0.000119672852685093,
8.4));
#4269=CARTESIAN_POINT('Ctrl Pts',(-9.74,-3.62666666666667,8.4));
#4270=CARTESIAN_POINT('Ctrl Pts',(-9.74,-5.44,8.4));
#4271=CARTESIAN_POINT('Ctrl Pts',(-10.9851764705882,-6.68517647058824,-1.35308431126191E-15));
#4272=CARTESIAN_POINT('Ctrl Pts',(-10.6887058823529,-6.38870588235294,2.));
#4273=CARTESIAN_POINT('Ctrl Pts',(-10.2736470588235,-5.97364705882353,4.8));
#4274=CARTESIAN_POINT('Ctrl Pts',(-9.85858823529412,-5.55858823529412,7.6));
#4275=CARTESIAN_POINT('Ctrl Pts',(-9.74,-5.44,8.4));
#4276=CARTESIAN_POINT('Ctrl Pts',(-10.9851764705882,-6.815927094913,-1.35308431126191E-15));
#4277=CARTESIAN_POINT('Ctrl Pts',(-10.6888124871033,-6.51641178382702,2.));
#4278=CARTESIAN_POINT('Ctrl Pts',(-10.2735480462771,-6.09730116456354,4.8));
#4279=CARTESIAN_POINT('Ctrl Pts',(-9.85854559339396,-5.67803490447513,7.6));
#4280=CARTESIAN_POINT('Ctrl Pts',(-9.74,-5.55822878004074,8.4));
#4281=CARTESIAN_POINT('Ctrl Pts',(-10.9325020453104,-7.02502567355912,-1.35308431126191E-15));
#4282=CARTESIAN_POINT('Ctrl Pts',(-10.6378567664092,-6.7250430419228,2.));
#4283=CARTESIAN_POINT('Ctrl Pts',(-10.2252194145538,-6.30513297733286,4.8));
#4284=CARTESIAN_POINT('Ctrl Pts',(-9.81268096333416,-5.88517446721728,7.6));
#4285=CARTESIAN_POINT('Ctrl Pts',(-9.6948228517737,-5.76518141456275,8.4));
#4286=CARTESIAN_POINT('Ctrl Pts',(-10.7431754128787,-7.2803233592987,-1.35308431126191E-15));
#4287=CARTESIAN_POINT('Ctrl Pts',(-10.4478277291755,-6.98331766525424,2.));
#4288=CARTESIAN_POINT('Ctrl Pts',(-10.0340560071924,-6.56768257832109,4.8));
#4289=CARTESIAN_POINT('Ctrl Pts',(-9.6204946682082,-6.15191985454317,7.6));
#4290=CARTESIAN_POINT('Ctrl Pts',(-9.50235559472692,-6.03311757692539,8.4));
#4291=CARTESIAN_POINT('Ctrl Pts',(-10.4990367787795,-7.44351160819292,-1.35308431126191E-15));
#4292=CARTESIAN_POINT('Ctrl Pts',(-10.2009240951831,-7.14803296841522,2.));
#4293=CARTESIAN_POINT('Ctrl Pts',(-9.78334500616287,-6.73443092466399,4.8));
#4294=CARTESIAN_POINT('Ctrl Pts',(-9.36592932148955,-6.32077863972237,7.6));
#4295=CARTESIAN_POINT('Ctrl Pts',(-9.24668424805099,-6.20258718381129,8.4));
#4296=CARTESIAN_POINT('Ctrl Pts',(-10.2895648086795,-7.48513015326199,-1.35308431126191E-15));
#4297=CARTESIAN_POINT('Ctrl Pts',(-9.99156584970896,-7.18866521852678,2.));
#4298=CARTESIAN_POINT('Ctrl Pts',(-9.57407136855985,-6.77373283516538,4.80000000000001));
#4299=CARTESIAN_POINT('Ctrl Pts',(-9.15679537210922,-6.35871294730721,7.60000000000001));
#4300=CARTESIAN_POINT('Ctrl Pts',(-9.03759578852098,-6.24012697341312,8.40000000000001));
#4301=CARTESIAN_POINT('Ctrl Pts',(-9.78846669696911,-7.48513990550265,-1.35308431126191E-15));
#4302=CARTESIAN_POINT('Ctrl Pts',(-9.49772402348103,-7.18866638436635,2.));
#4303=CARTESIAN_POINT('Ctrl Pts',(-9.09038034619587,-6.77375226901667,4.8));
#4304=CARTESIAN_POINT('Ctrl Pts',(-8.68326105673414,-6.35872828751343,7.6));
#4305=CARTESIAN_POINT('Ctrl Pts',(-8.56696398733891,-6.24013887905891,8.4));
#4306=CARTESIAN_POINT('Ctrl Pts',(-8.98504380280058,-7.48514798470381,-1.35308431126191E-15));
#4307=CARTESIAN_POINT('Ctrl Pts',(-8.70820451329299,-7.18867862045827,2.));
#4308=CARTESIAN_POINT('Ctrl Pts',(-8.32042967617324,-6.77371172854765,4.8));
#4309=CARTESIAN_POINT('Ctrl Pts',(-7.93280237031165,-6.35867823072481,7.6));
#4310=CARTESIAN_POINT('Ctrl Pts',(-7.82206665450861,-6.24009048502659,8.4));
#4311=CARTESIAN_POINT('Ctrl Pts',(-7.34157447680143,-7.48515623000414,-1.35308431126191E-15));
#4312=CARTESIAN_POINT('Ctrl Pts',(-7.10129522496769,-7.18868513665189,2.));
#4313=CARTESIAN_POINT('Ctrl Pts',(-6.76475416699641,-6.77370276135455,4.8));
#4314=CARTESIAN_POINT('Ctrl Pts',(-6.42832392841475,-6.35866342399162,7.6));
#4315=CARTESIAN_POINT('Ctrl Pts',(-6.33221222768125,-6.24007498665072,8.4));
#4316=CARTESIAN_POINT('Ctrl Pts',(-4.38314175999899,-7.48516823208558,-1.35308431126191E-15));
#4317=CARTESIAN_POINT('Ctrl Pts',(-4.2264251887007,-7.18869797267414,2.));
#4318=CARTESIAN_POINT('Ctrl Pts',(-4.00694534066462,-6.77366095543042,4.8));
#4319=CARTESIAN_POINT('Ctrl Pts',(-3.78752208025668,-6.35860817897268,7.6));
#4320=CARTESIAN_POINT('Ctrl Pts',(-3.72483545173737,-6.24002007520811,8.4));
#4321=CARTESIAN_POINT('Ctrl Pts',(-1.38448615497968E-5,-7.48516898549917,
-1.35308431126191E-15));
#4322=CARTESIAN_POINT('Ctrl Pts',(-1.57967377960505E-5,-7.18869818177921,
2.));
#4323=CARTESIAN_POINT('Ctrl Pts',(-3.42314432528497E-5,-6.77368694056954,
4.80000000000001));
#4324=CARTESIAN_POINT('Ctrl Pts',(-4.10736628179129E-5,-6.35864034769818,
7.60000000000001));
#4325=CARTESIAN_POINT('Ctrl Pts',(-4.18544133164144E-5,-6.2400520262102,
8.40000000000001));
#4326=CARTESIAN_POINT('Ctrl Pts',(5.25987346817935,-7.48518621689971,-1.35308431126191E-15));
#4327=CARTESIAN_POINT('Ctrl Pts',(5.07181814296637,-7.18871576172001,2.));
#4328=CARTESIAN_POINT('Ctrl Pts',(4.80857251590882,-6.7736191053575,4.8));
#4329=CARTESIAN_POINT('Ctrl Pts',(4.54530339078855,-6.35855051763578,7.6));
#4330=CARTESIAN_POINT('Ctrl Pts',(4.47008126070336,-6.23996233556389,8.4));
#4331=CARTESIAN_POINT('Ctrl Pts',(8.59903233026099,-7.48515774316833,-1.35308431126192E-15));
#4332=CARTESIAN_POINT('Ctrl Pts',(8.32542156788021,-7.18868707463461,2.));
#4333=CARTESIAN_POINT('Ctrl Pts',(7.94220464958178,-6.77380113695367,4.80000000000003));
#4334=CARTESIAN_POINT('Ctrl Pts',(7.55910722215247,-6.35878747860606,7.60000000000004));
#4335=CARTESIAN_POINT('Ctrl Pts',(7.44966291720015,-6.24019921119258,8.40000000000004));
#4336=CARTESIAN_POINT('Ctrl Pts',(10.2897990298208,-7.48520915979636,-1.35308431126192E-15));
#4337=CARTESIAN_POINT('Ctrl Pts',(9.99182727477602,-7.18873901785585,2.));
#4338=CARTESIAN_POINT('Ctrl Pts',(9.57456090855218,-6.77374303905892,4.80000000000003));
#4339=CARTESIAN_POINT('Ctrl Pts',(9.15737273264182,-6.35870112471705,7.60000000000004));
#4340=CARTESIAN_POINT('Ctrl Pts',(9.03818403062392,-6.24011306794085,8.40000000000004));
#4341=CARTESIAN_POINT('Ctrl Pts',(10.4990130324655,-7.44354694503829,-1.35308431126192E-15));
#4342=CARTESIAN_POINT('Ctrl Pts',(10.2007945708134,-7.1480927863136,2.));
#4343=CARTESIAN_POINT('Ctrl Pts',(9.78325774004551,-6.73455919887385,4.80000000000003));
#4344=CARTESIAN_POINT('Ctrl Pts',(9.36574378439267,-6.32095013383611,7.60000000000004));
#4345=CARTESIAN_POINT('Ctrl Pts',(9.24645639973183,-6.20276847034624,8.40000000000004));
#4346=CARTESIAN_POINT('Ctrl Pts',(10.8103957753563,-7.23600131937504,-1.35308431126192E-15));
#4347=CARTESIAN_POINT('Ctrl Pts',(10.5159716008872,-6.93854323047371,2.));
#4348=CARTESIAN_POINT('Ctrl Pts',(10.1038009278558,-6.52201809046858,4.80000000000003));
#4349=CARTESIAN_POINT('Ctrl Pts',(9.69161314803822,-6.10555482956371,7.60000000000004));
#4350=CARTESIAN_POINT('Ctrl Pts',(9.57384347825057,-5.98657159400318,8.40000000000004));
#4351=CARTESIAN_POINT('Ctrl Pts',(10.9651477836035,-6.94700723105925,-1.35308431126192E-15));
#4352=CARTESIAN_POINT('Ctrl Pts',(10.6698399649152,-6.64612425708904,2.));
#4353=CARTESIAN_POINT('Ctrl Pts',(10.2563098097423,-6.22490485131628,4.80000000000003));
#4354=CARTESIAN_POINT('Ctrl Pts',(9.84285289831372,-5.80367307365341,7.60000000000004));
#4355=CARTESIAN_POINT('Ctrl Pts',(9.72472977083837,-5.68331988406532,8.40000000000004));
#4356=CARTESIAN_POINT('Ctrl Pts',(10.9851033953271,-6.73743225787294,-1.35308431126192E-15));
#4357=CARTESIAN_POINT('Ctrl Pts',(10.6885908293504,-6.43977534217596,2.));
#4358=CARTESIAN_POINT('Ctrl Pts',(10.273506840178,-6.02302131806587,4.80000000000003));
#4359=CARTESIAN_POINT('Ctrl Pts',(9.85839804253472,-5.60629264796877,7.60000000000004));
#4360=CARTESIAN_POINT('Ctrl Pts',(9.73979301614406,-5.48722988168997,8.40000000000004));
#4361=CARTESIAN_POINT('Ctrl Pts',(10.9852944895681,-6.18387675645871,-1.35308431126192E-15));
#4362=CARTESIAN_POINT('Ctrl Pts',(10.6888397260518,-5.89883460865065,2.));
#4363=CARTESIAN_POINT('Ctrl Pts',(10.2739356438152,-5.49974212941011,4.80000000000003));
#4364=CARTESIAN_POINT('Ctrl Pts',(9.85893367585802,-5.1006743620106,7.60000000000004));
#4365=CARTESIAN_POINT('Ctrl Pts',(9.74035177045151,-4.98665750288738,8.40000000000004));
#4366=CARTESIAN_POINT('Ctrl Pts',(10.985202943325,-5.13933659031378,-1.35308431126191E-15));
#4367=CARTESIAN_POINT('Ctrl Pts',(10.6887258141888,-4.88711919481041,2.));
#4368=CARTESIAN_POINT('Ctrl Pts',(10.2737352528218,-4.53399375158568,4.80000000000002));
#4369=CARTESIAN_POINT('Ctrl Pts',(9.85868753446348,-4.18088387827165,7.60000000000003));
#4370=CARTESIAN_POINT('Ctrl Pts',(9.74009668280903,-4.0799969200703,8.40000000000003));
#4371=CARTESIAN_POINT('Ctrl Pts',(10.9852445274015,-0.710395815794134,-1.35308431126191E-15));
#4372=CARTESIAN_POINT('Ctrl Pts',(10.6887824698376,-0.649180667880634,2.));
#4373=CARTESIAN_POINT('Ctrl Pts',(10.2737455393171,-0.56343097372841,4.80000000000001));
#4374=CARTESIAN_POINT('Ctrl Pts',(9.85870126288806,-0.477717076474405,7.60000000000001));
#4375=CARTESIAN_POINT('Ctrl Pts',(9.74011643986248,-0.453231017309005,8.40000000000001));
#4376=CARTESIAN_POINT('Ctrl Pts',(10.9851281915115,3.67697921132088,-1.35308431126191E-15));
#4377=CARTESIAN_POINT('Ctrl Pts',(10.6886515536627,3.44909140653498,2.));
#4378=CARTESIAN_POINT('Ctrl Pts',(10.2737226062944,3.12989230175587,4.8));
#4379=CARTESIAN_POINT('Ctrl Pts',(9.8586915215163,2.81080849968343,7.6));
#4380=CARTESIAN_POINT('Ctrl Pts',(9.74010086637678,2.71965337776907,8.4));
#4381=CARTESIAN_POINT('Ctrl Pts',(10.9852123860775,6.78976525686475,-1.35308431126191E-15));
#4382=CARTESIAN_POINT('Ctrl Pts',(10.6887440082249,6.49091618247214,2.));
#4383=CARTESIAN_POINT('Ctrl Pts',(10.2737262462136,6.07243335370252,4.8));
#4384=CARTESIAN_POINT('Ctrl Pts',(9.85868045404693,5.6540200149889,7.6));
#4385=CARTESIAN_POINT('Ctrl Pts',(9.7400931029059,5.53448038523186,8.4));
#4386=CARTESIAN_POINT('Ctrl Pts',(10.9435829166301,6.99891551196474,-1.35308431126191E-15));
#4387=CARTESIAN_POINT('Ctrl Pts',(10.6487756564761,6.69852502415957,2.));
#4388=CARTESIAN_POINT('Ctrl Pts',(10.2361368717541,6.27794676318698,4.8));
#4389=CARTESIAN_POINT('Ctrl Pts',(9.82343062364016,5.85739181556366,7.6));
#4390=CARTESIAN_POINT('Ctrl Pts',(9.70550771957856,5.7372356204416,8.4));
#4391=CARTESIAN_POINT('Ctrl Pts',(10.7361221756163,7.31030348781767,-1.35308431126191E-15));
#4392=CARTESIAN_POINT('Ctrl Pts',(10.4410075246611,7.01381209374263,2.));
#4393=CARTESIAN_POINT('Ctrl Pts',(10.027763285533,6.59878302284488,4.8));
#4394=CARTESIAN_POINT('Ctrl Pts',(9.61458086071961,6.18371048159263,7.6));
#4395=CARTESIAN_POINT('Ctrl Pts',(9.49653500033756,6.06511392396261,8.4));
#4396=CARTESIAN_POINT('Ctrl Pts',(10.4471118634017,7.46514320529178,-1.35308431126191E-15));
#4397=CARTESIAN_POINT('Ctrl Pts',(10.148249793701,7.1695167741696,2.));
#4398=CARTESIAN_POINT('Ctrl Pts',(9.72983745170009,6.75555602139261,4.8));
#4399=CARTESIAN_POINT('Ctrl Pts',(9.31142912919004,6.34165709874055,7.6));
#4400=CARTESIAN_POINT('Ctrl Pts',(9.19188430130977,6.22340652629167,8.4));
#4401=CARTESIAN_POINT('Ctrl Pts',(10.2374577452593,7.48511485059284,-1.35308431126191E-15));
#4402=CARTESIAN_POINT('Ctrl Pts',(9.9402315476986,7.18860101038459,2.));
#4403=CARTESIAN_POINT('Ctrl Pts',(9.52408276309637,6.77354399074466,4.8));
#4404=CARTESIAN_POINT('Ctrl Pts',(9.10795768310957,6.3584409346138,7.6));
#4405=CARTESIAN_POINT('Ctrl Pts',(8.9890672040853,6.23983539853049,8.4));
#4406=CARTESIAN_POINT('Ctrl Pts',(9.78870456757725,7.48527105468292,-1.35308431126191E-15));
#4407=CARTESIAN_POINT('Ctrl Pts',(9.4979502396862,7.18881280282884,2.));
#4408=CARTESIAN_POINT('Ctrl Pts',(9.09087333510511,6.77388627882435,4.8));
#4409=CARTESIAN_POINT('Ctrl Pts',(8.68381182030513,6.35887483183957,7.6));
#4410=CARTESIAN_POINT('Ctrl Pts',(8.56751008914871,6.24029153109794,8.4));
#4411=CARTESIAN_POINT('Ctrl Pts',(8.18172207915216,7.48516381894704,-1.35308431126191E-15));
#4412=CARTESIAN_POINT('Ctrl Pts',(7.91880845769389,7.18868557772949,2.));
#4413=CARTESIAN_POINT('Ctrl Pts',(7.55071123621222,6.77362944982186,4.8));
#4414=CARTESIAN_POINT('Ctrl Pts',(7.18262741552398,6.35856342176758,7.6));
#4415=CARTESIAN_POINT('Ctrl Pts',(7.07746196694067,6.23997212528056,8.4));
#4416=CARTESIAN_POINT('Ctrl Pts',(4.82154604787769,7.48522445746811,-1.35308431126191E-15));
#4417=CARTESIAN_POINT('Ctrl Pts',(4.64916005300262,7.1887579642855,2.));
#4418=CARTESIAN_POINT('Ctrl Pts',(4.40781659481051,6.77376757890786,4.8));
#4419=CARTESIAN_POINT('Ctrl Pts',(4.16647539970881,6.35873089980404,7.6));
#4420=CARTESIAN_POINT('Ctrl Pts',(4.09752100175879,6.24014430253099,8.4));
#4421=CARTESIAN_POINT('Ctrl Pts',(-1.61632203768448E-5,7.48517224401354,
-1.35308431126191E-15));
#4422=CARTESIAN_POINT('Ctrl Pts',(-1.63079043237944E-5,7.18869985910108,
2.));
#4423=CARTESIAN_POINT('Ctrl Pts',(-1.84659855469302E-5,6.77363960203826,
4.8));
#4424=CARTESIAN_POINT('Ctrl Pts',(-1.91803483112935E-5,6.35857854629643,
7.60000000000001));
#4425=CARTESIAN_POINT('Ctrl Pts',(-1.92382218900733E-5,6.23998959233145,
8.40000000000001));
#4426=CARTESIAN_POINT('Ctrl Pts',(-4.38319248512805,7.48517428916022,-1.35308431126191E-15));
#4427=CARTESIAN_POINT('Ctrl Pts',(-4.22647767833168,7.18870302475815,2.));
#4428=CARTESIAN_POINT('Ctrl Pts',(-4.00707115822781,6.77364402747763,4.8));
#4429=CARTESIAN_POINT('Ctrl Pts',(-3.78766891318343,6.3585844595957,7.6));
#4430=CARTESIAN_POINT('Ctrl Pts',(-3.72498299046488,6.23999595383487,8.4));
#4431=CARTESIAN_POINT('Ctrl Pts',(-7.34169964418644,7.48522045793555,-1.35308431126191E-15));
#4432=CARTESIAN_POINT('Ctrl Pts',(-7.10141819026048,7.18875260085366,2.));
#4433=CARTESIAN_POINT('Ctrl Pts',(-6.76501344846665,6.77376106343057,4.8));
#4434=CARTESIAN_POINT('Ctrl Pts',(-6.4286166108876,6.3587226731002,7.6));
#4435=CARTESIAN_POINT('Ctrl Pts',(-6.33250402931722,6.24013553026744,8.40000000000001));
#4436=CARTESIAN_POINT('Ctrl Pts',(-8.98519680874067,7.48517699849104,-1.35308431126191E-15));
#4437=CARTESIAN_POINT('Ctrl Pts',(-8.70836253590813,7.18869917162239,2.));
#4438=CARTESIAN_POINT('Ctrl Pts',(-8.32077885630057,6.77366104363133,4.8));
#4439=CARTESIAN_POINT('Ctrl Pts',(-7.93320676590339,6.35860015483261,7.60000000000001));
#4440=CARTESIAN_POINT('Ctrl Pts',(-7.82247305677037,6.24000902408515,8.40000000000001));
#4441=CARTESIAN_POINT('Ctrl Pts',(-9.78870656390676,7.4852712149008,-1.35308431126191E-15));
#4442=CARTESIAN_POINT('Ctrl Pts',(-9.49795254267038,7.18882304837896,2.));
#4443=CARTESIAN_POINT('Ctrl Pts',(-9.09087904054281,6.77387454526616,4.8));
#4444=CARTESIAN_POINT('Ctrl Pts',(-8.68381873319726,6.35886776992493,7.60000000000001));
#4445=CARTESIAN_POINT('Ctrl Pts',(-8.56751712470271,6.24028850331619,8.40000000000001));
#4446=CARTESIAN_POINT('Ctrl Pts',(-10.2374585545434,7.48511250880696,-1.35308431126191E-15));
#4447=CARTESIAN_POINT('Ctrl Pts',(-9.94023230653972,7.18859761960934,2.));
#4448=CARTESIAN_POINT('Ctrl Pts',(-9.52408734633078,6.7735361824573,4.8));
#4449=CARTESIAN_POINT('Ctrl Pts',(-9.10796321513786,6.35843088593975,7.60000000000001));
#4450=CARTESIAN_POINT('Ctrl Pts',(-8.98907271593639,6.2398249302607,8.40000000000001));
#4451=CARTESIAN_POINT('Ctrl Pts',(-10.4471127574498,7.46514099580857,-1.35308431126191E-15));
#4452=CARTESIAN_POINT('Ctrl Pts',(-10.1482508039574,7.16951537313193,2.));
#4453=CARTESIAN_POINT('Ctrl Pts',(-9.72984205946307,6.75554684245743,4.8));
#4454=CARTESIAN_POINT('Ctrl Pts',(-9.31143479861418,6.34164671975147,7.60000000000001));
#4455=CARTESIAN_POINT('Ctrl Pts',(-9.19189001721723,6.22339647068081,8.40000000000001));
#4456=CARTESIAN_POINT('Ctrl Pts',(-10.7361230331673,7.31030130186847,-1.35308431126191E-15));
#4457=CARTESIAN_POINT('Ctrl Pts',(-10.4410081988091,7.01380962825003,2.));
#4458=CARTESIAN_POINT('Ctrl Pts',(-10.0277678868303,6.59877476700736,4.80000000000001));
#4459=CARTESIAN_POINT('Ctrl Pts',(-9.61458630027841,6.18370042135681,7.60000000000001));
#4460=CARTESIAN_POINT('Ctrl Pts',(-9.49654036653511,6.06510375190943,8.40000000000001));
#4461=CARTESIAN_POINT('Ctrl Pts',(-10.9435837909839,6.99891306129137,-1.35308431126191E-15));
#4462=CARTESIAN_POINT('Ctrl Pts',(-10.6487768241306,6.6985226055161,2.));
#4463=CARTESIAN_POINT('Ctrl Pts',(-10.2361415142455,6.27793761228317,4.80000000000001));
#4464=CARTESIAN_POINT('Ctrl Pts',(-9.82343647872792,5.85738093577919,7.60000000000001));
#4465=CARTESIAN_POINT('Ctrl Pts',(-9.70551369198663,5.73722475346908,8.40000000000001));
#4466=CARTESIAN_POINT('Ctrl Pts',(-10.9852134090581,6.78976352216269,-1.35308431126191E-15));
#4467=CARTESIAN_POINT('Ctrl Pts',(-10.6887445918356,6.49091477271099,2.));
#4468=CARTESIAN_POINT('Ctrl Pts',(-10.2737308062036,6.07242520771907,4.80000000000001));
#4469=CARTESIAN_POINT('Ctrl Pts',(-9.85868560061877,5.65401044183716,7.60000000000001));
#4470=CARTESIAN_POINT('Ctrl Pts',(-9.74009807372978,5.53447094205648,8.40000000000001));
#4471=CARTESIAN_POINT('Ctrl Pts',(-10.9851525330635,4.67967249709509,-1.35308431126191E-15));
#4472=CARTESIAN_POINT('Ctrl Pts',(-10.6886812490867,4.42892522235388,2.));
#4473=CARTESIAN_POINT('Ctrl Pts',(-10.2737627210399,4.07770038000986,4.8));
#4474=CARTESIAN_POINT('Ctrl Pts',(-9.85873989693416,3.72660743656777,7.60000000000001));
#4475=CARTESIAN_POINT('Ctrl Pts',(-9.74015138334343,3.62630852667129,8.40000000000001));
#4476=CARTESIAN_POINT('Ctrl Pts',(-10.985189604758,4.17420362978524E-5,
-1.35308431126191E-15));
#4477=CARTESIAN_POINT('Ctrl Pts',(-10.6887196482056,4.54295414251669E-5,
1.99999999999999));
#4478=CARTESIAN_POINT('Ctrl Pts',(-10.2736137489904,0.000100082548647324,
4.8));
#4479=CARTESIAN_POINT('Ctrl Pts',(-9.85854325757806,0.000118197850634168,
7.6));
#4480=CARTESIAN_POINT('Ctrl Pts',(-9.73995527495708,0.000119672852685093,
8.4));
#4481=CARTESIAN_POINT('Ctrl Pts',(-10.9851764705882,-4.67978941203497,-1.35308431126191E-15));
#4482=CARTESIAN_POINT('Ctrl Pts',(-10.6887055673549,-4.42904780377519,2.));
#4483=CARTESIAN_POINT('Ctrl Pts',(-10.273647351388,-4.07800321906376,4.8));
#4484=CARTESIAN_POINT('Ctrl Pts',(-9.85858836129335,-3.72696330997058,7.6));
#4485=CARTESIAN_POINT('Ctrl Pts',(-9.74,-3.62666666666667,8.4));
#4486=CARTESIAN_POINT('Ctrl Pts',(-10.9851764705882,-6.68517647058824,-1.35308431126191E-15));
#4487=CARTESIAN_POINT('Ctrl Pts',(-10.6887058823529,-6.38870588235294,2.));
#4488=CARTESIAN_POINT('Ctrl Pts',(-10.2736470588235,-5.97364705882353,4.8));
#4489=CARTESIAN_POINT('Ctrl Pts',(-9.85858823529412,-5.55858823529412,7.6));
#4490=CARTESIAN_POINT('Ctrl Pts',(-9.74,-5.44,8.4));
#4491=CARTESIAN_POINT('',(-10.9851764705882,-6.68517647058824,0.));
#4492=CARTESIAN_POINT('Ctrl Pts',(-10.9851764705882,-6.68517647058824,-2.60208521396519E-17));
#4493=CARTESIAN_POINT('Ctrl Pts',(-10.9851764705882,-6.815927094913,-2.60208521396511E-17));
#4494=CARTESIAN_POINT('Ctrl Pts',(-10.9522549547896,-6.94661370656683,-1.12468161374684E-17));
#4495=CARTESIAN_POINT('Ctrl Pts',(-10.890605575836,-7.06210495826503,-1.12757025938498E-17));
#4496=CARTESIAN_POINT('Ctrl Pts',(-10.8536159484638,-7.13139970928395,-1.12930344676784E-17));
#4497=CARTESIAN_POINT('Ctrl Pts',(-10.8062842903559,-7.19522413071884,-2.60208521396513E-17));
#4498=CARTESIAN_POINT('Ctrl Pts',(-10.7507019440749,-7.25076917985109,-2.60208521396513E-17));
#4499=CARTESIAN_POINT('Ctrl Pts',(-10.6765921490335,-7.32482924536076,-2.60208521396509E-17));
#4500=CARTESIAN_POINT('Ctrl Pts',(-10.5878144639065,-7.38417042677684,-2.60208521396519E-17));
#4501=CARTESIAN_POINT('Ctrl Pts',(-10.491057628818,-7.42424565375215,-2.60208521396522E-17));
#4502=CARTESIAN_POINT('Ctrl Pts',(-10.3943007937295,-7.46432088072746,-2.60208521396527E-17));
#4503=CARTESIAN_POINT('Ctrl Pts',(-10.2895648086795,-7.48513015326199,-2.6020852139653E-17));
#4504=CARTESIAN_POINT('Ctrl Pts',(-10.1849315320665,-7.48513218960751,-2.60208521396528E-17));
#4505=CARTESIAN_POINT('Ctrl Pts',(-9.78846669696911,-7.48513990550265,-2.60208521396517E-17));
#4506=CARTESIAN_POINT('Ctrl Pts',(-9.38675524988485,-7.48514394510323,-2.60208521396524E-17));
#4507=CARTESIAN_POINT('Ctrl Pts',(-8.98046586059282,-7.48514699556606,-2.60208521396525E-17));
#4508=CARTESIAN_POINT('Ctrl Pts',(-8.57417647130079,-7.4851500460289,-2.60208521396525E-17));
#4509=CARTESIAN_POINT('Ctrl Pts',(-8.16330913980101,-7.48515210735398,-2.60208521396524E-17));
#4510=CARTESIAN_POINT('Ctrl Pts',(-7.74851983704865,-7.48515405309839,-2.60208521396522E-17));
#4511=CARTESIAN_POINT('Ctrl Pts',(-6.91894123154394,-7.4851579445872,-2.60208521396515E-17));
#4512=CARTESIAN_POINT('Ctrl Pts',(-6.07367474102896,-7.48516137375333,-2.60208521396515E-17));
#4513=CARTESIAN_POINT('Ctrl Pts',(-5.21795521967647,-7.48516371009165,-2.60208521396516E-17));
#4514=CARTESIAN_POINT('Ctrl Pts',(-3.5065161769715,-7.4851683827683,-2.60208521396515E-17));
#4515=CARTESIAN_POINT('Ctrl Pts',(-1.75326501091653,-7.48516868413373,-2.60208521396522E-17));
#4516=CARTESIAN_POINT('Ctrl Pts',(8.45761777834575E-6,-7.48517170671654,
-2.60208521396522E-17));
#4517=CARTESIAN_POINT('Ctrl Pts',(1.75328192615208,-7.48517472929935,-2.60208521396523E-17));
#4518=CARTESIAN_POINT('Ctrl Pts',(3.50657769716572,-7.48518047309953,-2.6020852139652E-17));
#4519=CARTESIAN_POINT('Ctrl Pts',(5.21801529819295,-7.48517622656678,-2.60208521396532E-17));
#4520=CARTESIAN_POINT('Ctrl Pts',(6.92945289922017,-7.48517198003402,-2.60208521396546E-17));
#4521=CARTESIAN_POINT('Ctrl Pts',(8.59903233026099,-7.48515774316833,-1.07767889049498E-17));
#4522=CARTESIAN_POINT('Ctrl Pts',(10.1851487888295,-7.48520597735699,-1.12757025938558E-17));
#4523=CARTESIAN_POINT('Ctrl Pts',(10.2897990298208,-7.48520915979636,-1.13086203770968E-17));
#4524=CARTESIAN_POINT('Ctrl Pts',(10.3944060311431,-7.46437805241732,-1.12425628624087E-17));
#4525=CARTESIAN_POINT('Ctrl Pts',(10.4911927807887,-7.42431312363305,-1.12757025938554E-17));
#4526=CARTESIAN_POINT('Ctrl Pts',(10.5879795304343,-7.38424819484878,-1.13088423253023E-17));
#4527=CARTESIAN_POINT('Ctrl Pts',(10.6769460284031,-7.32494944465928,-4.0799366378404E-17));
#4528=CARTESIAN_POINT('Ctrl Pts',(10.750959528284,-7.25083764943681,-4.0766001685462E-17));
#4529=CARTESIAN_POINT('Ctrl Pts',(10.8619797781054,-7.13966995660311,-4.07159546460491E-17));
#4530=CARTESIAN_POINT('Ctrl Pts',(10.939355782229,-6.99517291244521,-2.60208521396592E-17));
#4531=CARTESIAN_POINT('Ctrl Pts',(10.9699248148544,-6.84116272898844,-2.60208521396586E-17));
#4532=CARTESIAN_POINT('Ctrl Pts',(10.9801144923962,-6.78982600116952,-2.60208521396585E-17));
#4533=CARTESIAN_POINT('Ctrl Pts',(10.9851033953271,-6.73743225787294,-1.12587906415359E-17));
#4534=CARTESIAN_POINT('Ctrl Pts',(10.9851214470392,-6.68514065291167,-1.12757025938557E-17));
#4535=CARTESIAN_POINT('Ctrl Pts',(10.9852944895681,-6.18387675645871,-1.14378194598951E-17));
#4536=CARTESIAN_POINT('Ctrl Pts',(10.9852487164465,-5.66160667338624,-2.60208521396571E-17));
#4537=CARTESIAN_POINT('Ctrl Pts',(10.9852284288905,-5.12366283344253,-2.60208521396564E-17));
#4538=CARTESIAN_POINT('Ctrl Pts',(10.9852081413345,-4.58571899349882,-2.60208521396556E-17));
#4539=CARTESIAN_POINT('Ctrl Pts',(10.9852133393441,-4.03210139668386,-2.60208521396555E-17));
#4540=CARTESIAN_POINT('Ctrl Pts',(10.985215420579,-3.46803376212584,-2.60208521396552E-17));
#4541=CARTESIAN_POINT('Ctrl Pts',(10.9852279079887,-0.0836279547777025,
-2.60208521396541E-17));
#4542=CARTESIAN_POINT('Ctrl Pts',(10.9851281915115,3.67697921132088,-3.94446299289919E-17));
#4543=CARTESIAN_POINT('Ctrl Pts',(10.9852095567502,6.68516123032154,-4.07660016854548E-17));
#4544=CARTESIAN_POINT('Ctrl Pts',(10.9852123860775,6.78976525686475,-4.08119499709687E-17));
#4545=CARTESIAN_POINT('Ctrl Pts',(10.9643976513538,6.89434038441475,-2.60208521396524E-17));
#4546=CARTESIAN_POINT('Ctrl Pts',(10.9243530352757,6.99111194474016,-2.60208521396524E-17));
#4547=CARTESIAN_POINT('Ctrl Pts',(10.8843084191976,7.08788350506558,-2.60208521396528E-17));
#4548=CARTESIAN_POINT('Ctrl Pts',(10.825033921765,7.17685149816642,-4.07208967262985E-17));
#4549=CARTESIAN_POINT('Ctrl Pts',(10.7509345150102,7.25087758969013,-4.07660016854551E-17));
#4550=CARTESIAN_POINT('Ctrl Pts',(10.6397854048781,7.36191672697571,-4.08336591241895E-17));
#4551=CARTESIAN_POINT('Ctrl Pts',(10.4952802487708,7.43933658571276,-2.60208521396505E-17));
#4552=CARTESIAN_POINT('Ctrl Pts',(10.3412235182888,7.46992560087887,-2.60208521396515E-17));
#4553=CARTESIAN_POINT('Ctrl Pts',(10.2898712747949,7.48012193926758,-2.60208521396516E-17));
#4554=CARTESIAN_POINT('Ctrl Pts',(10.2374577452593,7.48511485059284,-1.12978486095406E-17));
#4555=CARTESIAN_POINT('Ctrl Pts',(10.1851444055226,7.48513306006308,-1.12757025938489E-17));
#4556=CARTESIAN_POINT('Ctrl Pts',(9.78870456757725,7.48527105468292,-1.11078761290111E-17));
#4557=CARTESIAN_POINT('Ctrl Pts',(9.38695894547098,7.48524424574895,-2.60208521396514E-17));
#4558=CARTESIAN_POINT('Ctrl Pts',(8.98064422791395,7.48522603400226,-2.60208521396518E-17));
#4559=CARTESIAN_POINT('Ctrl Pts',(7.76170007524285,7.48517139876217,-2.60208521396524E-17));
#4560=CARTESIAN_POINT('Ctrl Pts',(6.50163406351493,7.48519413820758,-2.60208521396515E-17));
#4561=CARTESIAN_POINT('Ctrl Pts',(5.21803712304855,7.48520102930506,-2.60208521396514E-17));
#4562=CARTESIAN_POINT('Ctrl Pts',(3.50657453576004,7.48521021743505,-2.60208521396512E-17));
#4563=CARTESIAN_POINT('Ctrl Pts',(1.75327918626983,7.48519123072429,-4.02387277626218E-17));
#4564=CARTESIAN_POINT('Ctrl Pts',(-3.7528568053169E-6,7.48518214639825,
-4.07660016854558E-17));
#4565=CARTESIAN_POINT('Ctrl Pts',(-1.75328669198344,7.48517306207221,-4.12932756082897E-17));
#4566=CARTESIAN_POINT('Ctrl Pts',(-3.50655722074652,7.48517388013089,-1.1751892126746E-17));
#4567=CARTESIAN_POINT('Ctrl Pts',(-5.21803107664217,7.485191740922,-1.12757025938488E-17));
#4568=CARTESIAN_POINT('Ctrl Pts',(-6.07376800458999,7.48520067131756,-1.10376078274001E-17));
#4569=CARTESIAN_POINT('Ctrl Pts',(-6.91905576432096,7.48521386239622,-2.6020852139652E-17));
#4570=CARTESIAN_POINT('Ctrl Pts',(-7.74865073908269,7.48520377294094,-2.60208521396527E-17));
#4571=CARTESIAN_POINT('Ctrl Pts',(-8.16344822646356,7.4851987282133,-2.60208521396528E-17));
#4572=CARTESIAN_POINT('Ctrl Pts',(-8.57432251760211,7.48518786335217,-2.60208521396528E-17));
#4573=CARTESIAN_POINT('Ctrl Pts',(-8.98063710196291,7.48520598502405,-2.60208521396527E-17));
#4574=CARTESIAN_POINT('Ctrl Pts',(-9.38695168632371,7.48522410669592,-2.60208521396526E-17));
#4575=CARTESIAN_POINT('Ctrl Pts',(-9.78870656390676,7.4852712149008,-2.60208521396522E-17));
#4576=CARTESIAN_POINT('Ctrl Pts',(-10.1851453531863,7.48513100994793,-2.60208521396522E-17));
#4577=CARTESIAN_POINT('Ctrl Pts',(-10.2374585545434,7.48511250880696,-2.60208521396524E-17));
#4578=CARTESIAN_POINT('Ctrl Pts',(-10.28987210527,7.48011963055736,-2.60208521396526E-17));
#4579=CARTESIAN_POINT('Ctrl Pts',(-10.3412243631365,7.46992331795599,-2.60208521396528E-17));
#4580=CARTESIAN_POINT('Ctrl Pts',(-10.4952811367361,7.43933438015188,-2.60208521396535E-17));
#4581=CARTESIAN_POINT('Ctrl Pts',(-10.6397862745948,7.36191453318184,-4.07235316150152E-17));
#4582=CARTESIAN_POINT('Ctrl Pts',(-10.7509353817483,7.25087533253113,-4.07660016854562E-17));
#4583=CARTESIAN_POINT('Ctrl Pts',(-10.8250347865173,7.176849198764,-4.07943150657502E-17));
#4584=CARTESIAN_POINT('Ctrl Pts',(-10.8843092887506,7.08788113002768,-2.60208521396535E-17));
#4585=CARTESIAN_POINT('Ctrl Pts',(-10.9243539443858,6.99110971087736,-2.60208521396535E-17));
#4586=CARTESIAN_POINT('Ctrl Pts',(-10.964398600021,6.89433829172703,-2.60208521396538E-17));
#4587=CARTESIAN_POINT('Ctrl Pts',(-10.9852134090581,6.78976352216269,-1.13036934883655E-17));
#4588=CARTESIAN_POINT('Ctrl Pts',(-10.9852103911922,6.68515789342829,-1.12757025938509E-17));
#4589=CARTESIAN_POINT('Ctrl Pts',(-10.9851525330635,4.67967249709509,-1.07390648348849E-17));
#4590=CARTESIAN_POINT('Ctrl Pts',(-10.9851710689108,2.3398571195657,-4.02821879518359E-17));
#4591=CARTESIAN_POINT('Ctrl Pts',(-10.985177053292,-8.3577168208393E-6,
-4.07660016854554E-17));
#4592=CARTESIAN_POINT('Ctrl Pts',(-10.9851830376731,-2.33987383499933,-4.12498154190752E-17));
#4593=CARTESIAN_POINT('Ctrl Pts',(-10.9851764705882,-4.67978941203497,-2.60208521396494E-17));
#4594=CARTESIAN_POINT('Ctrl Pts',(-10.9851764705882,-6.68517647058824,-2.60208521396518E-17));
#4595=CARTESIAN_POINT('',(-11.,-6.7,-0.1));
#4596=CARTESIAN_POINT('Ctrl Pts',(-10.9063254902983,-6.37087268699739,9.51618163360996));
#4597=CARTESIAN_POINT('Ctrl Pts',(-10.82905490158,-6.54628317441834,9.5204066295965));
#4598=CARTESIAN_POINT('Ctrl Pts',(-10.6232307315205,-6.87826120801695,9.52592857398751));
#4599=CARTESIAN_POINT('Ctrl Pts',(-10.1882793673449,-7.26480967714157,9.52396643438659));
#4600=CARTESIAN_POINT('Ctrl Pts',(-9.66316264203118,-7.51476028836558,9.51230066286845));
#4601=CARTESIAN_POINT('Ctrl Pts',(-9.27689963492599,-7.57470996451916,9.49821699195937));
#4602=CARTESIAN_POINT('Ctrl Pts',(-9.01593656278122,-7.57652538891822,9.48700584924077));
#4603=CARTESIAN_POINT('Ctrl Pts',(-8.93289543596597,-7.57627017573093,9.48871568180712));
#4604=CARTESIAN_POINT('Ctrl Pts',(-8.73806382353295,-7.57642404736006,9.4878680878598));
#4605=CARTESIAN_POINT('Ctrl Pts',(-8.41197876930024,-7.57636612560108,9.48859547458745));
#4606=CARTESIAN_POINT('Ctrl Pts',(-7.93766413954771,-7.57652245189261,9.48838525768231));
#4607=CARTESIAN_POINT('Ctrl Pts',(-7.37286453489935,-7.57653221266089,9.48876652445668));
#4608=CARTESIAN_POINT('Ctrl Pts',(-6.80556475646395,-7.5765880721026,9.48877421286225));
#4609=CARTESIAN_POINT('Ctrl Pts',(-6.23901046370891,-7.57660247623301,9.48888740666484));
#4610=CARTESIAN_POINT('Ctrl Pts',(-5.67187845368582,-7.57662184977062,9.48891307430651));
#4611=CARTESIAN_POINT('Ctrl Pts',(-5.10484516363566,-7.57663005667345,9.48895150926701));
#4612=CARTESIAN_POINT('Ctrl Pts',(-4.53766558003843,-7.57663757494156,9.4889673800267));
#4613=CARTESIAN_POINT('Ctrl Pts',(-3.97048004542317,-7.57664142329975,9.48898155635618));
#4614=CARTESIAN_POINT('Ctrl Pts',(-3.40326291607637,-7.57664501414515,9.48899088499546));
#4615=CARTESIAN_POINT('Ctrl Pts',(-2.83601246375916,-7.57664611200199,9.48899452893962));
#4616=CARTESIAN_POINT('Ctrl Pts',(-2.26875886652068,-7.57664737819502,9.48899784817189));
#4617=CARTESIAN_POINT('Ctrl Pts',(-1.70150033984796,-7.57664828295737,9.48900038568339));
#4618=CARTESIAN_POINT('Ctrl Pts',(-1.13423530654241,-7.57664897747045,9.48900199310339));
#4619=CARTESIAN_POINT('Ctrl Pts',(-0.566967270295079,-7.57664960499464,
9.48900327899602));
#4620=CARTESIAN_POINT('Ctrl Pts',(0.000303982098428311,-7.57665028375951,
9.48900434690279));
#4621=CARTESIAN_POINT('Ctrl Pts',(0.567577631129107,-7.57665111233817,9.48900542886494));
#4622=CARTESIAN_POINT('Ctrl Pts',(1.13485445321468,-7.57665230864622,9.48900675817704));
#4623=CARTESIAN_POINT('Ctrl Pts',(1.70213433103023,-7.57665394095802,9.48900844856929));
#4624=CARTESIAN_POINT('Ctrl Pts',(2.26942048077424,-7.57665664281257,9.48901111894623));
#4625=CARTESIAN_POINT('Ctrl Pts',(2.83671188860445,-7.57666026891856,9.4890146614253));
#4626=CARTESIAN_POINT('Ctrl Pts',(3.40400570348639,-7.57666425002554,9.48901848820019));
#4627=CARTESIAN_POINT('Ctrl Pts',(3.97133423900737,-7.57667466482203,9.48902852812247));
#4628=CARTESIAN_POINT('Ctrl Pts',(4.53868975302215,-7.57669009537645,9.48904330651936));
#4629=CARTESIAN_POINT('Ctrl Pts',(5.10606080053246,-7.57670824675735,9.48906082052528));
#4630=CARTESIAN_POINT('Ctrl Pts',(5.57897552969285,-7.57674317853823,9.48909418013695));
#4631=CARTESIAN_POINT('Ctrl Pts',(5.95723565347392,-7.5767573969256,9.48910806937243));
#4632=CARTESIAN_POINT('Ctrl Pts',(6.33554389211021,-7.57678165611633,9.48913066714199));
#4633=CARTESIAN_POINT('Ctrl Pts',(6.80869840093866,-7.57685729535901,9.48920603780661));
#4634=CARTESIAN_POINT('Ctrl Pts',(7.28212599491434,-7.5769935404045,9.48933137891783));
#4635=CARTESIAN_POINT('Ctrl Pts',(7.66064792685125,-7.57704692096066,9.4893903602473));
#4636=CARTESIAN_POINT('Ctrl Pts',(8.03923588937957,-7.57714845243938,9.48946640133748));
#4637=CARTESIAN_POINT('Ctrl Pts',(8.51391982738404,-7.57739928377046,9.48979724376409));
#4638=CARTESIAN_POINT('Ctrl Pts',(8.89355210429245,-7.5778786381294,9.49008609107097));
#4639=CARTESIAN_POINT('Ctrl Pts',(9.13098308106257,-7.57795033766966,9.49048833040205));
#4640=CARTESIAN_POINT('Ctrl Pts',(9.27208968039303,-7.57051127070427,9.49751163573439));
#4641=CARTESIAN_POINT('Ctrl Pts',(9.52627434062129,-7.53045395101717,9.50629545088283));
#4642=CARTESIAN_POINT('Ctrl Pts',(9.96935565783558,-7.39423191550194,9.52004041602378));
#4643=CARTESIAN_POINT('Ctrl Pts',(10.5176463970228,-7.02618429188427,9.52765135227816));
#4644=CARTESIAN_POINT('Ctrl Pts',(10.9650880005106,-6.36596955086577,9.51891740879932));
#4645=CARTESIAN_POINT('Ctrl Pts',(11.0737133141574,-5.84646883794657,9.50140493517678));
#4646=CARTESIAN_POINT('Ctrl Pts',(11.0762081447999,-5.50334403455787,9.48669939517277));
#4647=CARTESIAN_POINT('Ctrl Pts',(11.0759168062343,-5.40186158429571,9.48882792747028));
#4648=CARTESIAN_POINT('Ctrl Pts',(11.0761467353016,-5.16193472915906,9.48774572789227));
#4649=CARTESIAN_POINT('Ctrl Pts',(11.0761680477133,-4.87781609413964,9.48868872451057));
#4650=CARTESIAN_POINT('Ctrl Pts',(11.0763194085299,-4.52724386365229,9.48841363411402));
#4651=CARTESIAN_POINT('Ctrl Pts',(11.0763778307939,-4.18060335791621,9.48870538990523));
#4652=CARTESIAN_POINT('Ctrl Pts',(11.0764489912009,-3.83198232888259,9.48870550794591));
#4653=CARTESIAN_POINT('Ctrl Pts',(11.0764925525838,-3.48407418522181,9.48880655667006));
#4654=CARTESIAN_POINT('Ctrl Pts',(11.0765312295033,-3.13571166529365,9.48883933741253));
#4655=CARTESIAN_POINT('Ctrl Pts',(11.0765599389691,-2.78745471136259,9.48888624864566));
#4656=CARTESIAN_POINT('Ctrl Pts',(11.0765816759086,-2.43906082380613,9.48891152466706));
#4657=CARTESIAN_POINT('Ctrl Pts',(11.076602909518,-2.09069273177365,9.4889413627313));
#4658=CARTESIAN_POINT('Ctrl Pts',(11.0766106603066,-1.7422117529271,9.48895107971622));
#4659=CARTESIAN_POINT('Ctrl Pts',(11.0766216730927,-1.39374924020993,9.48896577460972));
#4660=CARTESIAN_POINT('Ctrl Pts',(11.0766307806347,-1.04526556757976,9.48897737136578));
#4661=CARTESIAN_POINT('Ctrl Pts',(11.076638514667,-0.696766101632315,9.48898719608909));
#4662=CARTESIAN_POINT('Ctrl Pts',(11.0766455515101,-0.348252952154034,9.48899582090801));
#4663=CARTESIAN_POINT('Ctrl Pts',(11.0766523128028,0.000272576710576847,
9.48900388562869));
#4664=CARTESIAN_POINT('Ctrl Pts',(11.0766592691289,0.348809827564091,9.48901190153949));
#4665=CARTESIAN_POINT('Ctrl Pts',(11.0766669391486,0.697359555878382,9.48902048123446));
#4666=CARTESIAN_POINT('Ctrl Pts',(11.0766757295497,1.04592194366432,9.48903008522559));
#4667=CARTESIAN_POINT('Ctrl Pts',(11.0766865087893,1.39450120266246,9.48904163869451));
#4668=CARTESIAN_POINT('Ctrl Pts',(11.0766997145245,1.74309722229741,9.48905565389096));
#4669=CARTESIAN_POINT('Ctrl Pts',(11.0767094021745,2.09168282500653,9.48906579078661));
#4670=CARTESIAN_POINT('Ctrl Pts',(11.0767354668616,2.44035924111987,9.48909304099305));
#4671=CARTESIAN_POINT('Ctrl Pts',(11.0767632893965,2.78905112550997,9.4891219949798));
#4672=CARTESIAN_POINT('Ctrl Pts',(11.0767978297329,3.13778251256568,9.48915793129996));
#4673=CARTESIAN_POINT('Ctrl Pts',(11.0768496210209,3.48661690477976,9.48921169847098));
#4674=CARTESIAN_POINT('Ctrl Pts',(11.0768971535023,3.83542747287752,9.48926108842895));
#4675=CARTESIAN_POINT('Ctrl Pts',(11.0769781506491,4.09730177370259,9.48934506157986));
#4676=CARTESIAN_POINT('Ctrl Pts',(11.0769909294603,4.27164384655685,9.48935840739509));
#4677=CARTESIAN_POINT('Ctrl Pts',(11.0769999165245,4.38787267369217,9.48936752465774));
#4678=CARTESIAN_POINT('Ctrl Pts',(11.0770353929477,4.53331020155605,9.48940518433754));
#4679=CARTESIAN_POINT('Ctrl Pts',(11.0770793115866,4.7078198128723,9.4894487443317));
#4680=CARTESIAN_POINT('Ctrl Pts',(11.0771236182303,4.88238081899533,9.48949900294855));
#4681=CARTESIAN_POINT('Ctrl Pts',(11.0771994998887,5.05701988935439,9.48956811435275));
#4682=CARTESIAN_POINT('Ctrl Pts',(11.0772365636152,5.28981810224848,9.48963536342518));
#4683=CARTESIAN_POINT('Ctrl Pts',(11.0775273804254,5.46509719979724,9.48984681656466));
#4684=CARTESIAN_POINT('Ctrl Pts',(11.0775942054712,5.62908071862239,9.49012664102945));
#4685=CARTESIAN_POINT('Ctrl Pts',(11.0699744817971,5.77136725572709,9.4972225851205));
#4686=CARTESIAN_POINT('Ctrl Pts',(11.0304114819087,6.02268499202398,9.50585500461201));
#4687=CARTESIAN_POINT('Ctrl Pts',(10.9326367369719,6.3433184510907,9.51602962979458));
#4688=CARTESIAN_POINT('Ctrl Pts',(10.7468113812856,6.68590156137053,9.52263328135963));
#4689=CARTESIAN_POINT('Ctrl Pts',(10.4145546525328,7.09338866491822,9.52612421032862));
#4690=CARTESIAN_POINT('Ctrl Pts',(9.86261908746618,7.46488772278752,9.51856085256924));
#4691=CARTESIAN_POINT('Ctrl Pts',(9.34437844094556,7.57406750082734,9.50120397383082));
#4692=CARTESIAN_POINT('Ctrl Pts',(9.01735368149501,7.57625446465692,9.48716693829704));
#4693=CARTESIAN_POINT('Ctrl Pts',(8.93465055978074,7.57603718136254,9.48890008105881));
#4694=CARTESIAN_POINT('Ctrl Pts',(8.7390574415462,7.57621024972082,9.48795835503455));
#4695=CARTESIAN_POINT('Ctrl Pts',(8.55503911400728,7.57623932720888,9.48872187808661));
#4696=CARTESIAN_POINT('Ctrl Pts',(8.36479672804165,7.5762870769923,9.48855850983674));
#4697=CARTESIAN_POINT('Ctrl Pts',(8.1763338723726,7.57630508199299,9.48865602342843));
#4698=CARTESIAN_POINT('Ctrl Pts',(7.94006693627649,7.57637691624483,9.4886833962421));
#4699=CARTESIAN_POINT('Ctrl Pts',(7.65688869810848,7.57642164642032,9.48876034792556));
#4700=CARTESIAN_POINT('Ctrl Pts',(7.37345913426356,7.57646854405083,9.48880011142081));
#4701=CARTESIAN_POINT('Ctrl Pts',(7.09006137134199,7.57650169091049,9.48884230189497));
#4702=CARTESIAN_POINT('Ctrl Pts',(6.80658433333004,7.57653063018543,9.48887193539208));
#4703=CARTESIAN_POINT('Ctrl Pts',(6.52309011519974,7.57655308036742,9.48889790490411));
#4704=CARTESIAN_POINT('Ctrl Pts',(6.23956104176353,7.57657166413714,9.48891801289864));
#4705=CARTESIAN_POINT('Ctrl Pts',(5.95601315945459,7.57658650606964,9.488934678375));
#4706=CARTESIAN_POINT('Ctrl Pts',(5.67244588606051,7.57659859915317,9.48894798244287));
#4707=CARTESIAN_POINT('Ctrl Pts',(5.3888648130351,7.57660834828547,9.48895882932302));
#4708=CARTESIAN_POINT('Ctrl Pts',(5.10527175068725,7.57661625863151,9.48896757524441));
#4709=CARTESIAN_POINT('Ctrl Pts',(4.82166938612066,7.57662266130458,9.48897467807971));
#4710=CARTESIAN_POINT('Ctrl Pts',(4.53805932871948,7.57662785623323,9.48898042949412));
#4711=CARTESIAN_POINT('Ctrl Pts',(4.25444318104815,7.5766320796953,9.48898510942656));
#4712=CARTESIAN_POINT('Ctrl Pts',(3.97082200855351,7.576635510796,9.48898890812749));
#4713=CARTESIAN_POINT('Ctrl Pts',(3.68719700873125,7.57663833703921,9.48899203691639));
#4714=CARTESIAN_POINT('Ctrl Pts',(3.4035684934472,7.57664061148982,9.48899455275443));
#4715=CARTESIAN_POINT('Ctrl Pts',(3.11993836180825,7.57664263713711,9.48899679194353));
#4716=CARTESIAN_POINT('Ctrl Pts',(2.83629956553644,7.57664327068078,9.48899749002669));
#4717=CARTESIAN_POINT('Ctrl Pts',(2.55266615751548,7.57664481473489,9.48899919020324));
#4718=CARTESIAN_POINT('Ctrl Pts',(2.26902819668942,7.57664563143067,9.48900008465905));
#4719=CARTESIAN_POINT('Ctrl Pts',(1.98539046458293,7.57664651190874,9.48900104619526));
#4720=CARTESIAN_POINT('Ctrl Pts',(1.70175114023643,7.57664715940934,9.48900174684418));
#4721=CARTESIAN_POINT('Ctrl Pts',(1.41811128347309,7.576647753696,9.48900238436444));
#4722=CARTESIAN_POINT('Ctrl Pts',(1.13447061035652,7.57664825448602,9.48900291346483));
#4723=CARTESIAN_POINT('Ctrl Pts',(0.85082938991021,7.57664871447296,9.4890033912392));
#4724=CARTESIAN_POINT('Ctrl Pts',(0.567187602224736,7.57664914116085,9.48900382459546));
#4725=CARTESIAN_POINT('Ctrl Pts',(0.283545320831406,7.57664955968438,9.48900423961676));
#4726=CARTESIAN_POINT('Ctrl Pts',(-9.74588190283784E-5,7.57664998676785,
9.48900465253569));
#4727=CARTESIAN_POINT('Ctrl Pts',(-0.28374073343152,7.57665044196929,9.48900508251622));
#4728=CARTESIAN_POINT('Ctrl Pts',(-0.567384548090056,7.57665094759504,9.48900555038993));
#4729=CARTESIAN_POINT('Ctrl Pts',(-0.851028933094485,7.57665152183225,9.48900607327715));
#4730=CARTESIAN_POINT('Ctrl Pts',(-1.13467402401115,7.57665220169414,9.48900668446852));
#4731=CARTESIAN_POINT('Ctrl Pts',(-1.41831981442105,7.57665299318897,9.48900738996483));
#4732=CARTESIAN_POINT('Ctrl Pts',(-1.70196671720832,7.57665398774853,9.48900827036468));
#4733=CARTESIAN_POINT('Ctrl Pts',(-1.98561432905635,7.57665510604796,9.48900925668901));
#4734=CARTESIAN_POINT('Ctrl Pts',(-2.26926421763758,7.57665667711548,9.48901063726288));
#4735=CARTESIAN_POINT('Ctrl Pts',(-2.55291371505327,7.57665814918442,9.48901192939583));
#4736=CARTESIAN_POINT('Ctrl Pts',(-2.83656985195499,7.57666098443065,9.48901441303731));
#4737=CARTESIAN_POINT('Ctrl Pts',(-3.12021802597184,7.57666215070263,9.48901543440118));
#4738=CARTESIAN_POINT('Ctrl Pts',(-3.40387885215422,7.57666592006834,9.48901873158964));
#4739=CARTESIAN_POINT('Ctrl Pts',(-3.687542016697,7.57667016285621,9.48902244193387));
#4740=CARTESIAN_POINT('Ctrl Pts',(-3.97121028472611,7.57667544715845,9.48902706191252));
#4741=CARTESIAN_POINT('Ctrl Pts',(-4.25488412588296,7.57668187013242,9.48903267677263));
#4742=CARTESIAN_POINT('Ctrl Pts',(-4.53856526063388,7.57668978572599,9.48903959540319));
#4743=CARTESIAN_POINT('Ctrl Pts',(-4.82225530150752,7.57669952365522,9.48904810711061));
#4744=CARTESIAN_POINT('Ctrl Pts',(-5.10595645447387,7.57671153995669,9.48905860802323));
#4745=CARTESIAN_POINT('Ctrl Pts',(-5.38967135708701,7.57672636820712,9.48907156997319));
#4746=CARTESIAN_POINT('Ctrl Pts',(-5.67340327298029,7.57674469460727,9.48908758038504));
#4747=CARTESIAN_POINT('Ctrl Pts',(-5.95715630020717,7.57676732184481,9.48910736826117));
#4748=CARTESIAN_POINT('Ctrl Pts',(-6.24093531959341,7.57679533503415,9.48913182039308));
#4749=CARTESIAN_POINT('Ctrl Pts',(-6.52474679253117,7.57682987026575,9.48916206732278));
#4750=CARTESIAN_POINT('Ctrl Pts',(-6.80859774299946,7.57687278984593,9.48919942847968));
#4751=CARTESIAN_POINT('Ctrl Pts',(-7.09249901794181,7.5769253727444,9.48924571097838));
#4752=CARTESIAN_POINT('Ctrl Pts',(-7.37645919108075,7.57699149089859,9.48930275592551));
#4753=CARTESIAN_POINT('Ctrl Pts',(-7.66049969433598,7.57707080709979,9.48937372060818));
#4754=CARTESIAN_POINT('Ctrl Pts',(-7.94462279751783,7.57717437316737,9.48946053887211));
#4755=CARTESIAN_POINT('Ctrl Pts',(-8.22888554535629,7.57729019207599,9.48957001311494));
#4756=CARTESIAN_POINT('Ctrl Pts',(-8.51323688820163,7.57746087145074,9.48970065348421));
#4757=CARTESIAN_POINT('Ctrl Pts',(-8.79789154601079,7.57761018835656,9.48987358320486));
#4758=CARTESIAN_POINT('Ctrl Pts',(-8.9875292720466,7.57783123207715,9.48998664442611));
#4759=CARTESIAN_POINT('Ctrl Pts',(-9.12933657852097,7.57787909139387,9.49022239122677));
#4760=CARTESIAN_POINT('Ctrl Pts',(-9.27054648498992,7.57044572165546,9.4972638370673));
#4761=CARTESIAN_POINT('Ctrl Pts',(-9.52475084288001,7.53047972338121,9.50605999621691));
#4762=CARTESIAN_POINT('Ctrl Pts',(-9.968302340507,7.39409175103682,9.5198736004791));
#4763=CARTESIAN_POINT('Ctrl Pts',(-10.5165394017091,7.02705283585026,9.52753216446164));
#4764=CARTESIAN_POINT('Ctrl Pts',(-10.8907910799702,6.47547406416738,9.52044564242569));
#4765=CARTESIAN_POINT('Ctrl Pts',(-11.045713688887,5.97823149055556,9.50574624420692));
#4766=CARTESIAN_POINT('Ctrl Pts',(-11.0745809464037,5.71489494124774,9.49562596113617));
#4767=CARTESIAN_POINT('Ctrl Pts',(-11.0759960281138,5.50183368921999,9.48646930692549));
#4768=CARTESIAN_POINT('Ctrl Pts',(-11.0757540476946,5.40053310671462,9.48862859288662));
#4769=CARTESIAN_POINT('Ctrl Pts',(-11.0759817812004,5.16069277442237,9.48755923743308));
#4770=CARTESIAN_POINT('Ctrl Pts',(-11.076069007743,4.87702230302155,9.48857432301296));
#4771=CARTESIAN_POINT('Ctrl Pts',(-11.0762565778652,4.52672911081189,9.48834449019822));
#4772=CARTESIAN_POINT('Ctrl Pts',(-11.0763532781027,4.18044917026826,9.48869303184297));
#4773=CARTESIAN_POINT('Ctrl Pts',(-11.0764588396463,3.89014987933585,9.48873152594071));
#4774=CARTESIAN_POINT('Ctrl Pts',(-11.0764818102558,3.70170831085341,9.48878649138994));
#4775=CARTESIAN_POINT('Ctrl Pts',(-11.0764849865419,3.6145838731691,9.4887882624827));
#4776=CARTESIAN_POINT('Ctrl Pts',(-11.076485882062,3.57102811541691,9.48878998990429));
#4777=CARTESIAN_POINT('Ctrl Pts',(-11.0764866141388,3.52746584909347,9.48879073130096));
#4778=CARTESIAN_POINT('Ctrl Pts',(-11.0764901168475,3.38227288225413,9.48879552136014));
#4779=CARTESIAN_POINT('Ctrl Pts',(-11.0765242290133,3.13565932668185,9.48884063739972));
#4780=CARTESIAN_POINT('Ctrl Pts',(-11.0765409416602,2.78725950012613,9.48886248866662));
#4781=CARTESIAN_POINT('Ctrl Pts',(-11.0765615309041,2.43888224176409,9.48889083725486));
#4782=CARTESIAN_POINT('Ctrl Pts',(-11.0765772001561,1.50960532287872,9.48890744234362));
#4783=CARTESIAN_POINT('Ctrl Pts',(-11.076635695004,0.580525677075296,9.48901036568194));
#4784=CARTESIAN_POINT('Ctrl Pts',(-11.0766408630109,-0.348876153964113,
9.48902263812444));
#4785=CARTESIAN_POINT('Ctrl Pts',(-11.0766409321817,-0.697426516846736,
9.48902701146841));
#4786=CARTESIAN_POINT('Ctrl Pts',(-11.0766411584476,-1.04598555243168,9.48903377967716));
#4787=CARTESIAN_POINT('Ctrl Pts',(-11.0766404449608,-1.39456568116692,9.48904235255263));
#4788=CARTESIAN_POINT('Ctrl Pts',(-11.0766393563795,-1.74316265572287,9.48905350784829));
#4789=CARTESIAN_POINT('Ctrl Pts',(-11.0766381015244,-2.09175051508726,9.48906214483744));
#4790=CARTESIAN_POINT('Ctrl Pts',(-11.0766347416149,-2.44043341291612,9.48908538210144));
#4791=CARTESIAN_POINT('Ctrl Pts',(-11.0766307380829,-2.78913542925745,9.48911088797718));
#4792=CARTESIAN_POINT('Ctrl Pts',(-11.0766258313343,-3.13787494431235,9.4891419340358));
#4793=CARTESIAN_POINT('Ctrl Pts',(-11.0766179513937,-3.48673444174791,9.48919045394479));
#4794=CARTESIAN_POINT('Ctrl Pts',(-11.0766112187252,-3.83554567965654,9.48923179790693));
#4795=CARTESIAN_POINT('Ctrl Pts',(-11.07659944262,-4.07201658690163,9.48930339572632));
#4796=CARTESIAN_POINT('Ctrl Pts',(-11.0765984564626,-4.19549551685146,9.48930938856518));
#4797=CARTESIAN_POINT('Ctrl Pts',(-11.0765984673739,-4.21001720891137,9.48930932141351));
#4798=CARTESIAN_POINT('Ctrl Pts',(-11.0765983577299,-4.23543547710816,9.48930998522264));
#4799=CARTESIAN_POINT('Ctrl Pts',(-11.076597769704,-4.28628713249242,9.48931353267987));
#4800=CARTESIAN_POINT('Ctrl Pts',(-11.0765962178684,-4.38800587445386,9.48932289499757));
#4801=CARTESIAN_POINT('Ctrl Pts',(-11.0765881399749,-4.50451450730367,9.48937158091864));
#4802=CARTESIAN_POINT('Ctrl Pts',(-11.0765859342077,-4.59899892318207,9.48938486549182));
#4803=CARTESIAN_POINT('Ctrl Pts',(-11.0765855071416,-4.64258287701507,9.48938743758523));
#4804=CARTESIAN_POINT('Ctrl Pts',(-11.0765853526151,-4.66437243069694,9.48938836755679));
#4805=CARTESIAN_POINT('Ctrl Pts',(-11.0765851568457,-4.68616367543932,9.48938954581865));
#4806=CARTESIAN_POINT('Ctrl Pts',(-11.0765847174718,-4.72974812100033,9.4893921891535));
#4807=CARTESIAN_POINT('Ctrl Pts',(-11.0765810944075,-4.79524625698653,9.48941398396258));
#4808=CARTESIAN_POINT('Ctrl Pts',(-11.0765774985657,-4.88252647225948,9.4894356096656));
#4809=CARTESIAN_POINT('Ctrl Pts',(-11.0765733169895,-4.96983068061685,9.48946075642428));
#4810=CARTESIAN_POINT('Ctrl Pts',(-11.0765689387832,-5.04262078009039,9.48948708138612));
#4811=CARTESIAN_POINT('Ctrl Pts',(-11.076567186789,-5.10078113529816,9.48949761434899));
#4812=CARTESIAN_POINT('Ctrl Pts',(-11.0765663102067,-5.15890562953185,9.48950288445993));
#4813=CARTESIAN_POINT('Ctrl Pts',(-11.0765606555225,-5.20633422654768,9.48953687517787));
#4814=CARTESIAN_POINT('Ctrl Pts',(-11.0765602238936,-5.24265727094621,9.48953946955361));
#4815=CARTESIAN_POINT('Ctrl Pts',(-11.0765601545812,-5.25718225599118,9.4895398861633));
#4816=CARTESIAN_POINT('Ctrl Pts',(-11.0765594076081,-5.28262660424965,9.48954437533648));
#4817=CARTESIAN_POINT('Ctrl Pts',(-11.0765584247827,-5.33349436860066,9.48955028216504));
#4818=CARTESIAN_POINT('Ctrl Pts',(-11.0765507982062,-5.38100367791568,9.48959611311854));
#4819=CARTESIAN_POINT('Ctrl Pts',(-11.0765502339877,-5.41733214928639,9.48959950360617));
#4820=CARTESIAN_POINT('Ctrl Pts',(-11.0765501406609,-5.4318581172165,9.48960006439751));
#4821=CARTESIAN_POINT('Ctrl Pts',(-11.0765495687234,-5.44640368454813,9.48960350104075));
#4822=CARTESIAN_POINT('Ctrl Pts',(-11.0765494195061,-5.46093194094331,9.48960439760142));
#4823=CARTESIAN_POINT('Ctrl Pts',(-11.0765492673732,-5.47546031679655,9.48960531169501));
#4824=CARTESIAN_POINT('Ctrl Pts',(-11.0765486236209,-5.49000882343816,9.48960917951257));
#4825=CARTESIAN_POINT('Ctrl Pts',(-11.0765484789441,-5.50453689368655,9.48961004874427));
#4826=CARTESIAN_POINT('Ctrl Pts',(-11.0765482777778,-5.51543674045163,9.48961125735182));
#4827=CARTESIAN_POINT('Ctrl Pts',(-11.0765481276988,-5.52633449522669,9.48961215900717));
#4828=CARTESIAN_POINT('Ctrl Pts',(-11.0765479342483,-5.53541875760672,9.48961332121294));
#4829=CARTESIAN_POINT('Ctrl Pts',(-11.0765478822247,-5.54268196074865,9.48961363375276));
#4830=CARTESIAN_POINT('Ctrl Pts',(-11.0765478277142,-5.54812999755505,9.48961396122894));
#4831=CARTESIAN_POINT('Ctrl Pts',(-11.076547782041,-5.55357767223018,9.48961423560918));
#4832=CARTESIAN_POINT('Ctrl Pts',(-11.0765477290416,-5.5581180132782,9.48961455400007));
#4833=CARTESIAN_POINT('Ctrl Pts',(-11.0765477113987,-5.56174927163034,9.48961465998369));
#4834=CARTESIAN_POINT('Ctrl Pts',(-11.0765476986527,-5.56538033152277,9.48961473655945));
#4835=CARTESIAN_POINT('Ctrl Pts',(-11.0765476379204,-5.56901334950484,9.48961510136798));
#4836=CARTESIAN_POINT('Ctrl Pts',(-11.076547626258,-5.57264437223089,9.48961517145767));
#4837=CARTESIAN_POINT('Ctrl Pts',(-11.0765476090082,-5.57491425373874,9.48961527502177));
#4838=CARTESIAN_POINT('Ctrl Pts',(-11.0765476049472,-5.57650287236229,9.48961529949574));
#4839=CARTESIAN_POINT('Ctrl Pts',(-11.076547603607,-5.57741062363552,9.48961530743254));
#4840=CARTESIAN_POINT('Ctrl Pts',(-11.0765476021018,-5.57831839038063,9.48961531680464));
#4841=CARTESIAN_POINT('Ctrl Pts',(-11.0765475998236,-5.57922618884836,9.48961532936492));
#4842=CARTESIAN_POINT('Ctrl Pts',(-11.0765475960258,-5.58002061025222,9.48961535371106));
#4843=CARTESIAN_POINT('Ctrl Pts',(-11.0765475990929,-5.58041760289902,9.48961533342893));
#4844=CARTESIAN_POINT('Ctrl Pts',(-11.0765475937506,-5.58064477151352,9.48961536832623));
#4845=CARTESIAN_POINT('Ctrl Pts',(-11.076547603724,-5.58075779537408,9.48961530307719));
#4846=CARTESIAN_POINT('Ctrl Pts',(-11.0765328452514,-5.62917619224434,9.48971179671521));
#4847=CARTESIAN_POINT('Ctrl Pts',(-11.0683528370901,-5.77909586679047,9.49739106629929));
#4848=CARTESIAN_POINT('Ctrl Pts',(-11.0248210239534,-6.04194008349957,9.50614958228945));
#4849=CARTESIAN_POINT('Ctrl Pts',(-10.9608634253877,-6.24706716233867,9.51319961211007));
#4850=CARTESIAN_POINT('Ctrl Pts',(-10.9063254902983,-6.3708726869974,9.51618163360996));
#4851=CARTESIAN_POINT('Ctrl Pts',(-10.8818969107996,-6.36023824124717,9.65117040400025));
#4852=CARTESIAN_POINT('Ctrl Pts',(-10.8048443146969,-6.53302726621272,9.65449810413193));
#4853=CARTESIAN_POINT('Ctrl Pts',(-10.6010530860794,-6.85966981206743,9.65883197336506));
#4854=CARTESIAN_POINT('Ctrl Pts',(-10.1725820263379,-7.24097685225413,9.65729430838815));
#4855=CARTESIAN_POINT('Ctrl Pts',(-9.65565747308761,-7.48965372855326,9.64812778440743));
#4856=CARTESIAN_POINT('Ctrl Pts',(-9.27447976045833,-7.55184067228965,9.63697393994378));
#4857=CARTESIAN_POINT('Ctrl Pts',(-9.01615924185483,-7.55605759809287,9.62803269079971));
#4858=CARTESIAN_POINT('Ctrl Pts',(-8.93272711392053,-7.55542660528852,9.62939610846542));
#4859=CARTESIAN_POINT('Ctrl Pts',(-8.73810450883531,-7.5557547307975,9.62871994903977));
#4860=CARTESIAN_POINT('Ctrl Pts',(-8.41188122321521,-7.55551468152736,9.62929943021278));
#4861=CARTESIAN_POINT('Ctrl Pts',(-7.93768400094031,-7.55566228110636,9.62913048182082));
#4862=CARTESIAN_POINT('Ctrl Pts',(-7.37283420455032,-7.5555589416283,9.62943379806647));
#4863=CARTESIAN_POINT('Ctrl Pts',(-6.80556430173645,-7.55558805270898,9.62943932577222));
#4864=CARTESIAN_POINT('Ctrl Pts',(-6.2390014925303,-7.55556382268172,9.62952925527329));
#4865=CARTESIAN_POINT('Ctrl Pts',(-5.6718764893586,-7.55556735875326,9.62954947723881));
#4866=CARTESIAN_POINT('Ctrl Pts',(-5.10484214752727,-7.55556099439019,9.62957997783532));
#4867=CARTESIAN_POINT('Ctrl Pts',(-4.53766442090367,-7.55556068985101,9.62959252883131));
#4868=CARTESIAN_POINT('Ctrl Pts',(-3.97047895394014,-7.55555881141777,9.62960377016955));
#4869=CARTESIAN_POINT('Ctrl Pts',(-3.40326245595991,-7.5555581935844,9.62961115684641));
#4870=CARTESIAN_POINT('Ctrl Pts',(-2.83601208111464,-7.55555778233401,9.62961404546827));
#4871=CARTESIAN_POINT('Ctrl Pts',(-2.26875870111106,-7.55555760848063,9.62961667507409));
#4872=CARTESIAN_POINT('Ctrl Pts',(-1.7015003047081,-7.55555747626149,9.62961868688714));
#4873=CARTESIAN_POINT('Ctrl Pts',(-1.13423541972123,-7.55555753815112,9.62961996182519));
#4874=CARTESIAN_POINT('Ctrl Pts',(-0.566967540265167,-7.55555771762315,
9.6296209830738));
#4875=CARTESIAN_POINT('Ctrl Pts',(0.000303497332196337,-7.55555809746128,
9.62962183285857));
#4876=CARTESIAN_POINT('Ctrl Pts',(0.567576853291013,-7.5555587018253,9.62962269562029));
#4877=CARTESIAN_POINT('Ctrl Pts',(1.13485321993228,-7.55555971338384,9.62962375768272));
#4878=CARTESIAN_POINT('Ctrl Pts',(1.70213245870041,-7.55556117049649,9.62962510959253));
#4879=CARTESIAN_POINT('Ctrl Pts',(2.26941753393104,-7.55556365844257,9.62962724668527));
#4880=CARTESIAN_POINT('Ctrl Pts',(2.83670749177565,-7.55556702515993,9.6296300822741));
#4881=CARTESIAN_POINT('Ctrl Pts',(3.40399970975533,-7.55557075560236,9.62963314609853));
#4882=CARTESIAN_POINT('Ctrl Pts',(3.97132405899956,-7.55558051036445,9.62964118429738));
#4883=CARTESIAN_POINT('Ctrl Pts',(4.53867338212759,-7.55559499596731,9.62965301682248));
#4884=CARTESIAN_POINT('Ctrl Pts',(5.10603711264482,-7.55561201139119,9.62966703931286));
#4885=CARTESIAN_POINT('Ctrl Pts',(5.57893784458998,-7.55564483003028,9.62969374957741));
#4886=CARTESIAN_POINT('Ctrl Pts',(5.95719218962042,-7.55565812867947,9.62970486952432));
#4887=CARTESIAN_POINT('Ctrl Pts',(6.33549085505793,-7.55568103143363,9.62972296461529));
#4888=CARTESIAN_POINT('Ctrl Pts',(6.80861423235225,-7.55575149471126,9.62978330369969));
#4889=CARTESIAN_POINT('Ctrl Pts',(7.2819884698207,-7.55588042703331,9.62988367463745));
#4890=CARTESIAN_POINT('Ctrl Pts',(7.66048691922422,-7.55592903888436,9.62993087786961));
#4891=CARTESIAN_POINT('Ctrl Pts',(8.03903965284492,-7.55602846934693,9.62999181942956));
#4892=CARTESIAN_POINT('Ctrl Pts',(8.51359922989358,-7.55624654059752,9.63025646864027));
#4893=CARTESIAN_POINT('Ctrl Pts',(8.8930834990304,-7.5567295040768,9.63048820352772));
#4894=CARTESIAN_POINT('Ctrl Pts',(9.13039860503068,-7.55673251605479,9.63080935693706));
#4895=CARTESIAN_POINT('Ctrl Pts',(9.26967429403112,-7.54785562127602,9.6364013614677));
#4896=CARTESIAN_POINT('Ctrl Pts',(9.52074364402012,-7.50644195877534,9.64336370844557));
#4897=CARTESIAN_POINT('Ctrl Pts',(9.95731010286193,-7.36920074449045,9.65421481679589));
#4898=CARTESIAN_POINT('Ctrl Pts',(10.4967410574565,-7.00523632481799,9.66017160661831));
#4899=CARTESIAN_POINT('Ctrl Pts',(10.9392282919511,-6.35550948731499,9.65334128871963));
#4900=CARTESIAN_POINT('Ctrl Pts',(11.0501136131295,-5.84337162982481,9.63951405190638));
#4901=CARTESIAN_POINT('Ctrl Pts',(11.0557574750485,-5.50371198280261,9.62778608109219));
#4902=CARTESIAN_POINT('Ctrl Pts',(11.0549979063825,-5.40174267330467,9.62948341962915));
#4903=CARTESIAN_POINT('Ctrl Pts',(11.0554513270806,-5.16208058840739,9.62862020394894));
#4904=CARTESIAN_POINT('Ctrl Pts',(11.0552384348248,-4.87777796966179,9.62937171845931));
#4905=CARTESIAN_POINT('Ctrl Pts',(11.055430086242,-4.5272926541116,9.6291520140141));
#4906=CARTESIAN_POINT('Ctrl Pts',(11.0554068571053,-4.18060619429759,9.62938437167871));
#4907=CARTESIAN_POINT('Ctrl Pts',(11.0554653752635,-3.83200020803236,9.62938425295515));
#4908=CARTESIAN_POINT('Ctrl Pts',(11.0554765738091,-3.4840811489142,9.62946466051962));
#4909=CARTESIAN_POINT('Ctrl Pts',(11.0555004563021,-3.13572035048926,9.62949067277811));
#4910=CARTESIAN_POINT('Ctrl Pts',(11.0555127526346,-2.78746026367494,9.62952797824418));
#4911=CARTESIAN_POINT('Ctrl Pts',(11.0555245972968,-2.43906608957666,9.62954806103728));
#4912=CARTESIAN_POINT('Ctrl Pts',(11.0555350904335,-2.09069690437392,9.62957178462134));
#4913=CARTESIAN_POINT('Ctrl Pts',(11.0555392244608,-1.74221578129422,9.6295795084212));
#4914=CARTESIAN_POINT('Ctrl Pts',(11.055545175623,-1.39375323769352,9.6295911963984));
#4915=CARTESIAN_POINT('Ctrl Pts',(11.0555504017239,-1.04526985212222,9.62960042240942));
#4916=CARTESIAN_POINT('Ctrl Pts',(11.0555551085951,-0.696770949041584,9.62960824349723));
#4917=CARTESIAN_POINT('Ctrl Pts',(11.0555597414216,-0.348258701170891,9.62961511416114));
#4918=CARTESIAN_POINT('Ctrl Pts',(11.0555645697009,0.00026553168035034,
9.6296215445366));
#4919=CARTESIAN_POINT('Ctrl Pts',(11.0555699256543,0.348801011072319,9.62962794201669));
#4920=CARTESIAN_POINT('Ctrl Pts',(11.0555762211907,0.69734834403053,9.62963479579594));
#4921=CARTESIAN_POINT('Ctrl Pts',(11.0555837667293,1.04590761292886,9.62964247332973));
#4922=CARTESIAN_POINT('Ctrl Pts',(11.0555933489576,1.3944826744334,9.6296517149323));
#4923=CARTESIAN_POINT('Ctrl Pts',(11.0556052914576,1.74307332152264,9.62966292920802));
#4924=CARTESIAN_POINT('Ctrl Pts',(11.0556142636028,2.09165474428658,9.62967104397289));
#4925=CARTESIAN_POINT('Ctrl Pts',(11.0556384404825,2.44031987067332,9.6296928589144));
#4926=CARTESIAN_POINT('Ctrl Pts',(11.0556644378783,2.78899949137853,9.62971604119343));
#4927=CARTESIAN_POINT('Ctrl Pts',(11.0556967405298,3.13771561591883,9.62974481445782));
#4928=CARTESIAN_POINT('Ctrl Pts',(11.055745311068,3.48652698482646,9.62978786680577));
#4929=CARTESIAN_POINT('Ctrl Pts',(11.0557898939697,3.83531638866598,9.62982741439765));
#4930=CARTESIAN_POINT('Ctrl Pts',(11.0558659670938,4.09715457582206,9.62989465521886));
#4931=CARTESIAN_POINT('Ctrl Pts',(11.0558779512541,4.27149092359465,9.62990534152754));
#4932=CARTESIAN_POINT('Ctrl Pts',(11.055886437492,4.38771578646804,9.62991264277195));
#4933=CARTESIAN_POINT('Ctrl Pts',(11.0559195930794,4.53313725407662,9.6299427961798));
#4934=CARTESIAN_POINT('Ctrl Pts',(11.0559612797655,4.70762772167203,9.62997768289785));
#4935=CARTESIAN_POINT('Ctrl Pts',(11.0560020256654,4.88216787219504,9.63001791476592));
#4936=CARTESIAN_POINT('Ctrl Pts',(11.0560753345587,5.0567753567513,9.63007328467431));
#4937=CARTESIAN_POINT('Ctrl Pts',(11.0561041939252,5.28954996355948,9.63012704858098));
#4938=CARTESIAN_POINT('Ctrl Pts',(11.0563962439176,5.46472103309255,9.63029664024702));
#4939=CARTESIAN_POINT('Ctrl Pts',(11.0564153901993,5.62862325540455,9.63052008204366));
#4940=CARTESIAN_POINT('Ctrl Pts',(11.0473520719423,5.76904861379052,9.63616994127761));
#4941=CARTESIAN_POINT('Ctrl Pts',(11.0064485195033,6.01730407299038,9.64301195348642));
#4942=CARTESIAN_POINT('Ctrl Pts',(10.9079334872639,6.33313255459017,9.65104776873444));
#4943=CARTESIAN_POINT('Ctrl Pts',(10.723454155846,6.6704600709707,9.65623671437593));
#4944=CARTESIAN_POINT('Ctrl Pts',(10.3953560977168,7.07170685568051,9.65897747369333));
#4945=CARTESIAN_POINT('Ctrl Pts',(9.85223066790415,7.4391277821282,9.65305701625535));
#4946=CARTESIAN_POINT('Ctrl Pts',(9.34134187144603,7.55050710213364,9.63935395972196));
#4947=CARTESIAN_POINT('Ctrl Pts',(9.01762524091076,7.55569689741642,9.6281588780725));
#4948=CARTESIAN_POINT('Ctrl Pts',(8.93452616738306,7.55509786128085,9.62954093632179));
#4949=CARTESIAN_POINT('Ctrl Pts',(8.73916123217388,7.55546689248601,9.62878977803188));
#4950=CARTESIAN_POINT('Ctrl Pts',(8.55499805160302,7.55530177283267,9.62939818266032));
#4951=CARTESIAN_POINT('Ctrl Pts',(8.36479945183027,7.55537982212601,9.62926780959277));
#4952=CARTESIAN_POINT('Ctrl Pts',(8.17632148362884,7.55537004569147,9.62934546056588));
#4953=CARTESIAN_POINT('Ctrl Pts',(7.94006613393803,7.55542015907113,9.62936701658555));
#4954=CARTESIAN_POINT('Ctrl Pts',(7.65688320444547,7.55543660277647,9.62942818368157));
#4955=CARTESIAN_POINT('Ctrl Pts',(7.37345685399972,7.55546392546762,9.62945970485193));
#4956=CARTESIAN_POINT('Ctrl Pts',(7.09005856294343,7.55547976627254,9.62949320993544));
#4957=CARTESIAN_POINT('Ctrl Pts',(6.80658249521162,7.55549537091193,9.62951672260763));
#4958=CARTESIAN_POINT('Ctrl Pts',(6.52308843759756,7.55550674228742,9.629537338612));
#4959=CARTESIAN_POINT('Ctrl Pts',(6.23955977332344,7.55551649780668,9.62955329709519));
#4960=CARTESIAN_POINT('Ctrl Pts',(5.95601209762037,7.5555241400597,9.62956652549267));
#4961=CARTESIAN_POINT('Ctrl Pts',(5.67244504755754,7.55553043507568,9.62957708486114));
#4962=CARTESIAN_POINT('Ctrl Pts',(5.38886413089969,7.55553548059342,9.62958569438157));
#4963=CARTESIAN_POINT('Ctrl Pts',(5.10527120695495,7.55553958875793,9.62959263613666));
#4964=CARTESIAN_POINT('Ctrl Pts',(4.82166895038321,7.55554290891917,9.62959827384562));
#4965=CARTESIAN_POINT('Ctrl Pts',(4.53805898378841,7.55554560672557,9.62960283887746));
#4966=CARTESIAN_POINT('Ctrl Pts',(4.25444291021038,7.55554780034884,9.62960655348573));
#4967=CARTESIAN_POINT('Ctrl Pts',(3.97082179989532,7.55554958486871,9.62960956865207));
#4968=CARTESIAN_POINT('Ctrl Pts',(3.68719685292428,7.55555105679982,9.62961205211889));
#4969=CARTESIAN_POINT('Ctrl Pts',(3.40356838271036,7.55555224446355,9.62961404909756));
#4970=CARTESIAN_POINT('Ctrl Pts',(3.11993829360754,7.55555330514397,9.62961582652423));
#4971=CARTESIAN_POINT('Ctrl Pts',(2.83629951390027,7.5555536408797,9.62961638070417));
#4972=CARTESIAN_POINT('Ctrl Pts',(2.55266614809498,7.55555446138575,9.62961773043714));
#4973=CARTESIAN_POINT('Ctrl Pts',(2.2690282167114,7.55555490409259,9.62961844064606));
#4974=CARTESIAN_POINT('Ctrl Pts',(1.98539052046526,7.55555538642085,9.62961920418761));
#4975=CARTESIAN_POINT('Ctrl Pts',(1.70175123204937,7.55555575283737,9.62961976072517));
#4976=CARTESIAN_POINT('Ctrl Pts',(1.41811141647508,7.55555609920292,9.62962026725962));
#4977=CARTESIAN_POINT('Ctrl Pts',(1.13447079008634,7.55555640580455,9.6296206878586));
#4978=CARTESIAN_POINT('Ctrl Pts',(0.850829624721099,7.55555670232695,9.62962106787085));
#4979=CARTESIAN_POINT('Ctrl Pts',(0.56718790267957,7.5555569952141,9.62962141281425));
#4980=CARTESIAN_POINT('Ctrl Pts',(0.283545700537866,7.55555730071156,9.62962174343546));
#4981=CARTESIAN_POINT('Ctrl Pts',(-9.69825658660679E-5,7.55555763166493,
9.62962207267569));
#4982=CARTESIAN_POINT('Ctrl Pts',(-0.283740139292061,7.55555800276827,9.62962241580808));
#4983=CARTESIAN_POINT('Ctrl Pts',(-0.567383808594395,7.55555843264006,9.62962278946356));
#4984=CARTESIAN_POINT('Ctrl Pts',(-0.851028015975119,7.55555893621467,9.6296232073062));
#4985=CARTESIAN_POINT('Ctrl Pts',(-1.13467288494082,7.55555954669917,9.62962369595123));
#4986=CARTESIAN_POINT('Ctrl Pts',(-1.41831840799798,7.55556026840173,9.62962426017792));
#4987=CARTESIAN_POINT('Ctrl Pts',(-1.70196496581675,7.55556118632175,9.62962496447343));
#4988=CARTESIAN_POINT('Ctrl Pts',(-1.98561218443021,7.5555622249977,9.62962575361787));
#4989=CARTESIAN_POINT('Ctrl Pts',(-2.26926151304168,7.55556369342678,9.62962685835454));
#4990=CARTESIAN_POINT('Ctrl Pts',(-2.55291048363117,7.55556507194934,9.629627892366));
#4991=CARTESIAN_POINT('Ctrl Pts',(-2.83656559839311,7.55556773616324,9.62962988002362));
#4992=CARTESIAN_POINT('Ctrl Pts',(-3.12021335153783,7.55556883259037,9.62963069742967));
#4993=CARTESIAN_POINT('Ctrl Pts',(-3.40387281183028,7.55557238314238,9.6296333363171));
#4994=CARTESIAN_POINT('Ctrl Pts',(-3.68753443745248,7.55557638142999,9.62963630590274));
#4995=CARTESIAN_POINT('Ctrl Pts',(-3.97120078717411,7.55558136322809,9.62964000355206));
#4996=CARTESIAN_POINT('Ctrl Pts',(-4.25487229543447,7.55558741993652,9.62964449749022));
#4997=CARTESIAN_POINT('Ctrl Pts',(-4.53855055422395,7.55559488547254,9.62965003494342));
#4998=CARTESIAN_POINT('Ctrl Pts',(-4.82223705600884,7.55560407056746,9.62965684746021));
#4999=CARTESIAN_POINT('Ctrl Pts',(-5.10593384164962,7.55561540586327,9.62966525209631));
#5000=CARTESIAN_POINT('Ctrl Pts',(-5.38964335335209,7.55562939360431,9.62967562647883));
#5001=CARTESIAN_POINT('Ctrl Pts',(-5.67336860846008,7.55564668353543,9.62968844079743));
#5002=CARTESIAN_POINT('Ctrl Pts',(-5.95711340616552,7.55566802749341,9.62970427845639));
#5003=CARTESIAN_POINT('Ctrl Pts',(-6.24088224859148,7.55569446126462,9.62972384937599));
#5004=CARTESIAN_POINT('Ctrl Pts',(-6.52468114875365,7.55572702960111,9.62974805806367));
#5005=CARTESIAN_POINT('Ctrl Pts',(-6.80851653263482,7.55576754996851,9.62977796133676));
#5006=CARTESIAN_POINT('Ctrl Pts',(-7.09239860522529,7.55581709354314,9.62981500381651));
#5007=CARTESIAN_POINT('Ctrl Pts',(-7.37633492848428,7.55587961628719,9.62986066298488));
#5008=CARTESIAN_POINT('Ctrl Pts',(-7.66034617085359,7.55595412191632,9.62991745710825));
#5009=CARTESIAN_POINT('Ctrl Pts',(-7.94443256674267,7.55605255458147,9.62998695355484));
#5010=CARTESIAN_POINT('Ctrl Pts',(-8.22865108540721,7.55616019987381,9.63007455299674));
#5011=CARTESIAN_POINT('Ctrl Pts',(-8.51294512635531,7.55632486291865,9.63017916109505));
#5012=CARTESIAN_POINT('Ctrl Pts',(-8.79753460174922,7.55645739664689,9.63031746207897));
#5013=CARTESIAN_POINT('Ctrl Pts',(-8.98711252479718,7.55668167525825,9.63040815631212));
#5014=CARTESIAN_POINT('Ctrl Pts',(-9.12885265260311,7.55668873166444,9.63059635072739));
#5015=CARTESIAN_POINT('Ctrl Pts',(-9.26822387446231,7.54781688519392,9.63620287470733));
#5016=CARTESIAN_POINT('Ctrl Pts',(-9.51930830079656,7.50649252463542,9.64317507677603));
#5017=CARTESIAN_POINT('Ctrl Pts',(-9.95631242841576,7.36908948530176,9.65408114363881));
#5018=CARTESIAN_POINT('Ctrl Pts',(-10.495676317951,7.00611193011981,9.66007562688689));
#5019=CARTESIAN_POINT('Ctrl Pts',(-10.865687416481,6.46332511074514,9.65453749578951));
#5020=CARTESIAN_POINT('Ctrl Pts',(-11.0215575364806,5.97328111209575,9.64294015482109));
#5021=CARTESIAN_POINT('Ctrl Pts',(-11.0522281336147,5.71314833087274,9.63490546824424));
#5022=CARTESIAN_POINT('Ctrl Pts',(-11.0556121628106,5.50223543440059,9.62760293214543));
#5023=CARTESIAN_POINT('Ctrl Pts',(-11.054891510491,5.40044518255896,9.62932473876718));
#5024=CARTESIAN_POINT('Ctrl Pts',(-11.0553394039149,5.16086729076658,9.62847174632932));
#5025=CARTESIAN_POINT('Ctrl Pts',(-11.0551701350208,4.87700377378726,9.62928062728897));
#5026=CARTESIAN_POINT('Ctrl Pts',(-11.0553833187497,4.52679262216188,9.62909692115295));
#5027=CARTESIAN_POINT('Ctrl Pts',(-11.0553814989579,4.18045875377629,9.62937447932332));
#5028=CARTESIAN_POINT('Ctrl Pts',(-11.0554613270622,3.89017107509658,9.62940487698031));
#5029=CARTESIAN_POINT('Ctrl Pts',(-11.0554675536164,3.70172244059186,9.62944862743102));
#5030=CARTESIAN_POINT('Ctrl Pts',(-11.0554698091853,3.61459822736919,9.62945003057127));
#5031=CARTESIAN_POINT('Ctrl Pts',(-11.0554701513816,3.57104228021956,9.62945140506933));
#5032=CARTESIAN_POINT('Ctrl Pts',(-11.0554705917205,3.52747999821696,9.62945199406365));
#5033=CARTESIAN_POINT('Ctrl Pts',(-11.0554724004626,3.38228669467797,9.62945580272083));
#5034=CARTESIAN_POINT('Ctrl Pts',(-11.0554904095926,3.1356703652799,9.6294916739088));
#5035=CARTESIAN_POINT('Ctrl Pts',(-11.0554992634617,2.78726902547008,9.62950904522353));
#5036=CARTESIAN_POINT('Ctrl Pts',(-11.0555099442295,2.43889040468556,9.62953159190784));
#5037=CARTESIAN_POINT('Ctrl Pts',(-11.055518892189,1.50961091555357,9.62954476698612));
#5038=CARTESIAN_POINT('Ctrl Pts',(-11.055545524191,0.580534158572427,9.62962676660132));
#5039=CARTESIAN_POINT('Ctrl Pts',(-11.0555473501075,-0.348866455322041,
9.62963655979929));
#5040=CARTESIAN_POINT('Ctrl Pts',(-11.0555466775108,-0.69741552349768,9.62964006507057));
#5041=CARTESIAN_POINT('Ctrl Pts',(-11.055545725514,-1.04597261389449,9.62964548880336));
#5042=CARTESIAN_POINT('Ctrl Pts',(-11.0555437730009,-1.39454979331708,9.62965236740991));
#5043=CARTESIAN_POINT('Ctrl Pts',(-11.0555411127214,-1.7431428525428,9.62966131946084));
#5044=CARTESIAN_POINT('Ctrl Pts',(-11.0555387453689,-2.09172748052807,9.62966825416966));
#5045=CARTESIAN_POINT('Ctrl Pts',(-11.0555323882473,-2.44040169243867,9.62968691141669));
#5046=CARTESIAN_POINT('Ctrl Pts',(-11.0555251748491,-2.78909402174404,9.62970739288048));
#5047=CARTESIAN_POINT('Ctrl Pts',(-11.055516369525,-3.13782172932448,9.62973232345653));
#5048=CARTESIAN_POINT('Ctrl Pts',(-11.0555024503315,-3.48666267099726,9.62977128770568));
#5049=CARTESIAN_POINT('Ctrl Pts',(-11.0554905761945,-3.83545808868026,9.62980448941875));
#5050=CARTESIAN_POINT('Ctrl Pts',(-11.0554699258758,-4.07190154245331,9.62986198783184));
#5051=CARTESIAN_POINT('Ctrl Pts',(-11.0554681970559,-4.19537817427542,9.62986680053461));
#5052=CARTESIAN_POINT('Ctrl Pts',(-11.0554682163242,-4.2098998920192,9.62986674660795));
#5053=CARTESIAN_POINT('Ctrl Pts',(-11.0554680245216,-4.23531790546009,9.62986727970044));
#5054=CARTESIAN_POINT('Ctrl Pts',(-11.0554669979591,-4.28616819839712,9.62987012861397));
#5055=CARTESIAN_POINT('Ctrl Pts',(-11.0554642887385,-4.38788334466773,9.62987764736048));
#5056=CARTESIAN_POINT('Ctrl Pts',(-11.0554501942488,-4.50437327530726,9.62991674641324));
#5057=CARTESIAN_POINT('Ctrl Pts',(-11.055446347185,-4.5988525872679,9.6299274151014));
#5058=CARTESIAN_POINT('Ctrl Pts',(-11.0554456023382,-4.64243555290733,9.62992948072005));
#5059=CARTESIAN_POINT('Ctrl Pts',(-11.0554453329436,-4.66422474923977,9.62993022757052));
#5060=CARTESIAN_POINT('Ctrl Pts',(-11.0554449916342,-4.68601554123166,9.62993117382023));
#5061=CARTESIAN_POINT('Ctrl Pts',(-11.0554442257991,-4.7295989709959,9.62993329665623));
#5062=CARTESIAN_POINT('Ctrl Pts',(-11.0554379110857,-4.79508873137482,9.62995079985415));
#5063=CARTESIAN_POINT('Ctrl Pts',(-11.0554316447044,-4.8823606355956,9.62996816725238));
#5064=CARTESIAN_POINT('Ctrl Pts',(-11.0554243578441,-4.96965517958197,9.62998836237953));
#5065=CARTESIAN_POINT('Ctrl Pts',(-11.0554167290415,-5.04243516153429,9.63000950371681));
#5066=CARTESIAN_POINT('Ctrl Pts',(-11.0554136764959,-5.10059146848403,9.63001796264532));
#5067=CARTESIAN_POINT('Ctrl Pts',(-11.055412149185,-5.15871393720269,9.63002219502423));
#5068=CARTESIAN_POINT('Ctrl Pts',(-11.0554022977342,-5.20612946974805,9.63004949267401));
#5069=CARTESIAN_POINT('Ctrl Pts',(-11.0554015457903,-5.24245151697343,9.63005157619485));
#5070=CARTESIAN_POINT('Ctrl Pts',(-11.0554014250413,-5.25697634189018,9.63005191077051));
#5071=CARTESIAN_POINT('Ctrl Pts',(-11.0554001238383,-5.2824189646411,9.63005551598777));
#5072=CARTESIAN_POINT('Ctrl Pts',(-11.0553984117509,-5.33328445859737,9.63006025971185));
#5073=CARTESIAN_POINT('Ctrl Pts',(-11.0553851270632,-5.38077615155385,9.63009706617047));
#5074=CARTESIAN_POINT('Ctrl Pts',(-11.0553841442731,-5.41710331969047,9.63009978904314));
#5075=CARTESIAN_POINT('Ctrl Pts',(-11.055383981715,-5.43162907206176,9.63010023941007));
#5076=CARTESIAN_POINT('Ctrl Pts',(-11.0553829855174,-5.44617331839949,9.63010299935026));
#5077=CARTESIAN_POINT('Ctrl Pts',(-11.0553827256202,-5.46070123016605,9.6301037193709));
#5078=CARTESIAN_POINT('Ctrl Pts',(-11.0553824606424,-5.47522925465237,9.63010445347206));
#5079=CARTESIAN_POINT('Ctrl Pts',(-11.0553813394152,-5.48977627453536,9.63010755968532));
#5080=CARTESIAN_POINT('Ctrl Pts',(-11.0553810874342,-5.50430401065619,9.63010825775836));
#5081=CARTESIAN_POINT('Ctrl Pts',(-11.0553807370696,-5.51520339283823,9.63010922838146));
#5082=CARTESIAN_POINT('Ctrl Pts',(-11.0553804756852,-5.52610080101955,9.63010995249373));
#5083=CARTESIAN_POINT('Ctrl Pts',(-11.0553801387663,-5.53518461664959,9.63011088585199));
#5084=CARTESIAN_POINT('Ctrl Pts',(-11.0553800481617,-5.54244769965104,9.63011113685026));
#5085=CARTESIAN_POINT('Ctrl Pts',(-11.0553799532262,-5.54789561057563,9.63011139984379));
#5086=CARTESIAN_POINT('Ctrl Pts',(-11.0553798736832,-5.55334317977751,9.63011162019645));
#5087=CARTESIAN_POINT('Ctrl Pts',(-11.0553797813798,-5.5578833984367,9.63011187589362));
#5088=CARTESIAN_POINT('Ctrl Pts',(-11.0553797506557,-5.56151461604574,9.63011196100833));
#5089=CARTESIAN_POINT('Ctrl Pts',(-11.0553797284528,-5.56514564650905,9.63011202250546));
#5090=CARTESIAN_POINT('Ctrl Pts',(-11.0553796227027,-5.56877852423291,9.63011231548124));
#5091=CARTESIAN_POINT('Ctrl Pts',(-11.0553796023664,-5.57240952005174,9.6301123717684));
#5092=CARTESIAN_POINT('Ctrl Pts',(-11.0553795723712,-5.57467936168622,9.63011245494225));
#5093=CARTESIAN_POINT('Ctrl Pts',(-11.0553795652355,-5.57626797098871,9.63011247459387));
#5094=CARTESIAN_POINT('Ctrl Pts',(-11.055379562992,-5.57717571908717,9.63011248097246));
#5095=CARTESIAN_POINT('Ctrl Pts',(-11.0553795601075,-5.57808348259018,9.6301124884857));
#5096=CARTESIAN_POINT('Ctrl Pts',(-11.0553795570359,-5.57899127500165,9.63011249861848));
#5097=CARTESIAN_POINT('Ctrl Pts',(-11.0553795492008,-5.5797856887208,9.63011251810834));
#5098=CARTESIAN_POINT('Ctrl Pts',(-11.0553795560221,-5.58018268713557,9.63011250189545));
#5099=CARTESIAN_POINT('Ctrl Pts',(-11.0553795444832,-5.58040984539934,9.63011252980713));
#5100=CARTESIAN_POINT('Ctrl Pts',(-11.0553795661049,-5.58052288851195,9.63011247762319));
#5101=CARTESIAN_POINT('Ctrl Pts',(-11.0553476188915,-5.62891275381506,9.63018965217108));
#5102=CARTESIAN_POINT('Ctrl Pts',(-11.0456260569366,-5.77678120545322,9.6363058709508));
#5103=CARTESIAN_POINT('Ctrl Pts',(-11.0007759546462,-6.03643947412342,9.64324463154078));
#5104=CARTESIAN_POINT('Ctrl Pts',(-10.9362809857033,-6.23828295678466,9.64882169802054));
#5105=CARTESIAN_POINT('Ctrl Pts',(-10.8818969107996,-6.36023824124717,9.65117040400025));
#5106=CARTESIAN_POINT('Ctrl Pts',(-10.7445114311388,-6.30043048900376,9.90146246942398));
#5107=CARTESIAN_POINT('Ctrl Pts',(-10.6728293722816,-6.45976200302542,9.90253935859262));
#5108=CARTESIAN_POINT('Ctrl Pts',(-10.4837382831751,-6.76101777781124,9.90393905091921));
#5109=CARTESIAN_POINT('Ctrl Pts',(-10.0882458510119,-7.1131750076524,9.90345170654682));
#5110=CARTESIAN_POINT('Ctrl Pts',(-9.61139130584997,-7.34427629281116,9.90050140834875));
#5111=CARTESIAN_POINT('Ctrl Pts',(-9.25920631120568,-7.40391643965936,9.8968733954565));
#5112=CARTESIAN_POINT('Ctrl Pts',(-9.01987091150707,-7.40964095309373,9.89393016822532));
#5113=CARTESIAN_POINT('Ctrl Pts',(-8.93352747752176,-7.40879232167854,9.89438013713884));
#5114=CARTESIAN_POINT('Ctrl Pts',(-8.74032803937169,-7.40924385252351,9.89415845859628));
#5115=CARTESIAN_POINT('Ctrl Pts',(-8.41282918245673,-7.4089399461276,9.89435243456012));
#5116=CARTESIAN_POINT('Ctrl Pts',(-7.93889846895012,-7.40918517616493,9.89430341046968));
#5117=CARTESIAN_POINT('Ctrl Pts',(-7.37335071741828,-7.40907112120253,9.89440710696049));
#5118=CARTESIAN_POINT('Ctrl Pts',(-6.80602602036816,-7.40913158611971,9.89441200341287));
#5119=CARTESIAN_POINT('Ctrl Pts',(-6.23924758889814,-7.4091106975235,9.89444336943645));
#5120=CARTESIAN_POINT('Ctrl Pts',(-5.67206192717385,-7.40912412078569,9.89445129336261));
#5121=CARTESIAN_POINT('Ctrl Pts',(-5.10495196998424,-7.40912076373733,9.89446211031425));
#5122=CARTESIAN_POINT('Ctrl Pts',(-4.53774004934756,-7.40912402698985,9.89446678400525));
#5123=CARTESIAN_POINT('Ctrl Pts',(-3.97052613914699,-7.40912370842141,9.89447081415394));
#5124=CARTESIAN_POINT('Ctrl Pts',(-3.40329028693362,-7.40912467362111,9.89447351673338));
#5125=CARTESIAN_POINT('Ctrl Pts',(-2.83603257986899,-7.40912470628686,9.89447455695064));
#5126=CARTESIAN_POINT('Ctrl Pts',(-2.26877260815357,-7.40912499772449,9.89447551217));
#5127=CARTESIAN_POINT('Ctrl Pts',(-1.70150941612674,-7.40912512230825,9.89447623523183));
#5128=CARTESIAN_POINT('Ctrl Pts',(-1.1342418285779,-7.40912528024335,9.89447669077683));
#5129=CARTESIAN_POINT('Ctrl Pts',(-0.566972224483791,-7.40912542088227,
9.89447704888697));
#5130=CARTESIAN_POINT('Ctrl Pts',(0.000299582544799949,-7.40912560923812,
9.8944773384404));
#5131=CARTESIAN_POINT('Ctrl Pts',(0.567573052434395,-7.40912585415882,9.89447762332047));
#5132=CARTESIAN_POINT('Ctrl Pts',(1.13484876688155,-7.4091262300979,9.8944779635666));
#5133=CARTESIAN_POINT('Ctrl Pts',(1.70212666130146,-7.40912675247008,9.89447838979648));
#5134=CARTESIAN_POINT('Ctrl Pts',(2.26940907106262,-7.4091276294187,9.89447905636371));
#5135=CARTESIAN_POINT('Ctrl Pts',(2.8366952742564,-7.40912880807752,9.89447993798941));
#5136=CARTESIAN_POINT('Ctrl Pts',(3.40398319516925,-7.40913011052591,9.89448088719775));
#5137=CARTESIAN_POINT('Ctrl Pts',(3.97129624097711,-7.4091335053133,9.89448337776279));
#5138=CARTESIAN_POINT('Ctrl Pts',(4.53862879466419,-7.4091385629195,9.89448704098609));
#5139=CARTESIAN_POINT('Ctrl Pts',(5.10597258137544,-7.40914446002264,9.89449138389471));
#5140=CARTESIAN_POINT('Ctrl Pts',(5.57883541093273,-7.40915594203356,9.89449965091069));
#5141=CARTESIAN_POINT('Ctrl Pts',(5.9570738228443,-7.40916049127658,9.89450309683752));
#5142=CARTESIAN_POINT('Ctrl Pts',(6.33534707017355,-7.40916869171302,9.89450868944068));
#5143=CARTESIAN_POINT('Ctrl Pts',(6.80838325844883,-7.40919229890014,9.89452740729043));
#5144=CARTESIAN_POINT('Ctrl Pts',(7.28161725698653,-7.40923898095301,9.89455840632533));
#5145=CARTESIAN_POINT('Ctrl Pts',(7.66004481759426,-7.40925332872767,9.8945731253418));
#5146=CARTESIAN_POINT('Ctrl Pts',(8.03852107950026,-7.40929504998068,9.89459169957263));
#5147=CARTESIAN_POINT('Ctrl Pts',(8.51266084325457,-7.40934102954498,9.89467485982691));
#5148=CARTESIAN_POINT('Ctrl Pts',(8.89189736124178,-7.4095660195222,9.89474426372438));
#5149=CARTESIAN_POINT('Ctrl Pts',(9.12859564090773,-7.40945631448127,9.89484823757089));
#5150=CARTESIAN_POINT('Ctrl Pts',(9.25538578079421,-7.40013922899304,9.89668590736508));
#5151=CARTESIAN_POINT('Ctrl Pts',(9.48820526008044,-7.36053038160429,9.89895891475355));
#5152=CARTESIAN_POINT('Ctrl Pts',(9.8901257123729,-7.23184074450148,9.90247799855561));
#5153=CARTESIAN_POINT('Ctrl Pts',(10.3878482852621,-6.89471021944526,9.90438844584459));
#5154=CARTESIAN_POINT('Ctrl Pts',(10.7968932856983,-6.29548722521739,9.90219957658164));
#5155=CARTESIAN_POINT('Ctrl Pts',(10.9020131629394,-5.82240692719021,9.89772190920931));
#5156=CARTESIAN_POINT('Ctrl Pts',(10.9095950583009,-5.50769351439993,9.89386037565166));
#5157=CARTESIAN_POINT('Ctrl Pts',(10.9085578605298,-5.40210749901319,9.89442029202385));
#5158=CARTESIAN_POINT('Ctrl Pts',(10.9091558172781,-5.1642773477891,9.89413677009883));
#5159=CARTESIAN_POINT('Ctrl Pts',(10.9088261236873,-4.8783598871827,9.894386947499));
#5160=CARTESIAN_POINT('Ctrl Pts',(10.9090583177172,-4.52833263428727,9.89431618541488));
#5161=CARTESIAN_POINT('Ctrl Pts',(10.9090010354253,-4.18114251552613,9.89439431569728));
#5162=CARTESIAN_POINT('Ctrl Pts',(10.9090623933056,-3.83253082142624,9.89439534518248));
#5163=CARTESIAN_POINT('Ctrl Pts',(10.9090626568314,-3.48443594225596,9.89442272790784));
#5164=CARTESIAN_POINT('Ctrl Pts',(10.9090838950662,-3.13601666074443,9.89443195033953));
#5165=CARTESIAN_POINT('Ctrl Pts',(10.9090912844306,-2.78767524413841,9.89444477119225));
#5166=CARTESIAN_POINT('Ctrl Pts',(10.9091006444094,-2.43923727693494,9.89445176142359));
#5167=CARTESIAN_POINT('Ctrl Pts',(10.9091078007549,-2.09081799419849,9.89445993739576));
#5168=CARTESIAN_POINT('Ctrl Pts',(10.9091108385256,-1.74232073169203,9.89446260904926));
#5169=CARTESIAN_POINT('Ctrl Pts',(10.909114685137,-1.39383616138349,9.89446661384651));
#5170=CARTESIAN_POINT('Ctrl Pts',(10.9091179902697,-1.0453369002246,9.89446976322528));
#5171=CARTESIAN_POINT('Ctrl Pts',(10.9091206787661,-0.696826724027595,9.8944724076716));
#5172=CARTESIAN_POINT('Ctrl Pts',(10.9091231092678,-0.348307009619245,9.8944747056913));
#5173=CARTESIAN_POINT('Ctrl Pts',(10.9091253714261,0.000221360125842132,
9.894476825587));
#5174=CARTESIAN_POINT('Ctrl Pts',(10.9091276488716,0.348757981238706,9.89447890310344));
#5175=CARTESIAN_POINT('Ctrl Pts',(10.9091300980897,0.697303437978011,9.89448109562665));
#5176=CARTESIAN_POINT('Ctrl Pts',(10.9091328574842,1.04585790381727,9.89448352288713));
#5177=CARTESIAN_POINT('Ctrl Pts',(10.909136191343,1.39442442941569,9.89448641521058));
#5178=CARTESIAN_POINT('Ctrl Pts',(10.9091402455428,1.74300298550349,9.89448990644205));
#5179=CARTESIAN_POINT('Ctrl Pts',(10.9091431883815,2.09157384460145,9.89449241335011));
#5180=CARTESIAN_POINT('Ctrl Pts',(10.9091510994844,2.44021024040682,9.89449914919864));
#5181=CARTESIAN_POINT('Ctrl Pts',(10.9091595178583,2.78885768405722,9.89450628956894));
#5182=CARTESIAN_POINT('Ctrl Pts',(10.9091699596598,3.13753359544708,9.89451514934281));
#5183=CARTESIAN_POINT('Ctrl Pts',(10.9091856085968,3.48628368518267,9.89452839339907));
#5184=CARTESIAN_POINT('Ctrl Pts',(10.9091999467944,3.83501661080264,9.8945405585226));
#5185=CARTESIAN_POINT('Ctrl Pts',(10.9092244211272,4.09675819855294,9.89456123315276));
#5186=CARTESIAN_POINT('Ctrl Pts',(10.9092282445345,4.27107911872428,9.89456452024519));
#5187=CARTESIAN_POINT('Ctrl Pts',(10.9092310335347,4.38729355136338,9.89456676151491));
#5188=CARTESIAN_POINT('Ctrl Pts',(10.9092414130498,4.53267105678892,9.89457604542286));
#5189=CARTESIAN_POINT('Ctrl Pts',(10.9092554130385,4.70711210217744,9.89458673710737));
#5190=CARTESIAN_POINT('Ctrl Pts',(10.9092671577226,4.88159193767241,9.89459917499985));
#5191=CARTESIAN_POINT('Ctrl Pts',(10.9092936601594,5.05612412880634,9.89461603804518));
#5192=CARTESIAN_POINT('Ctrl Pts',(10.9092939871121,5.2888065313905,9.89463303688149));
#5193=CARTESIAN_POINT('Ctrl Pts',(10.9094156762429,5.4637773075994,9.8946836885996));
#5194=CARTESIAN_POINT('Ctrl Pts',(10.9093565192722,5.6272507579082,9.89475582292259));
#5195=CARTESIAN_POINT('Ctrl Pts',(10.8998401071569,5.75506541800081,9.89661208947914));
#5196=CARTESIAN_POINT('Ctrl Pts',(10.8607503341877,5.98532716229153,9.89884526722921));
#5197=CARTESIAN_POINT('Ctrl Pts',(10.7681971765633,6.27589730611816,9.90145129696439));
#5198=CARTESIAN_POINT('Ctrl Pts',(10.5970923386174,6.5871200051926,9.90312276614268));
#5199=CARTESIAN_POINT('Ctrl Pts',(10.2935904232153,6.95704288047392,9.90400635828791));
#5200=CARTESIAN_POINT('Ctrl Pts',(9.79271550636205,7.29698476257675,9.90210644013968));
#5201=CARTESIAN_POINT('Ctrl Pts',(9.32074901624086,7.40240165201893,9.89767108982195));
#5202=CARTESIAN_POINT('Ctrl Pts',(9.02081344382409,7.40946971788826,9.89398504242977));
#5203=CARTESIAN_POINT('Ctrl Pts',(8.93477229815975,7.40864198850626,9.89444091883612));
#5204=CARTESIAN_POINT('Ctrl Pts',(8.74099988401301,7.40913863678166,9.89419400788942));
#5205=CARTESIAN_POINT('Ctrl Pts',(8.55552677235273,7.40888037685672,9.89439664578141));
#5206=CARTESIAN_POINT('Ctrl Pts',(8.36560247584247,7.40898164554546,9.89435406866521));
#5207=CARTESIAN_POINT('Ctrl Pts',(8.17695562664598,7.40896084494234,9.89438015531927));
#5208=CARTESIAN_POINT('Ctrl Pts',(7.94064547514489,7.40901193497915,9.89438844385837));
#5209=CARTESIAN_POINT('Ctrl Pts',(7.65732589601907,7.4090215396543,9.89440947124316));
#5210=CARTESIAN_POINT('Ctrl Pts',(7.37382630127153,7.40904677815945,9.89442068076033));
#5211=CARTESIAN_POINT('Ctrl Pts',(7.09035213602817,7.40905939459985,9.89443233417588));
#5212=CARTESIAN_POINT('Ctrl Pts',(6.8068221512896,7.40907307912792,9.89444060104185));
#5213=CARTESIAN_POINT('Ctrl Pts',(6.52328116702549,7.40908259003706,9.89444780364853));
#5214=CARTESIAN_POINT('Ctrl Pts',(6.23971603710308,7.40909097776179,9.89445339791321));
#5215=CARTESIAN_POINT('Ctrl Pts',(5.95613820329016,7.40909745173022,9.8944580263012));
#5216=CARTESIAN_POINT('Ctrl Pts',(5.67254705420078,7.40910282836083,9.89446172465186));
#5217=CARTESIAN_POINT('Ctrl Pts',(5.38894650566657,7.40910711759182,9.89446473829741));
#5218=CARTESIAN_POINT('Ctrl Pts',(5.10533775191385,7.4091106179789,9.89446716888462));
#5219=CARTESIAN_POINT('Ctrl Pts',(4.82172264795053,7.40911344201465,9.89446914246192));
#5220=CARTESIAN_POINT('Ctrl Pts',(4.53810228482879,7.40911573721111,9.89447074060494));
#5221=CARTESIAN_POINT('Ctrl Pts',(4.25447776125761,7.4091176011603,9.89447204086194));
#5222=CARTESIAN_POINT('Ctrl Pts',(3.970849803415,7.40911911593891,9.89447309619578));
#5223=CARTESIAN_POINT('Ctrl Pts',(3.68721923017503,7.40912036298153,9.89447396527251));
#5224=CARTESIAN_POINT('Ctrl Pts',(3.40358625410067,7.40912136626334,9.89447466391829));
#5225=CARTESIAN_POINT('Ctrl Pts',(3.11995217276055,7.4091222592714,9.89447528555863));
#5226=CARTESIAN_POINT('Ctrl Pts',(2.83631217263745,7.4091225379918,9.89447547912301));
#5227=CARTESIAN_POINT('Ctrl Pts',(2.55267584842733,7.40912321690675,9.89447595041032));
#5228=CARTESIAN_POINT('Ctrl Pts',(2.26903641377419,7.40912357470393,9.89447619783211));
#5229=CARTESIAN_POINT('Ctrl Pts',(1.9853971324738,7.40912395968429,9.89447646350608));
#5230=CARTESIAN_POINT('Ctrl Pts',(1.70175676108304,7.40912424104339,9.89447665639084));
#5231=CARTESIAN_POINT('Ctrl Pts',(1.41811602255057,7.40912449777075,9.89447683128478));
#5232=CARTESIAN_POINT('Ctrl Pts',(1.1344747223509,7.40912471190137,9.89447697553211));
#5233=CARTESIAN_POINT('Ctrl Pts',(0.850833043242121,7.40912490635186,9.89447710485858));
#5234=CARTESIAN_POINT('Ctrl Pts',(0.56719097048183,7.40912508405382,9.8944772210323));
#5235=CARTESIAN_POINT('Ctrl Pts',(0.283548552877254,7.40912525562594,9.89447733111087));
#5236=CARTESIAN_POINT('Ctrl Pts',(-9.42145421793091E-5,7.40912542782874,
9.89447743935744));
#5237=CARTESIAN_POINT('Ctrl Pts',(-0.283737331556546,7.40912560861731,9.89447755082727));
#5238=CARTESIAN_POINT('Ctrl Pts',(-0.56738083211636,7.40912580678597,9.89447767089063));
#5239=CARTESIAN_POINT('Ctrl Pts',(-0.851024739379995,7.40912602954187,9.89447780397839));
#5240=CARTESIAN_POINT('Ctrl Pts',(-1.13466915222729,7.40912629113088,9.89447795850977));
#5241=CARTESIAN_POINT('Ctrl Pts',(-1.41831406680466,7.40912659402765,9.89447813608154));
#5242=CARTESIAN_POINT('Ctrl Pts',(-1.70195978198993,7.40912697297798,9.89447835685986));
#5243=CARTESIAN_POINT('Ctrl Pts',(-1.98560600689705,7.40912739809421,9.89447860371401));
#5244=CARTESIAN_POINT('Ctrl Pts',(-2.26925387439526,7.40912799394627,9.89447894855174));
#5245=CARTESIAN_POINT('Ctrl Pts',(-2.55290145741644,7.40912855185777,9.89447927110233));
#5246=CARTESIAN_POINT('Ctrl Pts',(-2.83655383518491,7.40912962504266,9.89447989039988));
#5247=CARTESIAN_POINT('Ctrl Pts',(-3.12020045886761,7.40913006641648,9.89448014503936));
#5248=CARTESIAN_POINT('Ctrl Pts',(-3.40385621997118,7.40913149189904,9.89448096655186));
#5249=CARTESIAN_POINT('Ctrl Pts',(-3.687513669028,7.40913309613597,9.8944818908692));
#5250=CARTESIAN_POINT('Ctrl Pts',(-3.97117480291962,7.40913509390772,9.89448304164235));
#5251=CARTESIAN_POINT('Ctrl Pts',(-4.25483996090546,7.40913752188171,9.89448444011927));
#5252=CARTESIAN_POINT('Ctrl Pts',(-4.53851038544802,7.40914051404198,9.8944861632239));
#5253=CARTESIAN_POINT('Ctrl Pts',(-4.82218724103321,7.40914419459168,9.89448828302371));
#5254=CARTESIAN_POINT('Ctrl Pts',(-5.10587212075211,7.40914873686852,9.89449089814206));
#5255=CARTESIAN_POINT('Ctrl Pts',(-5.38956692914855,7.4091543403889,9.89449412614987));
#5256=CARTESIAN_POINT('Ctrl Pts',(-5.67327402330882,7.40916126934724,9.89449811318785));
#5257=CARTESIAN_POINT('Ctrl Pts',(-5.95699636187101,7.40916981630802,9.89450304113309));
#5258=CARTESIAN_POINT('Ctrl Pts',(-6.24073747095738,7.40918041560905,9.89450913008099));
#5259=CARTESIAN_POINT('Ctrl Pts',(-6.52450201305736,7.40919344246498,9.89451666323207));
#5260=CARTESIAN_POINT('Ctrl Pts',(-6.80829506808701,7.40920972197373,9.89452596544281));
#5261=CARTESIAN_POINT('Ctrl Pts',(-7.0921244516108,7.40922946624706,9.89453749505903));
#5262=CARTESIAN_POINT('Ctrl Pts',(-7.37599639359019,7.40925474573451,9.89455169194345));
#5263=CARTESIAN_POINT('Ctrl Pts',(-7.65992628400231,7.40928407461738,9.89456938402448));
#5264=CARTESIAN_POINT('Ctrl Pts',(-7.94391595554911,7.40932466959635,9.89459095962441));
#5265=CARTESIAN_POINT('Ctrl Pts',(-8.22800616828636,7.40936519392244,9.89461832143367));
#5266=CARTESIAN_POINT('Ctrl Pts',(-8.51216102870568,7.40943698987432,9.89465063090205));
#5267=CARTESIAN_POINT('Ctrl Pts',(-8.79653339206572,7.40947672435454,9.89469420753875));
#5268=CARTESIAN_POINT('Ctrl Pts',(-8.9860223313745,7.40959179292575,9.89472139568582));
#5269=CARTESIAN_POINT('Ctrl Pts',(-9.12739966521455,7.40953357205285,9.8947824443695));
#5270=CARTESIAN_POINT('Ctrl Pts',(-9.25426509774674,7.40020948777537,9.89662469763366));
#5271=CARTESIAN_POINT('Ctrl Pts',(-9.48708838726287,7.36067859502444,9.89890068611649));
#5272=CARTESIAN_POINT('Ctrl Pts',(-9.88937469636479,7.23177760447759,9.90243783670399));
#5273=CARTESIAN_POINT('Ctrl Pts',(-10.386993643729,6.89557658516424,9.90435842706));
#5274=CARTESIAN_POINT('Ctrl Pts',(-10.7289850767157,6.39469445618758,9.9025886163515));
#5275=CARTESIAN_POINT('Ctrl Pts',(-10.8750304483201,5.94246256370943,9.89883029953894));
#5276=CARTESIAN_POINT('Ctrl Pts',(-10.9049106120987,5.70197327696221,9.89620331335435));
#5277=CARTESIAN_POINT('Ctrl Pts',(-10.9095126032887,5.50658267789971,9.89379845887168));
#5278=CARTESIAN_POINT('Ctrl Pts',(-10.9085051945561,5.40112767373267,9.89436671489997));
#5279=CARTESIAN_POINT('Ctrl Pts',(-10.9090956389562,5.16335959705088,9.89408665023699));
#5280=CARTESIAN_POINT('Ctrl Pts',(-10.908792567258,4.87776381251209,9.89435631429194));
#5281=CARTESIAN_POINT('Ctrl Pts',(-10.9090370774598,4.52793517600884,9.89429786240522));
#5282=CARTESIAN_POINT('Ctrl Pts',(-10.908989643575,4.18100346694895,9.89439129274337));
#5283=CARTESIAN_POINT('Ctrl Pts',(-10.9090649002535,3.89064545070134,9.89440280250417));
#5284=CARTESIAN_POINT('Ctrl Pts',(-10.9090639693978,3.70210223047257,9.89441763313168));
#5285=CARTESIAN_POINT('Ctrl Pts',(-10.9090660060785,3.61497486430655,9.89441814153816));
#5286=CARTESIAN_POINT('Ctrl Pts',(-10.9090661240738,3.5714159393517,9.89441860978388));
#5287=CARTESIAN_POINT('Ctrl Pts',(-10.9090664696261,3.52785236973722,9.89441881506548));
#5288=CARTESIAN_POINT('Ctrl Pts',(-10.9090676617406,3.38265076117541,9.89442012629731));
#5289=CARTESIAN_POINT('Ctrl Pts',(-10.9090798266592,3.13595712554833,9.89443248255768));
#5290=CARTESIAN_POINT('Ctrl Pts',(-10.9090858961978,2.78751728985263,9.89443847804648));
#5291=CARTESIAN_POINT('Ctrl Pts',(-10.9090927820748,2.43909286784074,9.89444620915863));
#5292=CARTESIAN_POINT('Ctrl Pts',(-10.9091000636583,1.50977395390359,9.8944508843559));
#5293=CARTESIAN_POINT('Ctrl Pts',(-10.9091104438008,0.580586899585058,9.89447829841371));
#5294=CARTESIAN_POINT('Ctrl Pts',(-10.9091100564923,-0.348820633712417,
9.89448149437934));
#5295=CARTESIAN_POINT('Ctrl Pts',(-10.9091083239868,-0.697366029002065,
9.89448256160946));
#5296=CARTESIAN_POINT('Ctrl Pts',(-10.9091057500439,-1.04591785115396,9.89448421810528));
#5297=CARTESIAN_POINT('Ctrl Pts',(-10.9091015901546,-1.39448489565287,9.89448627586349));
#5298=CARTESIAN_POINT('Ctrl Pts',(-10.9090960331057,-1.7430642133473,9.89448894701577));
#5299=CARTESIAN_POINT('Ctrl Pts',(-10.9090913599284,-2.09163677602385,9.89449099850471));
#5300=CARTESIAN_POINT('Ctrl Pts',(-10.909078801619,-2.44027858325573,9.89449651856004));
#5301=CARTESIAN_POINT('Ctrl Pts',(-10.9090647333692,-2.7889342521338,9.89450256477467));
#5302=CARTESIAN_POINT('Ctrl Pts',(-10.909047579101,-3.13761721995077,9.89450992294218));
#5303=CARTESIAN_POINT('Ctrl Pts',(-10.9090205795387,-3.48638750883193,9.89452141400731));
#5304=CARTESIAN_POINT('Ctrl Pts',(-10.9089975568054,-3.83512266026371,9.8945312048456));
#5305=CARTESIAN_POINT('Ctrl Pts',(-10.9089575819457,-4.07146134339149,9.89454815551019));
#5306=CARTESIAN_POINT('Ctrl Pts',(-10.9089542355608,-4.19492920409864,9.89454957428539));
#5307=CARTESIAN_POINT('Ctrl Pts',(-10.9089542729332,-4.209451019645,9.89454955838195));
#5308=CARTESIAN_POINT('Ctrl Pts',(-10.9089539018949,-4.23486806011553,9.89454971551892));
#5309=CARTESIAN_POINT('Ctrl Pts',(-10.908951917163,-4.28571314621876,9.89455055518943));
#5310=CARTESIAN_POINT('Ctrl Pts',(-10.9089466791863,-4.38741455101597,9.89455277121918));
#5311=CARTESIAN_POINT('Ctrl Pts',(-10.9089194334308,-4.50383299543393,9.89456429469147));
#5312=CARTESIAN_POINT('Ctrl Pts',(-10.9089119976304,-4.5982927958942,9.89456743895244));
#5313=CARTESIAN_POINT('Ctrl Pts',(-10.9089105579507,-4.6418719838259,9.89456804772886));
#5314=CARTESIAN_POINT('Ctrl Pts',(-10.9089100373131,-4.66365981388245,9.89456826783469));
#5315=CARTESIAN_POINT('Ctrl Pts',(-10.9089093776843,-4.68544887486753,9.89456854670646));
#5316=CARTESIAN_POINT('Ctrl Pts',(-10.9089078976978,-4.72902842063235,9.89456917232532));
#5317=CARTESIAN_POINT('Ctrl Pts',(-10.9088956946145,-4.79448615550019,9.89457433066052));
#5318=CARTESIAN_POINT('Ctrl Pts',(-10.9088835854154,-4.88172627962005,9.89457944893625));
#5319=CARTESIAN_POINT('Ctrl Pts',(-10.9088695043801,-4.9689838682088,9.8945854005491));
#5320=CARTESIAN_POINT('Ctrl Pts',(-10.9088547629659,-5.04172516083099,9.89459163098464));
#5321=CARTESIAN_POINT('Ctrl Pts',(-10.9088488645379,-5.09986598692317,9.89459412385497));
#5322=CARTESIAN_POINT('Ctrl Pts',(-10.908845913308,-5.15798070994254,9.89459537114988));
#5323=CARTESIAN_POINT('Ctrl Pts',(-10.9088268778348,-5.20534628154653,9.89460341580814));
#5324=CARTESIAN_POINT('Ctrl Pts',(-10.9088254249066,-5.24166451535082,9.89460402982358));
#5325=CARTESIAN_POINT('Ctrl Pts',(-10.9088251915922,-5.25618872789917,9.8946041284233));
#5326=CARTESIAN_POINT('Ctrl Pts',(-10.9088226774264,-5.2816247517413,9.89460519087953));
#5327=CARTESIAN_POINT('Ctrl Pts',(-10.9088193693352,-5.33248156302132,9.89460658885491));
#5328=CARTESIAN_POINT('Ctrl Pts',(-10.9087937011578,-5.37990588431969,9.89461743568074));
#5329=CARTESIAN_POINT('Ctrl Pts',(-10.9087918022576,-5.41622806836327,9.89461823810773));
#5330=CARTESIAN_POINT('Ctrl Pts',(-10.908791488173,-5.43075299634366,9.89461837083009));
#5331=CARTESIAN_POINT('Ctrl Pts',(-10.9087895633882,-5.44529219060642,9.8946191841792));
#5332=CARTESIAN_POINT('Ctrl Pts',(-10.9087890612374,-5.45981878434422,9.89461939636753));
#5333=CARTESIAN_POINT('Ctrl Pts',(-10.9087885492688,-5.47434546503507,9.89461961270547));
#5334=CARTESIAN_POINT('Ctrl Pts',(-10.9087863829416,-5.48888679879207,9.89462052809813));
#5335=CARTESIAN_POINT('Ctrl Pts',(-10.9087858960901,-5.5034132570324,9.89462073381822));
#5336=CARTESIAN_POINT('Ctrl Pts',(-10.9087852191536,-5.51431086239832,9.89462101985789));
#5337=CARTESIAN_POINT('Ctrl Pts',(-10.9087847141369,-5.52520694501342,9.89462123325141));
#5338=CARTESIAN_POINT('Ctrl Pts',(-10.9087840631831,-5.5342890520178,9.89462150830894));
#5339=CARTESIAN_POINT('Ctrl Pts',(-10.908783888128,-5.54155167553343,9.89462158227721));
#5340=CARTESIAN_POINT('Ctrl Pts',(-10.9087837047065,-5.54699910500997,9.8946216597805));
#5341=CARTESIAN_POINT('Ctrl Pts',(-10.9087835510232,-5.55244627082357,9.89462172471743));
#5342=CARTESIAN_POINT('Ctrl Pts',(-10.9087833726897,-5.55698602138454,9.89462180007068));
#5343=CARTESIAN_POINT('Ctrl Pts',(-10.9087833133257,-5.56061708318,9.89462182515318));
#5344=CARTESIAN_POINT('Ctrl Pts',(-10.9087832704377,-5.56424800105104,9.89462184327741));
#5345=CARTESIAN_POINT('Ctrl Pts',(-10.908783066092,-5.5678803424636,9.89462192961182));
#5346=CARTESIAN_POINT('Ctrl Pts',(-10.9087830268493,-5.57151123518171,9.89462194620594));
#5347=CARTESIAN_POINT('Ctrl Pts',(-10.9087829688133,-5.57378092464708,9.89462197070547));
#5348=CARTESIAN_POINT('Ctrl Pts',(-10.9087829551434,-5.5753694978374,9.89462197651263));
#5349=CARTESIAN_POINT('Ctrl Pts',(-10.908782950643,-5.57627723445159,9.8946219783697));
#5350=CARTESIAN_POINT('Ctrl Pts',(-10.9087829455533,-5.57718498363738,9.89462198064986));
#5351=CARTESIAN_POINT('Ctrl Pts',(-10.9087829379737,-5.57809275941393,9.89462198341108));
#5352=CARTESIAN_POINT('Ctrl Pts',(-10.9087829250789,-5.57888713484082,9.89462198946124));
#5353=CARTESIAN_POINT('Ctrl Pts',(-10.9087829355402,-5.57928416610151,9.89462198431188));
#5354=CARTESIAN_POINT('Ctrl Pts',(-10.9087829173516,-5.57951126848677,9.89462199309843));
#5355=CARTESIAN_POINT('Ctrl Pts',(-10.9087829513148,-5.57962441622882,9.8946219766524));
#5356=CARTESIAN_POINT('Ctrl Pts',(-10.9087326979566,-5.62785964059967,9.89464628745801));
#5357=CARTESIAN_POINT('Ctrl Pts',(-10.898491866936,-5.76213840270013,9.89664713614452));
#5358=CARTESIAN_POINT('Ctrl Pts',(-10.8557606466799,-6.0032327234188,9.89891081522549));
#5359=CARTESIAN_POINT('Ctrl Pts',(-10.7951049562804,-6.18797357734385,9.90070239612116));
#5360=CARTESIAN_POINT('Ctrl Pts',(-10.7445114311388,-6.30043048900377,9.90146246942398));
#5361=CARTESIAN_POINT('Ctrl Pts',(-10.4927625346276,-6.19083713410724,10.));
#5362=CARTESIAN_POINT('Ctrl Pts',(-10.4328703687933,-6.32660841825871,9.99998440323457));
#5363=CARTESIAN_POINT('Ctrl Pts',(-10.2728073491283,-6.58369042917965,9.9999560591366));
#5364=CARTESIAN_POINT('Ctrl Pts',(-9.93539567653581,-6.88314689748939,9.99995063995894));
#5365=CARTESIAN_POINT('Ctrl Pts',(-9.52823221872609,-7.07673465549705,9.999981817809));
#5366=CARTESIAN_POINT('Ctrl Pts',(-9.2289833070996,-7.12352940540682,10.0000166709646));
#5367=CARTESIAN_POINT('Ctrl Pts',(-9.02614418450104,-7.12552966167837,10.0000565917807));
#5368=CARTESIAN_POINT('Ctrl Pts',(-8.93424587739264,-7.12523936305267,10.0000481089952));
#5369=CARTESIAN_POINT('Ctrl Pts',(-8.74381428767182,-7.12540191680339,10.0000492898884));
#5370=CARTESIAN_POINT('Ctrl Pts',(-8.41397860093963,-7.1253129431499,10.0000400823793));
#5371=CARTESIAN_POINT('Ctrl Pts',(-7.94079569793133,-7.12543380085661,10.0000273135183));
#5372=CARTESIAN_POINT('Ctrl Pts',(-7.37404390759377,-7.12541451088233,10.0000180525433));
#5373=CARTESIAN_POINT('Ctrl Pts',(-6.806723837442,-7.12545206111062,10.0000117132467));
#5374=CARTESIAN_POINT('Ctrl Pts',(-6.23959393053736,-7.12545417539349,10.000007692397));
#5375=CARTESIAN_POINT('Ctrl Pts',(-5.67233696095146,-7.12546563095316,10.0000050010899));
#5376=CARTESIAN_POINT('Ctrl Pts',(-5.1051094185587,-7.12546860571753,10.0000032703985));
#5377=CARTESIAN_POINT('Ctrl Pts',(-4.53785116155621,-7.12547264203808,10.0000021015573));
#5378=CARTESIAN_POINT('Ctrl Pts',(-3.97059437677478,-7.12547429280459,10.0000013745438));
#5379=CARTESIAN_POINT('Ctrl Pts',(-3.40333105958577,-7.12547608249179,10.0000007852453));
#5380=CARTESIAN_POINT('Ctrl Pts',(-2.83606247306061,-7.12547657318134,10.000000588964));
#5381=CARTESIAN_POINT('Ctrl Pts',(-2.26879313842625,-7.12547716446561,10.0000003933113));
#5382=CARTESIAN_POINT('Ctrl Pts',(-1.70152304209934,-7.12547754742149,10.0000002595202));
#5383=CARTESIAN_POINT('Ctrl Pts',(-1.13425175912852,-7.12547781691902,10.000000180249));
#5384=CARTESIAN_POINT('Ctrl Pts',(-0.566979946950801,-7.12547801706541,
10.0000001307086));
#5385=CARTESIAN_POINT('Ctrl Pts',(0.000292483305024381,-7.12547818826624,
10.0000001068256));
#5386=CARTESIAN_POINT('Ctrl Pts',(0.567565396114503,-7.1254783566452,10.0000001012791));
#5387=CARTESIAN_POINT('Ctrl Pts',(1.1348389958225,-7.12547856344311,10.0000001159244));
#5388=CARTESIAN_POINT('Ctrl Pts',(1.70211327701966,-7.125478824028,10.0000001486988));
#5389=CARTESIAN_POINT('Ctrl Pts',(2.26938900176202,-7.12547923554366,10.0000002153452));
#5390=CARTESIAN_POINT('Ctrl Pts',(2.83666594597974,-7.12547977916049,10.0000003095423));
#5391=CARTESIAN_POINT('Ctrl Pts',(3.40394342682698,-7.12548036865682,10.0000004182705));
#5392=CARTESIAN_POINT('Ctrl Pts',(3.9712290426677,-7.1254819056289,10.0000007030365));
#5393=CARTESIAN_POINT('Ctrl Pts',(4.53852095735229,-7.12548418627809,10.0000011283558));
#5394=CARTESIAN_POINT('Ctrl Pts',(5.10581651320845,-7.12548684959453,10.0000016288966));
#5395=CARTESIAN_POINT('Ctrl Pts',(5.57858748665897,-7.12549202090834,10.0000025935178));
#5396=CARTESIAN_POINT('Ctrl Pts',(5.95678751570653,-7.12549408008667,10.0000029863953));
#5397=CARTESIAN_POINT('Ctrl Pts',(6.33499875523124,-7.12549775386352,10.0000036562888));
#5398=CARTESIAN_POINT('Ctrl Pts',(6.8078259828285,-7.12550848928729,10.0000057478027));
#5399=CARTESIAN_POINT('Ctrl Pts',(7.28071668894163,-7.12552935078745,10.0000095096961));
#5400=CARTESIAN_POINT('Ctrl Pts',(7.65897836111311,-7.1255360790338,10.0000109890688));
#5401=CARTESIAN_POINT('Ctrl Pts',(8.03725399194858,-7.12555416687858,10.000013782965));
#5402=CARTESIAN_POINT('Ctrl Pts',(8.51044355327489,-7.12557792222252,10.0000207642581));
#5403=CARTESIAN_POINT('Ctrl Pts',(8.88895587548964,-7.12567358916164,10.0000339162395));
#5404=CARTESIAN_POINT('Ctrl Pts',(9.12440446357746,-7.12563534257036,10.0000360818826));
#5405=CARTESIAN_POINT('Ctrl Pts',(9.2275709506873,-7.11953474083341,10.0000089197283));
#5406=CARTESIAN_POINT('Ctrl Pts',(9.42706179084554,-7.08816526911743,9.99997647592872));
#5407=CARTESIAN_POINT('Ctrl Pts',(9.76743184516674,-6.9823887943006,9.99993292373473));
#5408=CARTESIAN_POINT('Ctrl Pts',(10.193246188814,-6.69649300686514,9.99990525295533));
#5409=CARTESIAN_POINT('Ctrl Pts',(10.5386669794104,-6.18445400993468,9.9999381677309));
#5410=CARTESIAN_POINT('Ctrl Pts',(10.623110602217,-5.78139331167378,9.9999799533137));
#5411=CARTESIAN_POINT('Ctrl Pts',(10.6257024573016,-5.51465747415741,10.0000343369918));
#5412=CARTESIAN_POINT('Ctrl Pts',(10.6253425626254,-5.40217379589307,10.0000243036715));
#5413=CARTESIAN_POINT('Ctrl Pts',(10.6255434346937,-5.16790548745245,10.0000268710424));
#5414=CARTESIAN_POINT('Ctrl Pts',(10.6254168892316,-4.87903331867629,10.0000177710238));
#5415=CARTESIAN_POINT('Ctrl Pts',(10.6254882820864,-4.52997422109421,10.0000155510211));
#5416=CARTESIAN_POINT('Ctrl Pts',(10.6254604804585,-4.18190531137355,10.0000111380654));
#5417=CARTESIAN_POINT('Ctrl Pts',(10.6254760501532,-3.83334188549458,10.0000089446345));
#5418=CARTESIAN_POINT('Ctrl Pts',(10.6254715494366,-3.48495935684765,10.0000067077704));
#5419=CARTESIAN_POINT('Ctrl Pts',(10.6254754857558,-3.13646436002561,10.0000052367928));
#5420=CARTESIAN_POINT('Ctrl Pts',(10.6254752975547,-2.7879969293767,10.000003959726));
#5421=CARTESIAN_POINT('Ctrl Pts',(10.6254765919701,-2.43949628040377,10.0000030908475));
#5422=CARTESIAN_POINT('Ctrl Pts',(10.6254772066655,-2.09100225899649,10.0000022317448));
#5423=CARTESIAN_POINT('Ctrl Pts',(10.6254776006562,-1.74248166408926,10.0000019319841));
#5424=CARTESIAN_POINT('Ctrl Pts',(10.625478145248,-1.39396554614257,10.0000015563998));
#5425=CARTESIAN_POINT('Ctrl Pts',(10.6254787350866,-1.0454444677272,10.0000012841683));
#5426=CARTESIAN_POINT('Ctrl Pts',(10.6254793361384,-0.696919774022179,10.0000011053277));
#5427=CARTESIAN_POINT('Ctrl Pts',(10.6254800274404,-0.348391929543635,10.000000999571));
#5428=CARTESIAN_POINT('Ctrl Pts',(10.6254808413852,0.000138728966013959,
10.0000009638091));
#5429=CARTESIAN_POINT('Ctrl Pts',(10.6254818356743,0.348672039142351,10.0000009928234));
#5430=CARTESIAN_POINT('Ctrl Pts',(10.6254830883344,0.697208143197859,10.0000010918554));
#5431=CARTESIAN_POINT('Ctrl Pts',(10.6254846569028,1.04574706485484,10.000001261745));
#5432=CARTESIAN_POINT('Ctrl Pts',(10.625486712677,1.39428971640392,10.0000015265056));
#5433=CARTESIAN_POINT('Ctrl Pts',(10.6254893129197,1.74283605271502,10.0000018856243));
#5434=CARTESIAN_POINT('Ctrl Pts',(10.625491305292,2.09138019491686,10.0000021851892));
#5435=CARTESIAN_POINT('Ctrl Pts',(10.6254966807679,2.43994414612924,10.0000029976353));
#5436=CARTESIAN_POINT('Ctrl Pts',(10.6255024951118,2.78851151603888,10.0000038972072));
#5437=CARTESIAN_POINT('Ctrl Pts',(10.625509724642,3.13708753173696,10.0000050192139));
#5438=CARTESIAN_POINT('Ctrl Pts',(10.6255206189824,3.48568605384224,10.0000067236079));
#5439=CARTESIAN_POINT('Ctrl Pts',(10.6255306199995,3.83427943058376,10.0000082908478));
#5440=CARTESIAN_POINT('Ctrl Pts',(10.6255477032199,4.0957825987844,10.0000109742346));
#5441=CARTESIAN_POINT('Ctrl Pts',(10.6255503912273,4.27006554261495,10.0000113979233));
#5442=CARTESIAN_POINT('Ctrl Pts',(10.6255523050699,4.38625408599408,10.0000116967587));
#5443=CARTESIAN_POINT('Ctrl Pts',(10.6255597211464,4.53152397411335,10.0000128743876));
#5444=CARTESIAN_POINT('Ctrl Pts',(10.6255691608417,4.70584152447317,10.0000143380639));
#5445=CARTESIAN_POINT('Ctrl Pts',(10.6255781554326,4.88017644465409,10.0000158053102));
#5446=CARTESIAN_POINT('Ctrl Pts',(10.6255949833101,5.05451490479009,10.0000183449848));
#5447=CARTESIAN_POINT('Ctrl Pts',(10.625600397805,5.28699491251637,10.0000195350988));
#5448=CARTESIAN_POINT('Ctrl Pts',(10.625669369293,5.46139485046847,10.0000293512065));
#5449=CARTESIAN_POINT('Ctrl Pts',(10.6256658545401,5.6239929593814,10.0000312602466));
#5450=CARTESIAN_POINT('Ctrl Pts',(10.6193992275049,5.72793024696565,10.0000046136389));
#5451=CARTESIAN_POINT('Ctrl Pts',(10.5884741269229,5.92534651163687,9.99997346851833));
#5452=CARTESIAN_POINT('Ctrl Pts',(10.5123304422992,6.17084238457509,9.99994412678589));
#5453=CARTESIAN_POINT('Ctrl Pts',(10.3683479258448,6.43673531715071,9.9999238913943));
#5454=CARTESIAN_POINT('Ctrl Pts',(10.1104387808011,6.75150342043221,9.99990992755095));
#5455=CARTESIAN_POINT('Ctrl Pts',(9.68242673720359,7.03914235205593,9.99993860774437));
#5456=CARTESIAN_POINT('Ctrl Pts',(9.28046052538877,7.12335823957812,9.99997723659571));
#5457=CARTESIAN_POINT('Ctrl Pts',(9.02628450031744,7.12570231476302,10.0000288876892));
#5458=CARTESIAN_POINT('Ctrl Pts',(8.93463360248774,7.12541929604586,10.0000207971475));
#5459=CARTESIAN_POINT('Ctrl Pts',(8.74395119207344,7.12557975555784,10.0000234064545));
#5460=CARTESIAN_POINT('Ctrl Pts',(8.55610174759769,7.12547022452681,10.0000157881766));
#5461=CARTESIAN_POINT('Ctrl Pts',(8.36672699119278,7.12550021262838,10.0000156650079));
#5462=CARTESIAN_POINT('Ctrl Pts',(8.17778752728447,7.1254879588293,10.0000142277969));
#5463=CARTESIAN_POINT('Ctrl Pts',(7.94144607354128,7.12549262630163,10.0000116550789));
#5464=CARTESIAN_POINT('Ctrl Pts',(7.65791881754759,7.12548666182247,10.0000095294769));
#5465=CARTESIAN_POINT('Ctrl Pts',(7.37433001692475,7.12548646728441,10.0000076585339));
#5466=CARTESIAN_POINT('Ctrl Pts',(7.09074855544807,7.12548424406621,10.0000062130777));
#5467=CARTESIAN_POINT('Ctrl Pts',(6.80714751839619,7.12548336952552,10.0000050140793));
#5468=CARTESIAN_POINT('Ctrl Pts',(6.52354205351135,7.12548224983989,10.0000040579245));
#5469=CARTESIAN_POINT('Ctrl Pts',(6.23992791466409,7.125481528828,10.0000032786308));
#5470=CARTESIAN_POINT('Ctrl Pts',(5.95630904005518,7.12548086343306,10.0000026510141));
#5471=CARTESIAN_POINT('Ctrl Pts',(5.67268531997916,7.12548036222025,10.0000021421173));
#5472=CARTESIAN_POINT('Ctrl Pts',(5.38905813874815,7.12547994048152,10.0000017308941));
#5473=CARTESIAN_POINT('Ctrl Pts',(5.10542795699922,7.12547960683554,10.0000013978337));
#5474=CARTESIAN_POINT('Ctrl Pts',(4.82179544454216,7.1254793337282,10.0000011281935));
#5475=CARTESIAN_POINT('Ctrl Pts',(4.53816100593046,7.12547911444639,10.0000009097013));
#5476=CARTESIAN_POINT('Ctrl Pts',(4.25452504192959,7.12547893629418,10.0000007322575));
#5477=CARTESIAN_POINT('Ctrl Pts',(3.97088781972462,7.12547879294965,10.0000005884143));
#5478=CARTESIAN_POINT('Ctrl Pts',(3.68724963915233,7.12547867597888,10.0000004702633));
#5479=CARTESIAN_POINT('Ctrl Pts',(3.40361057846491,7.12547858358488,10.0000003756436));
#5480=CARTESIAN_POINT('Ctrl Pts',(3.11997111336469,7.12547850293303,10.0000002918299));
#5481=CARTESIAN_POINT('Ctrl Pts',(2.83632947745724,7.12547847993748,10.0000002662266));
#5482=CARTESIAN_POINT('Ctrl Pts',(2.55268919372136,7.1254784251533,10.0000002041755));
#5483=CARTESIAN_POINT('Ctrl Pts',(2.26904776954583,7.12547840103796,10.000000172689));
#5484=CARTESIAN_POINT('Ctrl Pts',(1.98540640401134,7.12547837785382,10.0000001395165));
#5485=CARTESIAN_POINT('Ctrl Pts',(1.70176464069342,7.1254783673372,10.0000001169148));
#5486=CARTESIAN_POINT('Ctrl Pts',(1.41812274558606,7.12547836329673,10.0000000977113));
#5487=CARTESIAN_POINT('Ctrl Pts',(1.13448064781696,7.12547836810595,10.0000000837839));
#5488=CARTESIAN_POINT('Ctrl Pts',(0.850838415255142,7.12547838083414,10.0000000732727));
#5489=CARTESIAN_POINT('Ctrl Pts',(0.5671960434424,7.12547840258495,10.0000000662523));
#5490=CARTESIAN_POINT('Ctrl Pts',(0.283553551460422,7.12547843407785,10.0000000621549));
#5491=CARTESIAN_POINT('Ctrl Pts',(-8.90609664494953E-5,7.12547847692701,
10.0000000609144));
#5492=CARTESIAN_POINT('Ctrl Pts',(-0.283731792070703,7.12547853283717,10.0000000624033));
#5493=CARTESIAN_POINT('Ctrl Pts',(-0.567374651684701,7.12547860478972,10.0000000667609));
#5494=CARTESIAN_POINT('Ctrl Pts',(-0.85101764625834,7.12547869507832,10.0000000740631));
#5495=CARTESIAN_POINT('Ctrl Pts',(-1.13466080684541,7.12547880994008,10.0000000848951));
#5496=CARTESIAN_POINT('Ctrl Pts',(-1.41830413159134,7.1254789497839,10.0000000991864));
#5497=CARTESIAN_POINT('Ctrl Pts',(-1.70194771612857,7.1254791316732,10.0000001188373));
#5498=CARTESIAN_POINT('Ctrl Pts',(-1.98559146654623,7.12547933984625,10.000000141936));
#5499=CARTESIAN_POINT('Ctrl Pts',(-2.2692357468468,7.12547963744607,10.0000001757988));
#5500=CARTESIAN_POINT('Ctrl Pts',(-2.55287993715807,7.1254799177567,10.0000002079296));
#5501=CARTESIAN_POINT('Ctrl Pts',(-2.83652567061295,7.12548046274068,10.0000002712137));
#5502=CARTESIAN_POINT('Ctrl Pts',(-3.12016955502832,7.12548068720228,10.0000002973235));
#5503=CARTESIAN_POINT('Ctrl Pts',(-3.40381637978026,7.125481416519,10.0000003827693));
#5504=CARTESIAN_POINT('Ctrl Pts',(-3.6874637483422,7.12548223843673,10.0000004792226));
#5505=CARTESIAN_POINT('Ctrl Pts',(-3.97111230336428,7.12548326324375,10.0000005996597));
#5506=CARTESIAN_POINT('Ctrl Pts',(-4.25476215396278,7.12548450966779,10.0000007462714));
#5507=CARTESIAN_POINT('Ctrl Pts',(-4.53841369997407,7.12548604649221,10.0000009271457));
#5508=CARTESIAN_POINT('Ctrl Pts',(-4.82206731624263,7.12548793757258,10.0000011498131));
#5509=CARTESIAN_POINT('Ctrl Pts',(-5.10572351533541,7.12549027180556,10.0000014247037));
#5510=CARTESIAN_POINT('Ctrl Pts',(-5.3893829106375,7.12549315209918,10.0000017640209));
#5511=CARTESIAN_POINT('Ctrl Pts',(-5.67304625994038,7.12549671340154,10.0000021834726));
#5512=CARTESIAN_POINT('Ctrl Pts',(-5.95671451749329,7.12550110798973,10.000002701419));
#5513=CARTESIAN_POINT('Ctrl Pts',(-6.24038881388054,7.1255065549107,10.0000033427243));
#5514=CARTESIAN_POINT('Ctrl Pts',(-6.52407065962133,7.12551325652571,10.0000041333405));
#5515=CARTESIAN_POINT('Ctrl Pts',(-6.8077616679067,7.12552161582455,10.0000051160277));
#5516=CARTESIAN_POINT('Ctrl Pts',(-7.09146440338376,7.1255317892816,10.0000063197886));
#5517=CARTESIAN_POINT('Ctrl Pts',(-7.37518076165046,7.12554473521157,10.0000078338952));
#5518=CARTESIAN_POINT('Ctrl Pts',(-7.65891594178141,7.12555992722935,10.0000096492332));
#5519=CARTESIAN_POINT('Ctrl Pts',(-7.94266998451479,7.12558054411378,10.0000120219589));
#5520=CARTESIAN_POINT('Ctrl Pts',(-8.22645723851449,7.12560194680425,10.0000146704175));
#5521=CARTESIAN_POINT('Ctrl Pts',(-8.51026339740192,7.12563758457293,10.0000185857683));
#5522=CARTESIAN_POINT('Ctrl Pts',(-8.79414389906287,7.12566093311038,10.0000219874334));
#5523=CARTESIAN_POINT('Ctrl Pts',(-8.98336004255541,7.12571458041206,10.0000270807725));
#5524=CARTESIAN_POINT('Ctrl Pts',(-9.12400530341336,7.1256979907232,10.0000280983942));
#5525=CARTESIAN_POINT('Ctrl Pts',(-9.227197024461,7.11958711581279,10.0000012885625));
#5526=CARTESIAN_POINT('Ctrl Pts',(-9.42666637437486,7.08828428659833,9.99996930633606));
#5527=CARTESIAN_POINT('Ctrl Pts',(-9.76720640830808,6.98229129906153,9.99992576472026));
#5528=CARTESIAN_POINT('Ctrl Pts',(-10.1928770152324,6.69722260382089,9.99990193505326));
#5529=CARTESIAN_POINT('Ctrl Pts',(-10.481291911907,6.26899067785899,9.99992273458688));
#5530=CARTESIAN_POINT('Ctrl Pts',(-10.6016404824786,5.88370673996053,9.99997024464848));
#5531=CARTESIAN_POINT('Ctrl Pts',(-10.6241305239094,5.67973107489774,10.0000038787979));
#5532=CARTESIAN_POINT('Ctrl Pts',(-10.6256780698973,5.51416008581663,10.0000386175846));
#5533=CARTESIAN_POINT('Ctrl Pts',(-10.6253331912699,5.40173272599103,10.0000278812506));
#5534=CARTESIAN_POINT('Ctrl Pts',(-10.6255275828664,5.16748772863446,10.0000302053098));
#5535=CARTESIAN_POINT('Ctrl Pts',(-10.6254094067268,4.87874492838819,10.0000195838213));
#5536=CARTESIAN_POINT('Ctrl Pts',(-10.6254815021067,4.52976377644531,10.0000162396433));
#5537=CARTESIAN_POINT('Ctrl Pts',(-10.6254555225781,4.18179511153166,10.0000107430075));
#5538=CARTESIAN_POINT('Ctrl Pts',(-10.6254734031808,3.89138460021718,10.0000075071547));
#5539=CARTESIAN_POINT('Ctrl Pts',(-10.625470994815,3.70268299299977,10.0000064272274));
#5540=CARTESIAN_POINT('Ctrl Pts',(-10.6254714499926,3.61555212735784,10.0000063250328));
#5541=CARTESIAN_POINT('Ctrl Pts',(-10.6254714122804,3.57198834379113,10.0000062863313));
#5542=CARTESIAN_POINT('Ctrl Pts',(-10.6254714721597,3.52842292927869,10.0000062601989));
#5543=CARTESIAN_POINT('Ctrl Pts',(-10.6254715905319,3.38320851157759,10.0000061246108));
#5544=CARTESIAN_POINT('Ctrl Pts',(-10.6254729537841,3.1363969880772,10.0000048338678));
#5545=CARTESIAN_POINT('Ctrl Pts',(-10.6254736524287,2.78789799235195,10.0000041846388));
#5546=CARTESIAN_POINT('Ctrl Pts',(-10.6254743330679,2.43940466947838,10.0000034461923));
#5547=CARTESIAN_POINT('Ctrl Pts',(-10.6254754808078,1.51002173173581,10.0000026901575));
#5548=CARTESIAN_POINT('Ctrl Pts',(-10.6254745754729,0.580689549241647,10.0000014527623));
#5549=CARTESIAN_POINT('Ctrl Pts',(-10.6254740922855,-0.348723596402905,
10.0000014658348));
#5550=CARTESIAN_POINT('Ctrl Pts',(-10.6254735520809,-0.697259469443255,
10.0000016285033));
#5551=CARTESIAN_POINT('Ctrl Pts',(-10.6254727408007,-1.04579733627653,10.0000018695675));
#5552=CARTESIAN_POINT('Ctrl Pts',(-10.625471505549,-1.39434020668987,10.0000022640331));
#5553=CARTESIAN_POINT('Ctrl Pts',(-10.6254698649412,-1.74288702933486,10.0000027915836));
#5554=CARTESIAN_POINT('Ctrl Pts',(-10.6254685091491,-2.09143175647701,10.0000032367513));
#5555=CARTESIAN_POINT('Ctrl Pts',(-10.6254648648402,-2.43999877962549,10.0000044329995));
#5556=CARTESIAN_POINT('Ctrl Pts',(-10.6254607992131,-2.78857031363508,10.000005774154));
#5557=CARTESIAN_POINT('Ctrl Pts',(-10.6254558435059,-3.1371506533027,10.0000074096167));
#5558=CARTESIAN_POINT('Ctrl Pts',(-10.6254480546317,-3.48575917760826,10.0000099844203));
#5559=CARTESIAN_POINT('Ctrl Pts',(-10.6254414139403,-3.83435637110388,10.000012180035));
#5560=CARTESIAN_POINT('Ctrl Pts',(-10.6254298896168,-4.07045538603424,10.0000159927135));
#5561=CARTESIAN_POINT('Ctrl Pts',(-10.6254289249148,-4.19390318305166,10.0000163118829));
#5562=CARTESIAN_POINT('Ctrl Pts',(-10.6254289356958,-4.20842522251615,10.0000163083189));
#5563=CARTESIAN_POINT('Ctrl Pts',(-10.6254288287534,-4.23384003792616,10.0000163437089));
#5564=CARTESIAN_POINT('Ctrl Pts',(-10.6254282568119,-4.28467321960561,10.0000165330215));
#5565=CARTESIAN_POINT('Ctrl Pts',(-10.6254267473776,-4.3863432070818,10.0000170326429));
#5566=CARTESIAN_POINT('Ctrl Pts',(-10.6254188963488,-4.50259822295177,10.0000196314902));
#5567=CARTESIAN_POINT('Ctrl Pts',(-10.6254167537611,-4.59701341938949,10.0000203407624));
#5568=CARTESIAN_POINT('Ctrl Pts',(-10.6254163389247,-4.64058397133434,10.0000204780878));
#5569=CARTESIAN_POINT('Ctrl Pts',(-10.6254161889115,-4.66236867819468,10.0000205277498));
#5570=CARTESIAN_POINT('Ctrl Pts',(-10.6254159988496,-4.68415378221894,10.0000205906696));
#5571=CARTESIAN_POINT('Ctrl Pts',(-10.6254155724236,-4.72772444968817,10.0000207318414));
#5572=CARTESIAN_POINT('Ctrl Pts',(-10.6254120563876,-4.79310897906728,10.0000218958602));
#5573=CARTESIAN_POINT('Ctrl Pts',(-10.625408567448,-4.88027645992718,10.0000230509266));
#5574=CARTESIAN_POINT('Ctrl Pts',(-10.6254045103905,-4.96744957588991,10.0000243940823));
#5575=CARTESIAN_POINT('Ctrl Pts',(-10.6254002631,-5.04010243346956,10.0000258002324));
#5576=CARTESIAN_POINT('Ctrl Pts',(-10.6253985636583,-5.09820787413511,10.0000263628708));
#5577=CARTESIAN_POINT('Ctrl Pts',(-10.6253977133557,-5.15630489236792,10.0000266443822));
#5578=CARTESIAN_POINT('Ctrl Pts',(-10.6253922289427,-5.2035562667823,10.000028460138));
#5579=CARTESIAN_POINT('Ctrl Pts',(-10.6253918103333,-5.23986578417984,10.00002859873));
#5580=CARTESIAN_POINT('Ctrl Pts',(-10.625391743112,-5.25438859702731,10.0000286209854));
#5581=CARTESIAN_POINT('Ctrl Pts',(-10.6253910187502,-5.27980953777051,10.0000288608071));
#5582=CARTESIAN_POINT('Ctrl Pts',(-10.6253900656468,-5.33064650303946,10.0000291763599));
#5583=CARTESIAN_POINT('Ctrl Pts',(-10.6253826703606,-5.37791683401113,10.000031624803));
#5584=CARTESIAN_POINT('Ctrl Pts',(-10.6253821232673,-5.414227626019,10.0000318059359));
#5585=CARTESIAN_POINT('Ctrl Pts',(-10.6253820327765,-5.42875066971276,10.0000318358959));
#5586=CARTESIAN_POINT('Ctrl Pts',(-10.6253814782276,-5.44327831660897,10.000032019498));
#5587=CARTESIAN_POINT('Ctrl Pts',(-10.6253813335536,-5.45780189778273,10.0000320673974));
#5588=CARTESIAN_POINT('Ctrl Pts',(-10.6253811860509,-5.47232550701222,10.0000321162333));
#5589=CARTESIAN_POINT('Ctrl Pts',(-10.6253805619143,-5.48685384425371,10.0000323228759));
#5590=CARTESIAN_POINT('Ctrl Pts',(-10.6253804216486,-5.50137738170661,10.0000323693159));
#5591=CARTESIAN_POINT('Ctrl Pts',(-10.6253802266181,-5.51227092589726,10.0000324338879));
#5592=CARTESIAN_POINT('Ctrl Pts',(-10.6253800811191,-5.52316397873961,10.0000324820607));
#5593=CARTESIAN_POINT('Ctrl Pts',(-10.6253798935747,-5.5322421804392,10.0000325441542));
#5594=CARTESIAN_POINT('Ctrl Pts',(-10.6253798431402,-5.53950375373572,10.0000325608525));
#5595=CARTESIAN_POINT('Ctrl Pts',(-10.6253797902952,-5.5449500827987,10.0000325783487));
#5596=CARTESIAN_POINT('Ctrl Pts',(-10.6253797460182,-5.55039632661086,10.0000325930086));
#5597=CARTESIAN_POINT('Ctrl Pts',(-10.625379694639,-5.55493500727864,10.000032610019));
#5598=CARTESIAN_POINT('Ctrl Pts',(-10.6253796775363,-5.55856571293177,10.0000326156825));
#5599=CARTESIAN_POINT('Ctrl Pts',(-10.625379665179,-5.56219637348744,10.0000326197712));
#5600=CARTESIAN_POINT('Ctrl Pts',(-10.6253796063093,-5.56582748899603,10.0000326392714));
#5601=CARTESIAN_POINT('Ctrl Pts',(-10.625379594998,-5.56945814621246,10.0000326430026));
#5602=CARTESIAN_POINT('Ctrl Pts',(-10.6253795782868,-5.5717274876184,10.0000326485597));
#5603=CARTESIAN_POINT('Ctrl Pts',(-10.6253795743356,-5.57331597862916,10.0000326498343));
#5604=CARTESIAN_POINT('Ctrl Pts',(-10.6253795730572,-5.57422368848339,10.0000326503054));
#5605=CARTESIAN_POINT('Ctrl Pts',(-10.6253795715378,-5.57513140643485,10.0000326506692));
#5606=CARTESIAN_POINT('Ctrl Pts',(-10.6253795695348,-5.57603913911905,10.0000326518065));
#5607=CARTESIAN_POINT('Ctrl Pts',(-10.6253795655734,-5.57683343393879,10.0000326524717));
#5608=CARTESIAN_POINT('Ctrl Pts',(-10.6253795688858,-5.57723053189442,10.0000326521582));
#5609=CARTESIAN_POINT('Ctrl Pts',(-10.6253795631947,-5.57745751921755,10.0000326528594));
#5610=CARTESIAN_POINT('Ctrl Pts',(-10.6253795738377,-5.57757088202347,10.0000326515867));
#5611=CARTESIAN_POINT('Ctrl Pts',(-10.6253638356648,-5.62548801518005,10.0000345567727));
#5612=CARTESIAN_POINT('Ctrl Pts',(-10.6186711864078,-5.73388086403722,10.000023652261));
#5613=CARTESIAN_POINT('Ctrl Pts',(-10.5847028839056,-5.94121386178042,9.99999136766982));
#5614=CARTESIAN_POINT('Ctrl Pts',(-10.5350346993259,-6.09500914049575,10.0000110082684));
#5615=CARTESIAN_POINT('Ctrl Pts',(-10.4927625346276,-6.19083713410724,10.));
#5616=CARTESIAN_POINT('Ctrl Pts',(-10.3666053508814,-6.13591737397067,10.));
#5617=CARTESIAN_POINT('Ctrl Pts',(-10.3126519792545,-6.25985464902682,10.));
#5618=CARTESIAN_POINT('Ctrl Pts',(-10.16711648911,-6.49482100148304,10.));
#5619=CARTESIAN_POINT('Ctrl Pts',(-9.8588399451407,-6.76782943937325,10.));
#5620=CARTESIAN_POINT('Ctrl Pts',(-9.48662467037488,-6.94257570129722,10.));
#5621=CARTESIAN_POINT('Ctrl Pts',(-9.21393211964944,-6.98289477521866,10.));
#5622=CARTESIAN_POINT('Ctrl Pts',(-9.02943200714749,-6.9829891099586,10.));
#5623=CARTESIAN_POINT('Ctrl Pts',(-8.93473587170721,-6.98298997951919,10.));
#5624=CARTESIAN_POINT('Ctrl Pts',(-8.74569006368215,-6.98300881811651,10.));
#5625=CARTESIAN_POINT('Ctrl Pts',(-8.41466201140945,-6.98304486301516,10.));
#5626=CARTESIAN_POINT('Ctrl Pts',(-7.94181783683082,-6.98313276328325,10.));
#5627=CARTESIAN_POINT('Ctrl Pts',(-7.37443937316066,-6.98317991464631,10.));
#5628=CARTESIAN_POINT('Ctrl Pts',(-6.80710433237015,-6.98322006923749,10.));
#5629=CARTESIAN_POINT('Ctrl Pts',(-6.23978789891214,-6.98324216957763,10.));
#5630=CARTESIAN_POINT('Ctrl Pts',(-5.67248797262211,-6.98325852115798,10.));
#5631=CARTESIAN_POINT('Ctrl Pts',(-5.10519697606345,-6.98326835498173,10.));
#5632=CARTESIAN_POINT('Ctrl Pts',(-4.53791238432074,-6.98327531227497,10.));
#5633=CARTESIAN_POINT('Ctrl Pts',(-3.97063219866406,-6.98327950675934,10.));
#5634=CARTESIAN_POINT('Ctrl Pts',(-3.40335354768712,-6.9832829804426,10.));
#5635=CARTESIAN_POINT('Ctrl Pts',(-2.83607898821665,-6.98328412150667,10.));
#5636=CARTESIAN_POINT('Ctrl Pts',(-2.26880442680795,-6.98328528259734,10.));
#5637=CARTESIAN_POINT('Ctrl Pts',(-1.70153049497865,-6.98328607965615,10.));
#5638=CARTESIAN_POINT('Ctrl Pts',(-1.1342571159348,-6.98328657110331,10.));
#5639=CARTESIAN_POINT('Ctrl Pts',(-0.566984015239685,-6.98328690062771,
10.));
#5640=CARTESIAN_POINT('Ctrl Pts',(0.000288870321932078,-6.98328710370568,
10.));
#5641=CARTESIAN_POINT('Ctrl Pts',(0.567561636365764,-6.98328722947726,10.));
#5642=CARTESIAN_POINT('Ctrl Pts',(1.13483432666654,-6.98328729402586,10.));
#5643=CARTESIAN_POINT('Ctrl Pts',(1.70210697941363,-6.98328731592991,10.));
#5644=CARTESIAN_POINT('Ctrl Pts',(2.26937963342848,-6.98328728818139,10.));
#5645=CARTESIAN_POINT('Ctrl Pts',(2.83665230412296,-6.98328722623423,10.));
#5646=CARTESIAN_POINT('Ctrl Pts',(3.40392494579856,-6.98328713102078,10.));
#5647=CARTESIAN_POINT('Ctrl Pts',(3.97119784264592,-6.98328687942902,10.));
#5648=CARTESIAN_POINT('Ctrl Pts',(4.53847090666953,-6.98328649064716,10.));
#5649=CARTESIAN_POINT('Ctrl Pts',(5.10574407550878,-6.983286028768,10.));
#5650=CARTESIAN_POINT('Ctrl Pts',(5.57847244217446,-6.98328514143261,10.));
#5651=CARTESIAN_POINT('Ctrl Pts',(5.95665463355951,-6.98328477098442,10.));
#5652=CARTESIAN_POINT('Ctrl Pts',(6.3348371714421,-6.98328416937043,10.));
#5653=CARTESIAN_POINT('Ctrl Pts',(6.80756712903829,-6.98328215274384,10.));
#5654=CARTESIAN_POINT('Ctrl Pts',(7.2802991077754,-6.9832788162151,10.));
#5655=CARTESIAN_POINT('Ctrl Pts',(7.65848296190481,-6.98327722689334,10.));
#5656=CARTESIAN_POINT('Ctrl Pts',(8.03666779066897,-6.98327523600841,10.));
#5657=CARTESIAN_POINT('Ctrl Pts',(8.50940668948612,-6.9832662333981,10.));
#5658=CARTESIAN_POINT('Ctrl Pts',(8.88760136971853,-6.98325883740929,10.));
#5659=CARTESIAN_POINT('Ctrl Pts',(9.12243411159628,-6.9832474758812,10.));
#5660=CARTESIAN_POINT('Ctrl Pts',(9.21372417175879,-6.97879101094726,10.));
#5661=CARTESIAN_POINT('Ctrl Pts',(9.39647454012017,-6.95158847498773,10.));
#5662=CARTESIAN_POINT('Ctrl Pts',(9.7059417059292,-6.85736267914157,10.));
#5663=CARTESIAN_POINT('Ctrl Pts',(10.0957268349376,-6.59714744970641,10.));
#5664=CARTESIAN_POINT('Ctrl Pts',(10.4092064712973,-6.12884230391532,10.));
#5665=CARTESIAN_POINT('Ctrl Pts',(10.4832571495753,-5.76088165071783,10.));
#5666=CARTESIAN_POINT('Ctrl Pts',(10.4832973333554,-5.51825400396121,10.));
#5667=CARTESIAN_POINT('Ctrl Pts',(10.4832912272365,-5.40229617809121,10.));
#5668=CARTESIAN_POINT('Ctrl Pts',(10.4832939926435,-5.1698122439245,10.));
#5669=CARTESIAN_POINT('Ctrl Pts',(10.483290667264,-4.87943419260005,10.));
#5670=CARTESIAN_POINT('Ctrl Pts',(10.4832909907196,-4.53084935536873,10.));
#5671=CARTESIAN_POINT('Ctrl Pts',(10.4832897554174,-4.18232626016831,10.));
#5672=CARTESIAN_POINT('Ctrl Pts',(10.4832894725832,-3.8337787776729,10.));
#5673=CARTESIAN_POINT('Ctrl Pts',(10.4832889630892,-3.48524462265688,10.));
#5674=CARTESIAN_POINT('Ctrl Pts',(10.4832887120256,-3.13670641825618,10.));
#5675=CARTESIAN_POINT('Ctrl Pts',(10.4832884662224,-2.78817139295149,10.));
#5676=CARTESIAN_POINT('Ctrl Pts',(10.4832883220774,-2.43963621580328,9.99999999999999));
#5677=CARTESIAN_POINT('Ctrl Pts',(10.48328820178,-2.09110158588069,10.));
#5678=CARTESIAN_POINT('Ctrl Pts',(10.4832881654486,-1.74256817641865,10.));
#5679=CARTESIAN_POINT('Ctrl Pts',(10.4832881730654,-1.39403465557646,10.));
#5680=CARTESIAN_POINT('Ctrl Pts',(10.4832882169674,-1.04550135221476,10.));
#5681=CARTESIAN_POINT('Ctrl Pts',(10.4832883100369,-0.696968306864536,9.99999999999999));
#5682=CARTESIAN_POINT('Ctrl Pts',(10.4832884536646,-0.348435436882946,10.));
#5683=CARTESIAN_POINT('Ctrl Pts',(10.4832886606808,9.72529806855465E-5,
9.99999999999999));
#5684=CARTESIAN_POINT('Ctrl Pts',(10.4832889422717,0.348629782992914,10.));
#5685=CARTESIAN_POINT('Ctrl Pts',(10.4832893228101,0.697162138524307,9.99999999999999));
#5686=CARTESIAN_POINT('Ctrl Pts',(10.4832898178014,1.04569431979902,9.99999999999999));
#5687=CARTESIAN_POINT('Ctrl Pts',(10.4832904837119,1.39422626793839,9.99999999999999));
#5688=CARTESIAN_POINT('Ctrl Pts',(10.4832913358445,1.74275798621014,10.));
#5689=CARTESIAN_POINT('Ctrl Pts',(10.483291998633,2.09128984418227,9.99999999999999));
#5690=CARTESIAN_POINT('Ctrl Pts',(10.4832937888043,2.43982045965838,10.));
#5691=CARTESIAN_POINT('Ctrl Pts',(10.4832957331475,2.78835085586335,10.));
#5692=CARTESIAN_POINT('Ctrl Pts',(10.4832981531958,3.1368807235274,10.));
#5693=CARTESIAN_POINT('Ctrl Pts',(10.4833018030293,3.48540914719323,10.));
#5694=CARTESIAN_POINT('Ctrl Pts',(10.4833051594238,3.83393796553003,9.99999999999999));
#5695=CARTESIAN_POINT('Ctrl Pts',(10.483310883382,4.09533080552557,9.99999999999999));
#5696=CARTESIAN_POINT('Ctrl Pts',(10.4833117930638,4.26959616195963,9.99999999999999));
#5697=CARTESIAN_POINT('Ctrl Pts',(10.4833124169004,4.3857727460905,9.99999999999999));
#5698=CARTESIAN_POINT('Ctrl Pts',(10.4833149828109,4.53099271190225,9.99999999999999));
#5699=CARTESIAN_POINT('Ctrl Pts',(10.4833179725693,4.70525333103951,9.99999999999999));
#5700=CARTESIAN_POINT('Ctrl Pts',(10.4833213772968,4.87952064034115,9.99999999999999));
#5701=CARTESIAN_POINT('Ctrl Pts',(10.4833261665603,5.05377056727391,9.99999999999999));
#5702=CARTESIAN_POINT('Ctrl Pts',(10.4833305660514,5.28615338381692,9.99999999999999));
#5703=CARTESIAN_POINT('Ctrl Pts',(10.4833456382846,5.46029993621957,9.99999999999998));
#5704=CARTESIAN_POINT('Ctrl Pts',(10.4833633272934,5.62246729551132,9.99999999999998));
#5705=CARTESIAN_POINT('Ctrl Pts',(10.4787541020273,5.71440475962712,9.99999999999998));
#5706=CARTESIAN_POINT('Ctrl Pts',(10.4519617591483,5.89531985060897,9.99999999999998));
#5707=CARTESIAN_POINT('Ctrl Pts',(10.3840636480078,6.11821357652912,9.99999999999998));
#5708=CARTESIAN_POINT('Ctrl Pts',(10.2537224916152,6.36134991710632,9.99999999999998));
#5709=CARTESIAN_POINT('Ctrl Pts',(10.0186721521949,6.64847067888319,9.99999999999999));
#5710=CARTESIAN_POINT('Ctrl Pts',(9.62720622622126,6.90985594838555,10.));
#5711=CARTESIAN_POINT('Ctrl Pts',(9.26031045750419,6.98343429314239,10.));
#5712=CARTESIAN_POINT('Ctrl Pts',(9.02912514204499,6.98336527244729,10.));
#5713=CARTESIAN_POINT('Ctrl Pts',(8.93464865661237,6.98336707689536,10.));
#5714=CARTESIAN_POINT('Ctrl Pts',(8.74551518635543,6.98335909043903,10.));
#5715=CARTESIAN_POINT('Ctrl Pts',(8.55645185283779,6.98334398951935,10.));
#5716=CARTESIAN_POINT('Ctrl Pts',(8.36735019210435,6.98334034624675,10.));
#5717=CARTESIAN_POINT('Ctrl Pts',(8.17825923492963,6.98333659734351,10.));
#5718=CARTESIAN_POINT('Ctrl Pts',(7.94189179265755,6.98332703924858,10.));
#5719=CARTESIAN_POINT('Ctrl Pts',(7.65825254649776,6.98332019336765,9.99999999999999));
#5720=CARTESIAN_POINT('Ctrl Pts',(7.37461176744221,6.98331362658,10.));
#5721=CARTESIAN_POINT('Ctrl Pts',(7.090971041745,6.98330877504841,10.));
#5722=CARTESIAN_POINT('Ctrl Pts',(6.80732978149778,6.98330464693506,10.));
#5723=CARTESIAN_POINT('Ctrl Pts',(6.52368834721601,6.98330140009778,10.));
#5724=CARTESIAN_POINT('Ctrl Pts',(6.24004665686645,6.98329873330238,10.));
#5725=CARTESIAN_POINT('Ctrl Pts',(5.95640481106306,6.98329659458972,10.));
#5726=CARTESIAN_POINT('Ctrl Pts',(5.67276281656171,6.98329485629369,10.));
#5727=CARTESIAN_POINT('Ctrl Pts',(5.38912071219264,6.98329345337166,9.99999999999999));
#5728=CARTESIAN_POINT('Ctrl Pts',(5.10547851442965,6.98329231619708,9.99999999999999));
#5729=CARTESIAN_POINT('Ctrl Pts',(4.82183624335714,6.9832913958021,9.99999999999999));
#5730=CARTESIAN_POINT('Ctrl Pts',(4.53819391206355,6.98329064968448,9.99999999999999));
#5731=CARTESIAN_POINT('Ctrl Pts',(4.25455153293082,6.98329004363082,9.99999999999999));
#5732=CARTESIAN_POINT('Ctrl Pts',(3.97090911441928,6.98328955207669,9.99999999999999));
#5733=CARTESIAN_POINT('Ctrl Pts',(3.68726666589443,6.9832891480637,9.99999999999999));
#5734=CARTESIAN_POINT('Ctrl Pts',(3.40362418983536,6.98328882414457,10.));
#5735=CARTESIAN_POINT('Ctrl Pts',(3.11998170115277,6.98328853685742,10.));
#5736=CARTESIAN_POINT('Ctrl Pts',(2.83633914435644,6.98328844860823,10.));
#5737=CARTESIAN_POINT('Ctrl Pts',(2.5526966302617,6.98328823444654,9.99999999999999));
#5738=CARTESIAN_POINT('Ctrl Pts',(2.26905408040831,6.98328812467529,9.99999999999999));
#5739=CARTESIAN_POINT('Ctrl Pts',(1.98541153256036,6.98328800836194,9.99999999999999));
#5740=CARTESIAN_POINT('Ctrl Pts',(1.70176897237084,6.98328792753701,9.99999999999999));
#5741=CARTESIAN_POINT('Ctrl Pts',(1.41812640824397,6.98328785740219,9.99999999999999));
#5742=CARTESIAN_POINT('Ctrl Pts',(1.13448383798864,6.9832878042256,9.99999999999999));
#5743=CARTESIAN_POINT('Ctrl Pts',(0.850841263792355,6.98328776137582,9.99999999999999));
#5744=CARTESIAN_POINT('Ctrl Pts',(0.567198685580744,6.9832877288,9.99999999999999));
#5745=CARTESIAN_POINT('Ctrl Pts',(0.283556104034064,6.98328770417404,9.99999999999999));
#5746=CARTESIAN_POINT('Ctrl Pts',(-8.64807494982832E-5,6.98328768677042,
9.99999999999999));
#5747=CARTESIAN_POINT('Ctrl Pts',(-0.283729068598018,6.98328767560644,9.99999999999999));
#5748=CARTESIAN_POINT('Ctrl Pts',(-0.56737165963915,6.98328767030928,9.99999999999999));
#5749=CARTESIAN_POINT('Ctrl Pts',(-0.851014253934162,6.98328767047604,9.99999999999999));
#5750=CARTESIAN_POINT('Ctrl Pts',(-1.13465685209759,6.98328767641855,9.99999999999999));
#5751=CARTESIAN_POINT('Ctrl Pts',(-1.41829945404078,6.98328768775211,9.99999999999999));
#5752=CARTESIAN_POINT('Ctrl Pts',(-1.70194206179881,6.98328770644152,9.99999999999999));
#5753=CARTESIAN_POINT('Ctrl Pts',(-1.9855846733071,6.9832877300914,9.99999999999999));
#5754=CARTESIAN_POINT('Ctrl Pts',(-2.2692272964317,6.98328776702598,9.99999999999999));
#5755=CARTESIAN_POINT('Ctrl Pts',(-2.55286991772322,6.98328780268891,9.99999999999999));
#5756=CARTESIAN_POINT('Ctrl Pts',(-2.83651257256218,6.98328787505318,10.));
#5757=CARTESIAN_POINT('Ctrl Pts',(-3.12015518742847,6.98328790502508,10.));
#5758=CARTESIAN_POINT('Ctrl Pts',(-3.403797866181,6.9832880046769,10.));
#5759=CARTESIAN_POINT('Ctrl Pts',(-3.68744055679932,6.98328811756923,10.));
#5760=CARTESIAN_POINT('Ctrl Pts',(-3.97108327325351,6.98328825898002,10.));
#5761=CARTESIAN_POINT('Ctrl Pts',(-4.25472601790737,6.98328843144572,10.));
#5762=CARTESIAN_POINT('Ctrl Pts',(-4.53836879945638,6.98328864449765,10.));
#5763=CARTESIAN_POINT('Ctrl Pts',(-4.8220116260408,6.98328890699085,10.));
#5764=CARTESIAN_POINT('Ctrl Pts',(-5.10565450882267,6.98328923124633,10.));
#5765=CARTESIAN_POINT('Ctrl Pts',(-5.38929746110055,6.98328963160532,10.));
#5766=CARTESIAN_POINT('Ctrl Pts',(-5.67294049944049,6.98329012672044,10.));
#5767=CARTESIAN_POINT('Ctrl Pts',(-5.95658364439898,6.98329073799841,10.));
#5768=CARTESIAN_POINT('Ctrl Pts',(-6.24022692100003,6.98329149537792,10.));
#5769=CARTESIAN_POINT('Ctrl Pts',(-6.52387036111629,6.98329242818122,10.));
#5770=CARTESIAN_POINT('Ctrl Pts',(-6.80751400201894,6.98329358983601,10.));
#5771=CARTESIAN_POINT('Ctrl Pts',(-7.09115789458884,6.98329500799978,10.));
#5772=CARTESIAN_POINT('Ctrl Pts',(-7.37480209100615,6.98329680281344,10.));
#5773=CARTESIAN_POINT('Ctrl Pts',(-7.6584466798292,6.98329893054386,10.));
#5774=CARTESIAN_POINT('Ctrl Pts',(-7.94209171679614,6.98330176742885,10.));
#5775=CARTESIAN_POINT('Ctrl Pts',(-8.22573739121217,6.98330481579244,10.));
#5776=CARTESIAN_POINT('Ctrl Pts',(-8.50938366692829,6.98330961583271,10.));
#5777=CARTESIAN_POINT('Ctrl Pts',(-8.79303112661093,6.98331322713485,10.));
#5778=CARTESIAN_POINT('Ctrl Pts',(-8.98212938676893,6.98332000639849,10.));
#5779=CARTESIAN_POINT('Ctrl Pts',(-9.12241345589574,6.98331935590913,10.));
#5780=CARTESIAN_POINT('Ctrl Pts',(-9.21370564676298,6.97884919148411,10.));
#5781=CARTESIAN_POINT('Ctrl Pts',(-9.39642281846951,6.95170692500184,10.));
#5782=CARTESIAN_POINT('Ctrl Pts',(-9.70597145479803,6.85725241777638,9.99999999999999));
#5783=CARTESIAN_POINT('Ctrl Pts',(-10.0955922610664,6.59781572805621,9.99999999999996));
#5784=CARTESIAN_POINT('Ctrl Pts',(-10.3571527050833,6.2059816500287,9.99999999999993));
#5785=CARTESIAN_POINT('Ctrl Pts',(-10.4645532498836,5.85430635388554,9.99999999999991));
#5786=CARTESIAN_POINT('Ctrl Pts',(-10.4833112134289,5.66865834098816,9.99999999999989));
#5787=CARTESIAN_POINT('Ctrl Pts',(-10.4832924260576,5.51807578960495,9.99999999999988));
#5788=CARTESIAN_POINT('Ctrl Pts',(-10.48329597162,5.40213447298676,9.99999999999987));
#5789=CARTESIAN_POINT('Ctrl Pts',(-10.483293174815,5.16965390698538,9.99999999999985));
#5790=CARTESIAN_POINT('Ctrl Pts',(-10.4832929024426,4.87930429954868,9.99999999999978));
#5791=CARTESIAN_POINT('Ctrl Pts',(-10.4832909635551,4.53073354959255,9.99999999999968));
#5792=CARTESIAN_POINT('Ctrl Pts',(-10.4832902255685,4.18222824877987,9.99999999999958));
#5793=CARTESIAN_POINT('Ctrl Pts',(-10.4832892278992,3.89177992590455,9.99999999999944));
#5794=CARTESIAN_POINT('Ctrl Pts',(-10.4832890367594,3.70299548287309,9.99999999999938));
#5795=CARTESIAN_POINT('Ctrl Pts',(-10.4832890070526,3.61586250459264,9.99999999999937));
#5796=CARTESIAN_POINT('Ctrl Pts',(-10.483288999357,3.57229615970411,9.99999999999937));
#5797=CARTESIAN_POINT('Ctrl Pts',(-10.483288992668,3.52872973091828,9.99999999999937));
#5798=CARTESIAN_POINT('Ctrl Pts',(-10.4832889614909,3.38350843989939,9.99999999999936));
#5799=CARTESIAN_POINT('Ctrl Pts',(-10.4832886525925,3.13663342382796,9.99999999999885));
#5800=CARTESIAN_POINT('Ctrl Pts',(-10.4832885059205,2.78810264814568,9.9999999999991));
#5801=CARTESIAN_POINT('Ctrl Pts',(-10.4832883074677,2.4395720433343,9.99999999999749));
#5802=CARTESIAN_POINT('Ctrl Pts',(-10.4832882132625,1.51015533748907,10.0000000000024));
#5803=CARTESIAN_POINT('Ctrl Pts',(-10.4832873969233,0.58074076668735,9.99999999997047));
#5804=CARTESIAN_POINT('Ctrl Pts',(-10.48328728889,-0.348676306086353,9.99999999996375));
#5805=CARTESIAN_POINT('Ctrl Pts',(-10.4832872397874,-0.697207768481016,
9.9999999999585));
#5806=CARTESIAN_POINT('Ctrl Pts',(-10.483287164523,-1.04573920328717,9.99999999995055));
#5807=CARTESIAN_POINT('Ctrl Pts',(-10.4832870632144,-1.39427065010576,9.99999999993888));
#5808=CARTESIAN_POINT('Ctrl Pts',(-10.4832869304351,-1.74280208407664,9.99999999992344));
#5809=CARTESIAN_POINT('Ctrl Pts',(-10.4832868251704,-2.09133354700923,9.99999999991081));
#5810=CARTESIAN_POINT('Ctrl Pts',(-10.48328654206,-2.43986493691493,9.99999999987688));
#5811=CARTESIAN_POINT('Ctrl Pts',(-10.483286229426,-2.7883963252575,9.99999999983912));
#5812=CARTESIAN_POINT('Ctrl Pts',(-10.4832858486836,-3.13692768911751,9.99999999979311));
#5813=CARTESIAN_POINT('Ctrl Pts',(-10.483285252383,-3.48545897960662,9.99999999972085));
#5814=CARTESIAN_POINT('Ctrl Pts',(-10.4832847441652,-3.83399030250501,9.99999999965926));
#5815=CARTESIAN_POINT('Ctrl Pts',(-10.483283863357,-4.06997486305573,9.9999999995524));
#5816=CARTESIAN_POINT('Ctrl Pts',(-10.4832837896292,-4.19341307850507,9.99999999954346));
#5817=CARTESIAN_POINT('Ctrl Pts',(-10.4832837904545,-4.20793522487928,9.99999999954355));
#5818=CARTESIAN_POINT('Ctrl Pts',(-10.4832837822855,-4.23334897762351,9.99999999954256));
#5819=CARTESIAN_POINT('Ctrl Pts',(-10.4832837386168,-4.28417647351385,9.99999999953724));
#5820=CARTESIAN_POINT('Ctrl Pts',(-10.4832836233686,-4.38583145546435,9.9999999995232));
#5821=CARTESIAN_POINT('Ctrl Pts',(-10.4832830240069,-4.50200841327912,9.99999999945022));
#5822=CARTESIAN_POINT('Ctrl Pts',(-10.4832828604538,-4.59640230530678,9.99999999943032));
#5823=CARTESIAN_POINT('Ctrl Pts',(-10.4832828287875,-4.63996873240891,9.99999999942647));
#5824=CARTESIAN_POINT('Ctrl Pts',(-10.4832828173374,-4.66175194750393,9.99999999942507));
#5825=CARTESIAN_POINT('Ctrl Pts',(-10.4832828028305,-4.68353516152539,9.99999999942331));
#5826=CARTESIAN_POINT('Ctrl Pts',(-10.4832827702842,-4.72710158833414,9.99999999941936));
#5827=CARTESIAN_POINT('Ctrl Pts',(-10.483282501932,-4.79245115152581,9.99999999938676));
#5828=CARTESIAN_POINT('Ctrl Pts',(-10.4832822356566,-4.87958393459,9.99999999935441));
#5829=CARTESIAN_POINT('Ctrl Pts',(-10.4832819260251,-4.9667167024562,9.99999999931679));
#5830=CARTESIAN_POINT('Ctrl Pts',(-10.4832816018822,-5.03932731918015,9.99999999927741));
#5831=CARTESIAN_POINT('Ctrl Pts',(-10.4832814721871,-5.09741585801624,9.99999999926166));
#5832=CARTESIAN_POINT('Ctrl Pts',(-10.483281407295,-5.15550441957073,9.99999999925377));
#5833=CARTESIAN_POINT('Ctrl Pts',(-10.4832809887533,-5.20270124761234,9.99999999920292));
#5834=CARTESIAN_POINT('Ctrl Pts',(-10.4832809568075,-5.23900660160658,9.99999999919904));
#5835=CARTESIAN_POINT('Ctrl Pts',(-10.4832809516775,-5.25352874588497,9.99999999919842));
#5836=CARTESIAN_POINT('Ctrl Pts',(-10.4832808963996,-5.27894248214778,9.99999999919169));
#5837=CARTESIAN_POINT('Ctrl Pts',(-10.4832808236653,-5.32976996792582,9.99999999918284));
#5838=CARTESIAN_POINT('Ctrl Pts',(-10.483280259317,-5.37696674493065,9.99999999911421));
#5839=CARTESIAN_POINT('Ctrl Pts',(-10.4832802175675,-5.41327209549338,9.99999999910913));
#5840=CARTESIAN_POINT('Ctrl Pts',(-10.483280210662,-5.42779423915039,9.99999999910829));
#5841=CARTESIAN_POINT('Ctrl Pts',(-10.4832801683439,-5.44231637040055,9.99999999910315));
#5842=CARTESIAN_POINT('Ctrl Pts',(-10.4832801573038,-5.4568385126095,9.9999999991018));
#5843=CARTESIAN_POINT('Ctrl Pts',(-10.4832801460478,-5.47136065474201,9.99999999910044));
#5844=CARTESIAN_POINT('Ctrl Pts',(-10.48328009842,-5.48588278413572,9.99999999909465));
#5845=CARTESIAN_POINT('Ctrl Pts',(-10.4832800877163,-5.50040492645993,9.99999999909336));
#5846=CARTESIAN_POINT('Ctrl Pts',(-10.4832800728336,-5.51129653080941,9.99999999909155));
#5847=CARTESIAN_POINT('Ctrl Pts',(-10.4832800617307,-5.52218813646475,9.99999999909021));
#5848=CARTESIAN_POINT('Ctrl Pts',(-10.4832800474194,-5.53126447277416,9.99999999908846));
#5849=CARTESIAN_POINT('Ctrl Pts',(-10.4832800435707,-5.53852554442772,9.999999999088));
#5850=CARTESIAN_POINT('Ctrl Pts',(-10.4832800395383,-5.54397134787167,9.99999999908751));
#5851=CARTESIAN_POINT('Ctrl Pts',(-10.4832800361594,-5.5494171512849,9.9999999990871));
#5852=CARTESIAN_POINT('Ctrl Pts',(-10.4832800322389,-5.55395532091091,9.99999999908662));
#5853=CARTESIAN_POINT('Ctrl Pts',(-10.4832800309336,-5.55758585645184,9.99999999908646));
#5854=CARTESIAN_POINT('Ctrl Pts',(-10.4832800299914,-5.56121639409547,9.99999999908635));
#5855=CARTESIAN_POINT('Ctrl Pts',(-10.4832800254964,-5.56484692405608,9.9999999990858));
#5856=CARTESIAN_POINT('Ctrl Pts',(-10.4832800246375,-5.56847746876421,9.99999999908569));
#5857=CARTESIAN_POINT('Ctrl Pts',(-10.483280023355,-5.57074664395125,9.99999999908554));
#5858=CARTESIAN_POINT('Ctrl Pts',(-10.4832800230636,-5.57233509566121,9.9999999990855));
#5859=CARTESIAN_POINT('Ctrl Pts',(-10.4832800229516,-5.57324279280055,9.99999999908549));
#5860=CARTESIAN_POINT('Ctrl Pts',(-10.4832800228777,-5.57415049563702,9.99999999908549));
#5861=CARTESIAN_POINT('Ctrl Pts',(-10.4832800225817,-5.57505820840424,9.99999999908545));
#5862=CARTESIAN_POINT('Ctrl Pts',(-10.4832800224747,-5.57585246381289,9.99999999908546));
#5863=CARTESIAN_POINT('Ctrl Pts',(-10.4832800224909,-5.57624959472671,9.99999999908544));
#5864=CARTESIAN_POINT('Ctrl Pts',(-10.4832800224139,-5.5764765254268,9.99999999908545));
#5865=CARTESIAN_POINT('Ctrl Pts',(-10.4832800225462,-5.57658999412342,9.99999999908543));
#5866=CARTESIAN_POINT('Ctrl Pts',(-10.4832798198967,-5.62435054269346,9.99999999911836));
#5867=CARTESIAN_POINT('Ctrl Pts',(-10.478383040259,-5.71975675281549,9.99999999939251));
#5868=CARTESIAN_POINT('Ctrl Pts',(-10.4488517451851,-5.91012540037636,9.9999999994094));
#5869=CARTESIAN_POINT('Ctrl Pts',(-10.4046858874536,-6.0484418781283,10.));
#5870=CARTESIAN_POINT('Ctrl Pts',(-10.3666053508814,-6.13591737397067,10.));
#5871=CARTESIAN_POINT('',(-10.3666053508814,-6.13591737397067,10.));
#5872=CARTESIAN_POINT('',(-10.9063254902983,-6.37087268699739,9.51618163360996));
#5873=CARTESIAN_POINT('Origin',(-10.3666053508814,-6.13591737397067,9.4));
#5874=CARTESIAN_POINT('',(-9.07664935923628,-7.57664935923628,9.48900427175815));
#5875=CARTESIAN_POINT('Ctrl Pts',(-10.9063254902983,-6.37087268699739,9.51618163360996));
#5876=CARTESIAN_POINT('Ctrl Pts',(-10.82905490158,-6.54628317441834,9.5204066295965));
#5877=CARTESIAN_POINT('Ctrl Pts',(-10.6232307315205,-6.87826120801695,9.52592857398751));
#5878=CARTESIAN_POINT('Ctrl Pts',(-10.1882793673449,-7.26480967714157,9.52396643438659));
#5879=CARTESIAN_POINT('Ctrl Pts',(-9.66316264203118,-7.51476028836558,9.51230066286845));
#5880=CARTESIAN_POINT('Ctrl Pts',(-9.27689963492599,-7.57470996451916,9.49821699195937));
#5881=CARTESIAN_POINT('Ctrl Pts',(-9.08355400598389,-7.57605499916084,9.48991073842598));
#5882=CARTESIAN_POINT('',(9.07664935923628,-7.57664935923628,9.48900427175815));
#5883=CARTESIAN_POINT('Ctrl Pts',(-9.08355400598389,-7.57605499916084,9.48991073842598));
#5884=CARTESIAN_POINT('Ctrl Pts',(-9.01593656278122,-7.57652538891822,9.48700584924077));
#5885=CARTESIAN_POINT('Ctrl Pts',(-8.93289543596597,-7.57627017573093,9.48871568180712));
#5886=CARTESIAN_POINT('Ctrl Pts',(-8.73806382353295,-7.57642404736006,9.4878680878598));
#5887=CARTESIAN_POINT('Ctrl Pts',(-8.41197876930024,-7.57636612560108,9.48859547458745));
#5888=CARTESIAN_POINT('Ctrl Pts',(-7.93766413954771,-7.57652245189261,9.48838525768231));
#5889=CARTESIAN_POINT('Ctrl Pts',(-7.37286453489935,-7.57653221266089,9.48876652445668));
#5890=CARTESIAN_POINT('Ctrl Pts',(-6.80556475646395,-7.5765880721026,9.48877421286225));
#5891=CARTESIAN_POINT('Ctrl Pts',(-6.23901046370891,-7.57660247623301,9.48888740666484));
#5892=CARTESIAN_POINT('Ctrl Pts',(-5.67187845368582,-7.57662184977062,9.48891307430651));
#5893=CARTESIAN_POINT('Ctrl Pts',(-5.10484516363566,-7.57663005667345,9.48895150926701));
#5894=CARTESIAN_POINT('Ctrl Pts',(-4.53766558003843,-7.57663757494156,9.4889673800267));
#5895=CARTESIAN_POINT('Ctrl Pts',(-3.97048004542317,-7.57664142329975,9.48898155635618));
#5896=CARTESIAN_POINT('Ctrl Pts',(-3.40326291607637,-7.57664501414515,9.48899088499546));
#5897=CARTESIAN_POINT('Ctrl Pts',(-2.83601246375916,-7.57664611200199,9.48899452893962));
#5898=CARTESIAN_POINT('Ctrl Pts',(-2.26875886652068,-7.57664737819502,9.48899784817189));
#5899=CARTESIAN_POINT('Ctrl Pts',(-1.70150033984796,-7.57664828295737,9.48900038568339));
#5900=CARTESIAN_POINT('Ctrl Pts',(-1.13423530654241,-7.57664897747045,9.48900199310339));
#5901=CARTESIAN_POINT('Ctrl Pts',(-0.566967270295079,-7.57664960499464,
9.48900327899602));
#5902=CARTESIAN_POINT('Ctrl Pts',(0.000303982098428311,-7.57665028375951,
9.48900434690279));
#5903=CARTESIAN_POINT('Ctrl Pts',(0.567577631129107,-7.57665111233817,9.48900542886494));
#5904=CARTESIAN_POINT('Ctrl Pts',(1.13485445321468,-7.57665230864622,9.48900675817704));
#5905=CARTESIAN_POINT('Ctrl Pts',(1.70213433103023,-7.57665394095802,9.48900844856929));
#5906=CARTESIAN_POINT('Ctrl Pts',(2.26942048077424,-7.57665664281257,9.48901111894623));
#5907=CARTESIAN_POINT('Ctrl Pts',(2.83671188860445,-7.57666026891856,9.4890146614253));
#5908=CARTESIAN_POINT('Ctrl Pts',(3.40400570348639,-7.57666425002554,9.48901848820019));
#5909=CARTESIAN_POINT('Ctrl Pts',(3.97133423900737,-7.57667466482203,9.48902852812247));
#5910=CARTESIAN_POINT('Ctrl Pts',(4.53868975302215,-7.57669009537645,9.48904330651936));
#5911=CARTESIAN_POINT('Ctrl Pts',(5.10606080053246,-7.57670824675735,9.48906082052528));
#5912=CARTESIAN_POINT('Ctrl Pts',(5.57897552969285,-7.57674317853823,9.48909418013695));
#5913=CARTESIAN_POINT('Ctrl Pts',(5.95723565347392,-7.5767573969256,9.48910806937243));
#5914=CARTESIAN_POINT('Ctrl Pts',(6.33554389211021,-7.57678165611633,9.48913066714199));
#5915=CARTESIAN_POINT('Ctrl Pts',(6.80869840093866,-7.57685729535901,9.48920603780661));
#5916=CARTESIAN_POINT('Ctrl Pts',(7.28212599491434,-7.5769935404045,9.48933137891783));
#5917=CARTESIAN_POINT('Ctrl Pts',(7.66064792685125,-7.57704692096066,9.4893903602473));
#5918=CARTESIAN_POINT('Ctrl Pts',(8.03923588937957,-7.57714845243938,9.48946640133748));
#5919=CARTESIAN_POINT('Ctrl Pts',(8.51391982738404,-7.57739928377046,9.48979724376409));
#5920=CARTESIAN_POINT('Ctrl Pts',(8.89355210429245,-7.5778786381294,9.49008609107097));
#5921=CARTESIAN_POINT('Ctrl Pts',(9.08474481161318,-7.57793637461098,9.4904099966866));
#5922=CARTESIAN_POINT('',(11.0766493592363,-5.57664935923627,9.48900427175815));
#5923=CARTESIAN_POINT('Ctrl Pts',(9.08474481161318,-7.57793637461098,9.4904099966866));
#5924=CARTESIAN_POINT('Ctrl Pts',(9.13098308106257,-7.57795033766966,9.49048833040205));
#5925=CARTESIAN_POINT('Ctrl Pts',(9.27208968039303,-7.57051127070427,9.49751163573439));
#5926=CARTESIAN_POINT('Ctrl Pts',(9.52627434062129,-7.53045395101717,9.50629545088283));
#5927=CARTESIAN_POINT('Ctrl Pts',(9.96935565783558,-7.39423191550194,9.52004041602378));
#5928=CARTESIAN_POINT('Ctrl Pts',(10.5176463970228,-7.02618429188427,9.52765135227816));
#5929=CARTESIAN_POINT('Ctrl Pts',(10.9650880005106,-6.36596955086577,9.51891740879932));
#5930=CARTESIAN_POINT('Ctrl Pts',(11.0737133141574,-5.84646883794657,9.50140493517678));
#5931=CARTESIAN_POINT('Ctrl Pts',(11.0756068315921,-5.5860452298573,9.49024377821895));
#5932=CARTESIAN_POINT('',(11.0766493592363,5.57664935923628,9.48900427175815));
#5933=CARTESIAN_POINT('Ctrl Pts',(11.0756068315921,-5.5860452298573,9.49024377821895));
#5934=CARTESIAN_POINT('Ctrl Pts',(11.0762081447999,-5.50334403455787,9.48669939517277));
#5935=CARTESIAN_POINT('Ctrl Pts',(11.0759168062343,-5.40186158429571,9.48882792747028));
#5936=CARTESIAN_POINT('Ctrl Pts',(11.0761467353016,-5.16193472915906,9.48774572789227));
#5937=CARTESIAN_POINT('Ctrl Pts',(11.0761680477133,-4.87781609413964,9.48868872451057));
#5938=CARTESIAN_POINT('Ctrl Pts',(11.0763194085299,-4.52724386365229,9.48841363411402));
#5939=CARTESIAN_POINT('Ctrl Pts',(11.0763778307939,-4.18060335791621,9.48870538990523));
#5940=CARTESIAN_POINT('Ctrl Pts',(11.0764489912009,-3.83198232888259,9.48870550794591));
#5941=CARTESIAN_POINT('Ctrl Pts',(11.0764925525838,-3.48407418522181,9.48880655667006));
#5942=CARTESIAN_POINT('Ctrl Pts',(11.0765312295033,-3.13571166529365,9.48883933741253));
#5943=CARTESIAN_POINT('Ctrl Pts',(11.0765599389691,-2.78745471136259,9.48888624864566));
#5944=CARTESIAN_POINT('Ctrl Pts',(11.0765816759086,-2.43906082380613,9.48891152466706));
#5945=CARTESIAN_POINT('Ctrl Pts',(11.076602909518,-2.09069273177365,9.4889413627313));
#5946=CARTESIAN_POINT('Ctrl Pts',(11.0766106603066,-1.7422117529271,9.48895107971622));
#5947=CARTESIAN_POINT('Ctrl Pts',(11.0766216730927,-1.39374924020993,9.48896577460972));
#5948=CARTESIAN_POINT('Ctrl Pts',(11.0766307806347,-1.04526556757976,9.48897737136578));
#5949=CARTESIAN_POINT('Ctrl Pts',(11.076638514667,-0.696766101632315,9.48898719608909));
#5950=CARTESIAN_POINT('Ctrl Pts',(11.0766455515101,-0.348252952154034,9.48899582090801));
#5951=CARTESIAN_POINT('Ctrl Pts',(11.0766523128028,0.000272576710576847,
9.48900388562869));
#5952=CARTESIAN_POINT('Ctrl Pts',(11.0766592691289,0.348809827564091,9.48901190153949));
#5953=CARTESIAN_POINT('Ctrl Pts',(11.0766669391486,0.697359555878382,9.48902048123446));
#5954=CARTESIAN_POINT('Ctrl Pts',(11.0766757295497,1.04592194366432,9.48903008522559));
#5955=CARTESIAN_POINT('Ctrl Pts',(11.0766865087893,1.39450120266246,9.48904163869451));
#5956=CARTESIAN_POINT('Ctrl Pts',(11.0766997145245,1.74309722229741,9.48905565389096));
#5957=CARTESIAN_POINT('Ctrl Pts',(11.0767094021745,2.09168282500653,9.48906579078661));
#5958=CARTESIAN_POINT('Ctrl Pts',(11.0767354668616,2.44035924111987,9.48909304099305));
#5959=CARTESIAN_POINT('Ctrl Pts',(11.0767632893965,2.78905112550997,9.4891219949798));
#5960=CARTESIAN_POINT('Ctrl Pts',(11.0767978297329,3.13778251256568,9.48915793129996));
#5961=CARTESIAN_POINT('Ctrl Pts',(11.0768496210209,3.48661690477976,9.48921169847098));
#5962=CARTESIAN_POINT('Ctrl Pts',(11.0768971535023,3.83542747287752,9.48926108842895));
#5963=CARTESIAN_POINT('Ctrl Pts',(11.0769781506491,4.09730177370259,9.48934506157986));
#5964=CARTESIAN_POINT('Ctrl Pts',(11.0769909294603,4.27164384655685,9.48935840739509));
#5965=CARTESIAN_POINT('Ctrl Pts',(11.0769999165245,4.38787267369217,9.48936752465774));
#5966=CARTESIAN_POINT('Ctrl Pts',(11.0770353929477,4.53331020155605,9.48940518433754));
#5967=CARTESIAN_POINT('Ctrl Pts',(11.0770793115866,4.7078198128723,9.4894487443317));
#5968=CARTESIAN_POINT('Ctrl Pts',(11.0771236182303,4.88238081899533,9.48949900294855));
#5969=CARTESIAN_POINT('Ctrl Pts',(11.0771994998887,5.05701988935439,9.48956811435275));
#5970=CARTESIAN_POINT('Ctrl Pts',(11.0772365636152,5.28981810224848,9.48963536342518));
#5971=CARTESIAN_POINT('Ctrl Pts',(11.0775273804254,5.46509719979724,9.48984681656466));
#5972=CARTESIAN_POINT('Ctrl Pts',(11.0775753190693,5.58273494203146,9.49004755575172));
#5973=CARTESIAN_POINT('',(9.07664935923626,7.57664935923628,9.48900427175815));
#5974=CARTESIAN_POINT('Ctrl Pts',(11.0775753190693,5.58273494203146,9.49004755575172));
#5975=CARTESIAN_POINT('Ctrl Pts',(11.0775942054712,5.62908071862239,9.49012664102945));
#5976=CARTESIAN_POINT('Ctrl Pts',(11.0699744817971,5.77136725572709,9.4972225851205));
#5977=CARTESIAN_POINT('Ctrl Pts',(11.0304114819087,6.02268499202398,9.50585500461201));
#5978=CARTESIAN_POINT('Ctrl Pts',(10.9326367369719,6.3433184510907,9.51602962979458));
#5979=CARTESIAN_POINT('Ctrl Pts',(10.7468113812856,6.68590156137053,9.52263328135963));
#5980=CARTESIAN_POINT('Ctrl Pts',(10.4145546525328,7.09338866491822,9.52612421032862));
#5981=CARTESIAN_POINT('Ctrl Pts',(9.86261908746618,7.46488772278752,9.51856085256924));
#5982=CARTESIAN_POINT('Ctrl Pts',(9.34437844094556,7.57406750082734,9.50120397383082));
#5983=CARTESIAN_POINT('Ctrl Pts',(9.08446592693091,7.57580565443981,9.49004762835708));
#5984=CARTESIAN_POINT('',(-9.07664935923627,7.57664935923628,9.48900427175815));
#5985=CARTESIAN_POINT('Ctrl Pts',(9.08446592693091,7.57580565443981,9.49004762835708));
#5986=CARTESIAN_POINT('Ctrl Pts',(9.01735368149501,7.57625446465692,9.48716693829704));
#5987=CARTESIAN_POINT('Ctrl Pts',(8.93465055978074,7.57603718136254,9.48890008105881));
#5988=CARTESIAN_POINT('Ctrl Pts',(8.7390574415462,7.57621024972082,9.48795835503455));
#5989=CARTESIAN_POINT('Ctrl Pts',(8.55503911400728,7.57623932720888,9.48872187808661));
#5990=CARTESIAN_POINT('Ctrl Pts',(8.36479672804165,7.5762870769923,9.48855850983674));
#5991=CARTESIAN_POINT('Ctrl Pts',(8.1763338723726,7.57630508199299,9.48865602342843));
#5992=CARTESIAN_POINT('Ctrl Pts',(7.94006693627649,7.57637691624483,9.4886833962421));
#5993=CARTESIAN_POINT('Ctrl Pts',(7.65688869810848,7.57642164642032,9.48876034792556));
#5994=CARTESIAN_POINT('Ctrl Pts',(7.37345913426356,7.57646854405083,9.48880011142081));
#5995=CARTESIAN_POINT('Ctrl Pts',(7.09006137134199,7.57650169091049,9.48884230189497));
#5996=CARTESIAN_POINT('Ctrl Pts',(6.80658433333004,7.57653063018543,9.48887193539208));
#5997=CARTESIAN_POINT('Ctrl Pts',(6.52309011519974,7.57655308036742,9.48889790490411));
#5998=CARTESIAN_POINT('Ctrl Pts',(6.23956104176353,7.57657166413714,9.48891801289864));
#5999=CARTESIAN_POINT('Ctrl Pts',(5.95601315945459,7.57658650606964,9.488934678375));
#6000=CARTESIAN_POINT('Ctrl Pts',(5.67244588606051,7.57659859915317,9.48894798244287));
#6001=CARTESIAN_POINT('Ctrl Pts',(5.3888648130351,7.57660834828547,9.48895882932302));
#6002=CARTESIAN_POINT('Ctrl Pts',(5.10527175068725,7.57661625863151,9.48896757524441));
#6003=CARTESIAN_POINT('Ctrl Pts',(4.82166938612066,7.57662266130458,9.48897467807971));
#6004=CARTESIAN_POINT('Ctrl Pts',(4.53805932871948,7.57662785623323,9.48898042949412));
#6005=CARTESIAN_POINT('Ctrl Pts',(4.25444318104815,7.5766320796953,9.48898510942656));
#6006=CARTESIAN_POINT('Ctrl Pts',(3.97082200855351,7.576635510796,9.48898890812749));
#6007=CARTESIAN_POINT('Ctrl Pts',(3.68719700873125,7.57663833703921,9.48899203691639));
#6008=CARTESIAN_POINT('Ctrl Pts',(3.4035684934472,7.57664061148982,9.48899455275443));
#6009=CARTESIAN_POINT('Ctrl Pts',(3.11993836180825,7.57664263713711,9.48899679194353));
#6010=CARTESIAN_POINT('Ctrl Pts',(2.83629956553644,7.57664327068078,9.48899749002669));
#6011=CARTESIAN_POINT('Ctrl Pts',(2.55266615751548,7.57664481473489,9.48899919020324));
#6012=CARTESIAN_POINT('Ctrl Pts',(2.26902819668942,7.57664563143067,9.48900008465905));
#6013=CARTESIAN_POINT('Ctrl Pts',(1.98539046458293,7.57664651190874,9.48900104619526));
#6014=CARTESIAN_POINT('Ctrl Pts',(1.70175114023643,7.57664715940934,9.48900174684418));
#6015=CARTESIAN_POINT('Ctrl Pts',(1.41811128347309,7.576647753696,9.48900238436444));
#6016=CARTESIAN_POINT('Ctrl Pts',(1.13447061035652,7.57664825448602,9.48900291346483));
#6017=CARTESIAN_POINT('Ctrl Pts',(0.85082938991021,7.57664871447296,9.4890033912392));
#6018=CARTESIAN_POINT('Ctrl Pts',(0.567187602224736,7.57664914116085,9.48900382459546));
#6019=CARTESIAN_POINT('Ctrl Pts',(0.283545320831406,7.57664955968438,9.48900423961676));
#6020=CARTESIAN_POINT('Ctrl Pts',(-9.74588190283784E-5,7.57664998676785,
9.48900465253569));
#6021=CARTESIAN_POINT('Ctrl Pts',(-0.28374073343152,7.57665044196929,9.48900508251622));
#6022=CARTESIAN_POINT('Ctrl Pts',(-0.567384548090056,7.57665094759504,9.48900555038993));
#6023=CARTESIAN_POINT('Ctrl Pts',(-0.851028933094485,7.57665152183225,9.48900607327715));
#6024=CARTESIAN_POINT('Ctrl Pts',(-1.13467402401115,7.57665220169414,9.48900668446852));
#6025=CARTESIAN_POINT('Ctrl Pts',(-1.41831981442105,7.57665299318897,9.48900738996483));
#6026=CARTESIAN_POINT('Ctrl Pts',(-1.70196671720832,7.57665398774853,9.48900827036468));
#6027=CARTESIAN_POINT('Ctrl Pts',(-1.98561432905635,7.57665510604796,9.48900925668901));
#6028=CARTESIAN_POINT('Ctrl Pts',(-2.26926421763758,7.57665667711548,9.48901063726288));
#6029=CARTESIAN_POINT('Ctrl Pts',(-2.55291371505327,7.57665814918442,9.48901192939583));
#6030=CARTESIAN_POINT('Ctrl Pts',(-2.83656985195499,7.57666098443065,9.48901441303731));
#6031=CARTESIAN_POINT('Ctrl Pts',(-3.12021802597184,7.57666215070263,9.48901543440118));
#6032=CARTESIAN_POINT('Ctrl Pts',(-3.40387885215422,7.57666592006834,9.48901873158964));
#6033=CARTESIAN_POINT('Ctrl Pts',(-3.687542016697,7.57667016285621,9.48902244193387));
#6034=CARTESIAN_POINT('Ctrl Pts',(-3.97121028472611,7.57667544715845,9.48902706191252));
#6035=CARTESIAN_POINT('Ctrl Pts',(-4.25488412588296,7.57668187013242,9.48903267677263));
#6036=CARTESIAN_POINT('Ctrl Pts',(-4.53856526063388,7.57668978572599,9.48903959540319));
#6037=CARTESIAN_POINT('Ctrl Pts',(-4.82225530150752,7.57669952365522,9.48904810711061));
#6038=CARTESIAN_POINT('Ctrl Pts',(-5.10595645447387,7.57671153995669,9.48905860802323));
#6039=CARTESIAN_POINT('Ctrl Pts',(-5.38967135708701,7.57672636820712,9.48907156997319));
#6040=CARTESIAN_POINT('Ctrl Pts',(-5.67340327298029,7.57674469460727,9.48908758038504));
#6041=CARTESIAN_POINT('Ctrl Pts',(-5.95715630020717,7.57676732184481,9.48910736826117));
#6042=CARTESIAN_POINT('Ctrl Pts',(-6.24093531959341,7.57679533503415,9.48913182039308));
#6043=CARTESIAN_POINT('Ctrl Pts',(-6.52474679253117,7.57682987026575,9.48916206732278));
#6044=CARTESIAN_POINT('Ctrl Pts',(-6.80859774299946,7.57687278984593,9.48919942847968));
#6045=CARTESIAN_POINT('Ctrl Pts',(-7.09249901794181,7.5769253727444,9.48924571097838));
#6046=CARTESIAN_POINT('Ctrl Pts',(-7.37645919108075,7.57699149089859,9.48930275592551));
#6047=CARTESIAN_POINT('Ctrl Pts',(-7.66049969433598,7.57707080709979,9.48937372060818));
#6048=CARTESIAN_POINT('Ctrl Pts',(-7.94462279751783,7.57717437316737,9.48946053887211));
#6049=CARTESIAN_POINT('Ctrl Pts',(-8.22888554535629,7.57729019207599,9.48957001311494));
#6050=CARTESIAN_POINT('Ctrl Pts',(-8.51323688820163,7.57746087145074,9.48970065348421));
#6051=CARTESIAN_POINT('Ctrl Pts',(-8.79789154601079,7.57761018835656,9.48987358320486));
#6052=CARTESIAN_POINT('Ctrl Pts',(-8.9875292720466,7.57783123207715,9.48998664442611));
#6053=CARTESIAN_POINT('Ctrl Pts',(-9.08310793216079,7.57786348943737,9.49014553866007));
#6054=CARTESIAN_POINT('',(-11.0766493592363,5.57664935923629,9.48900427175815));
#6055=CARTESIAN_POINT('Ctrl Pts',(-9.08310793216079,7.57786348943737,9.49014553866007));
#6056=CARTESIAN_POINT('Ctrl Pts',(-9.12933657852097,7.57787909139387,9.49022239122677));
#6057=CARTESIAN_POINT('Ctrl Pts',(-9.27054648498992,7.57044572165546,9.4972638370673));
#6058=CARTESIAN_POINT('Ctrl Pts',(-9.52475084288001,7.53047972338121,9.50605999621691));
#6059=CARTESIAN_POINT('Ctrl Pts',(-9.968302340507,7.39409175103682,9.5198736004791));
#6060=CARTESIAN_POINT('Ctrl Pts',(-10.5165394017091,7.02705283585026,9.52753216446164));
#6061=CARTESIAN_POINT('Ctrl Pts',(-10.8907910799702,6.47547406416738,9.52044564242569));
#6062=CARTESIAN_POINT('Ctrl Pts',(-11.045713688887,5.97823149055556,9.50574624420692));
#6063=CARTESIAN_POINT('Ctrl Pts',(-11.0745809464037,5.71489494124774,9.49562596113617));
#6064=CARTESIAN_POINT('Ctrl Pts',(-11.0754463727368,5.58459234687499,9.49002599498526));
#6065=CARTESIAN_POINT('',(-11.0766493592363,-5.57664935923628,9.48900427175815));
#6066=CARTESIAN_POINT('Ctrl Pts',(-11.0754463727368,5.58459234687499,9.49002599498526));
#6067=CARTESIAN_POINT('Ctrl Pts',(-11.0759960281138,5.50183368921999,9.48646930692549));
#6068=CARTESIAN_POINT('Ctrl Pts',(-11.0757540476946,5.40053310671462,9.48862859288662));
#6069=CARTESIAN_POINT('Ctrl Pts',(-11.0759817812004,5.16069277442237,9.48755923743308));
#6070=CARTESIAN_POINT('Ctrl Pts',(-11.076069007743,4.87702230302155,9.48857432301296));
#6071=CARTESIAN_POINT('Ctrl Pts',(-11.0762565778652,4.52672911081189,9.48834449019822));
#6072=CARTESIAN_POINT('Ctrl Pts',(-11.0763532781027,4.18044917026826,9.48869303184297));
#6073=CARTESIAN_POINT('Ctrl Pts',(-11.0764588396463,3.89014987933585,9.48873152594071));
#6074=CARTESIAN_POINT('Ctrl Pts',(-11.0764818102558,3.70170831085341,9.48878649138994));
#6075=CARTESIAN_POINT('Ctrl Pts',(-11.0764849865419,3.6145838731691,9.4887882624827));
#6076=CARTESIAN_POINT('Ctrl Pts',(-11.076485882062,3.57102811541691,9.48878998990429));
#6077=CARTESIAN_POINT('Ctrl Pts',(-11.0764866141388,3.52746584909347,9.48879073130096));
#6078=CARTESIAN_POINT('Ctrl Pts',(-11.0764901168475,3.38227288225413,9.48879552136014));
#6079=CARTESIAN_POINT('Ctrl Pts',(-11.0765242290133,3.13565932668185,9.48884063739972));
#6080=CARTESIAN_POINT('Ctrl Pts',(-11.0765409416602,2.78725950012613,9.48886248866662));
#6081=CARTESIAN_POINT('Ctrl Pts',(-11.0765615309041,2.43888224176409,9.48889083725486));
#6082=CARTESIAN_POINT('Ctrl Pts',(-11.0765772001561,1.50960532287872,9.48890744234362));
#6083=CARTESIAN_POINT('Ctrl Pts',(-11.076635695004,0.580525677075296,9.48901036568194));
#6084=CARTESIAN_POINT('Ctrl Pts',(-11.0766408630109,-0.348876153964113,
9.48902263812444));
#6085=CARTESIAN_POINT('Ctrl Pts',(-11.0766409321817,-0.697426516846736,
9.48902701146841));
#6086=CARTESIAN_POINT('Ctrl Pts',(-11.0766411584476,-1.04598555243168,9.48903377967716));
#6087=CARTESIAN_POINT('Ctrl Pts',(-11.0766404449608,-1.39456568116692,9.48904235255263));
#6088=CARTESIAN_POINT('Ctrl Pts',(-11.0766393563795,-1.74316265572287,9.48905350784829));
#6089=CARTESIAN_POINT('Ctrl Pts',(-11.0766381015244,-2.09175051508726,9.48906214483744));
#6090=CARTESIAN_POINT('Ctrl Pts',(-11.0766347416149,-2.44043341291612,9.48908538210144));
#6091=CARTESIAN_POINT('Ctrl Pts',(-11.0766307380829,-2.78913542925745,9.48911088797718));
#6092=CARTESIAN_POINT('Ctrl Pts',(-11.0766258313343,-3.13787494431235,9.4891419340358));
#6093=CARTESIAN_POINT('Ctrl Pts',(-11.0766179513937,-3.48673444174791,9.48919045394479));
#6094=CARTESIAN_POINT('Ctrl Pts',(-11.0766112187252,-3.83554567965654,9.48923179790693));
#6095=CARTESIAN_POINT('Ctrl Pts',(-11.07659944262,-4.07201658690163,9.48930339572632));
#6096=CARTESIAN_POINT('Ctrl Pts',(-11.0765984564626,-4.19549551685146,9.48930938856518));
#6097=CARTESIAN_POINT('Ctrl Pts',(-11.0765984673739,-4.21001720891137,9.48930932141351));
#6098=CARTESIAN_POINT('Ctrl Pts',(-11.0765983577299,-4.23543547710816,9.48930998522264));
#6099=CARTESIAN_POINT('Ctrl Pts',(-11.076597769704,-4.28628713249242,9.48931353267987));
#6100=CARTESIAN_POINT('Ctrl Pts',(-11.0765962178684,-4.38800587445386,9.48932289499757));
#6101=CARTESIAN_POINT('Ctrl Pts',(-11.0765881399749,-4.50451450730367,9.48937158091864));
#6102=CARTESIAN_POINT('Ctrl Pts',(-11.0765859342077,-4.59899892318207,9.48938486549182));
#6103=CARTESIAN_POINT('Ctrl Pts',(-11.0765855071416,-4.64258287701507,9.48938743758523));
#6104=CARTESIAN_POINT('Ctrl Pts',(-11.0765853526151,-4.66437243069694,9.48938836755679));
#6105=CARTESIAN_POINT('Ctrl Pts',(-11.0765851568457,-4.68616367543932,9.48938954581865));
#6106=CARTESIAN_POINT('Ctrl Pts',(-11.0765847174718,-4.72974812100033,9.4893921891535));
#6107=CARTESIAN_POINT('Ctrl Pts',(-11.0765810944075,-4.79524625698653,9.48941398396258));
#6108=CARTESIAN_POINT('Ctrl Pts',(-11.0765774985657,-4.88252647225948,9.4894356096656));
#6109=CARTESIAN_POINT('Ctrl Pts',(-11.0765733169895,-4.96983068061685,9.48946075642428));
#6110=CARTESIAN_POINT('Ctrl Pts',(-11.0765689387832,-5.04262078009039,9.48948708138612));
#6111=CARTESIAN_POINT('Ctrl Pts',(-11.076567186789,-5.10078113529816,9.48949761434899));
#6112=CARTESIAN_POINT('Ctrl Pts',(-11.0765663102067,-5.15890562953185,9.48950288445993));
#6113=CARTESIAN_POINT('Ctrl Pts',(-11.0765606555225,-5.20633422654768,9.48953687517787));
#6114=CARTESIAN_POINT('Ctrl Pts',(-11.0765602238936,-5.24265727094621,9.48953946955361));
#6115=CARTESIAN_POINT('Ctrl Pts',(-11.0765601545812,-5.25718225599118,9.4895398861633));
#6116=CARTESIAN_POINT('Ctrl Pts',(-11.0765594076081,-5.28262660424965,9.48954437533648));
#6117=CARTESIAN_POINT('Ctrl Pts',(-11.0765584247827,-5.33349436860066,9.48955028216504));
#6118=CARTESIAN_POINT('Ctrl Pts',(-11.0765507982062,-5.38100367791568,9.48959611311854));
#6119=CARTESIAN_POINT('Ctrl Pts',(-11.0765502339877,-5.41733214928639,9.48959950360617));
#6120=CARTESIAN_POINT('Ctrl Pts',(-11.0765501406609,-5.4318581172165,9.48960006439751));
#6121=CARTESIAN_POINT('Ctrl Pts',(-11.0765495687234,-5.44640368454813,9.48960350104075));
#6122=CARTESIAN_POINT('Ctrl Pts',(-11.0765494195061,-5.46093194094331,9.48960439760142));
#6123=CARTESIAN_POINT('Ctrl Pts',(-11.0765492673732,-5.47546031679655,9.48960531169501));
#6124=CARTESIAN_POINT('Ctrl Pts',(-11.0765486236209,-5.49000882343816,9.48960917951257));
#6125=CARTESIAN_POINT('Ctrl Pts',(-11.0765484789441,-5.50453689368655,9.48961004874427));
#6126=CARTESIAN_POINT('Ctrl Pts',(-11.0765482777778,-5.51543674045163,9.48961125735182));
#6127=CARTESIAN_POINT('Ctrl Pts',(-11.0765481276988,-5.52633449522669,9.48961215900717));
#6128=CARTESIAN_POINT('Ctrl Pts',(-11.0765479342483,-5.53541875760672,9.48961332121294));
#6129=CARTESIAN_POINT('Ctrl Pts',(-11.0765478822247,-5.54268196074865,9.48961363375276));
#6130=CARTESIAN_POINT('Ctrl Pts',(-11.0765478277142,-5.54812999755505,9.48961396122894));
#6131=CARTESIAN_POINT('Ctrl Pts',(-11.076547782041,-5.55357767223018,9.48961423560918));
#6132=CARTESIAN_POINT('Ctrl Pts',(-11.0765477290416,-5.5581180132782,9.48961455400007));
#6133=CARTESIAN_POINT('Ctrl Pts',(-11.0765477113987,-5.56174927163034,9.48961465998369));
#6134=CARTESIAN_POINT('Ctrl Pts',(-11.0765476986527,-5.56538033152277,9.48961473655945));
#6135=CARTESIAN_POINT('Ctrl Pts',(-11.0765476379204,-5.56901334950484,9.48961510136798));
#6136=CARTESIAN_POINT('Ctrl Pts',(-11.076547626258,-5.57264437223089,9.48961517145767));
#6137=CARTESIAN_POINT('Ctrl Pts',(-11.0765476090082,-5.57491425373874,9.48961527502177));
#6138=CARTESIAN_POINT('Ctrl Pts',(-11.0765476049472,-5.57650287236229,9.48961529949574));
#6139=CARTESIAN_POINT('Ctrl Pts',(-11.076547603607,-5.57741062363552,9.48961530743254));
#6140=CARTESIAN_POINT('Ctrl Pts',(-11.0765476021018,-5.57831839038063,9.48961531680464));
#6141=CARTESIAN_POINT('Ctrl Pts',(-11.0765475998236,-5.57922618884836,9.48961532936492));
#6142=CARTESIAN_POINT('Ctrl Pts',(-11.0765475960258,-5.58002061025222,9.48961535371106));
#6143=CARTESIAN_POINT('Ctrl Pts',(-11.0765475990929,-5.58041760289902,9.48961533342893));
#6144=CARTESIAN_POINT('Ctrl Pts',(-11.0765475937506,-5.58064477151352,9.48961536832623));
#6145=CARTESIAN_POINT('Ctrl Pts',(-11.076547603724,-5.58075779537408,9.48961530307719));
#6146=CARTESIAN_POINT('Ctrl Pts',(-11.0765475861943,-5.58081530552833,9.48961541768991));
#6147=CARTESIAN_POINT('Ctrl Pts',(-11.0765475861943,-5.58081530552833,9.48961541768991));
#6148=CARTESIAN_POINT('Ctrl Pts',(-11.0765328452514,-5.62917619224434,9.48971179671521));
#6149=CARTESIAN_POINT('Ctrl Pts',(-11.0683528370901,-5.77909586679047,9.49739106629929));
#6150=CARTESIAN_POINT('Ctrl Pts',(-11.0248210239534,-6.04194008349957,9.50614958228945));
#6151=CARTESIAN_POINT('Ctrl Pts',(-10.9608634253877,-6.24706716233867,9.51319961211007));
#6152=CARTESIAN_POINT('Ctrl Pts',(-10.9063254902983,-6.3708726869974,9.51618163360996));
#6153=CARTESIAN_POINT('Ctrl Pts',(-10.3666053508814,-6.13591737397067,10.));
#6154=CARTESIAN_POINT('Ctrl Pts',(-10.4046858874536,-6.0484418781283,10.));
#6155=CARTESIAN_POINT('Ctrl Pts',(-10.4488517451851,-5.91012540037636,9.9999999994094));
#6156=CARTESIAN_POINT('Ctrl Pts',(-10.478383040259,-5.71975675281549,9.99999999939251));
#6157=CARTESIAN_POINT('Ctrl Pts',(-10.4832798198967,-5.62435054269346,9.99999999911836));
#6158=CARTESIAN_POINT('Ctrl Pts',(-10.4832800225462,-5.57658999412342,9.99999999908543));
#6159=CARTESIAN_POINT('Ctrl Pts',(-10.4832800224139,-5.5764765254268,9.99999999908545));
#6160=CARTESIAN_POINT('Ctrl Pts',(-10.4832800224909,-5.57624959472671,9.99999999908544));
#6161=CARTESIAN_POINT('Ctrl Pts',(-10.4832800224747,-5.57585246381289,9.99999999908546));
#6162=CARTESIAN_POINT('Ctrl Pts',(-10.4832800225817,-5.57505820840424,9.99999999908545));
#6163=CARTESIAN_POINT('Ctrl Pts',(-10.4832800228777,-5.57415049563702,9.99999999908549));
#6164=CARTESIAN_POINT('Ctrl Pts',(-10.4832800229516,-5.57324279280055,9.99999999908549));
#6165=CARTESIAN_POINT('Ctrl Pts',(-10.4832800230636,-5.57233509566121,9.9999999990855));
#6166=CARTESIAN_POINT('Ctrl Pts',(-10.483280023355,-5.57074664395125,9.99999999908554));
#6167=CARTESIAN_POINT('Ctrl Pts',(-10.4832800246375,-5.56847746876421,9.99999999908569));
#6168=CARTESIAN_POINT('Ctrl Pts',(-10.4832800254964,-5.56484692405608,9.9999999990858));
#6169=CARTESIAN_POINT('Ctrl Pts',(-10.4832800299914,-5.56121639409547,9.99999999908635));
#6170=CARTESIAN_POINT('Ctrl Pts',(-10.4832800309336,-5.55758585645184,9.99999999908646));
#6171=CARTESIAN_POINT('Ctrl Pts',(-10.4832800322389,-5.55395532091091,9.99999999908662));
#6172=CARTESIAN_POINT('Ctrl Pts',(-10.4832800361594,-5.5494171512849,9.9999999990871));
#6173=CARTESIAN_POINT('Ctrl Pts',(-10.4832800395383,-5.54397134787167,9.99999999908751));
#6174=CARTESIAN_POINT('Ctrl Pts',(-10.4832800435707,-5.53852554442772,9.999999999088));
#6175=CARTESIAN_POINT('Ctrl Pts',(-10.4832800474194,-5.53126447277416,9.99999999908846));
#6176=CARTESIAN_POINT('Ctrl Pts',(-10.4832800617307,-5.52218813646475,9.99999999909021));
#6177=CARTESIAN_POINT('Ctrl Pts',(-10.4832800728336,-5.51129653080941,9.99999999909155));
#6178=CARTESIAN_POINT('Ctrl Pts',(-10.4832800877163,-5.50040492645993,9.99999999909336));
#6179=CARTESIAN_POINT('Ctrl Pts',(-10.48328009842,-5.48588278413572,9.99999999909465));
#6180=CARTESIAN_POINT('Ctrl Pts',(-10.4832801460478,-5.47136065474201,9.99999999910044));
#6181=CARTESIAN_POINT('Ctrl Pts',(-10.4832801573038,-5.4568385126095,9.9999999991018));
#6182=CARTESIAN_POINT('Ctrl Pts',(-10.4832801683439,-5.44231637040055,9.99999999910315));
#6183=CARTESIAN_POINT('Ctrl Pts',(-10.483280210662,-5.42779423915039,9.99999999910829));
#6184=CARTESIAN_POINT('Ctrl Pts',(-10.4832802175675,-5.41327209549338,9.99999999910913));
#6185=CARTESIAN_POINT('Ctrl Pts',(-10.483280259317,-5.37696674493065,9.99999999911421));
#6186=CARTESIAN_POINT('Ctrl Pts',(-10.4832808236653,-5.32976996792582,9.99999999918284));
#6187=CARTESIAN_POINT('Ctrl Pts',(-10.4832808963996,-5.27894248214778,9.99999999919169));
#6188=CARTESIAN_POINT('Ctrl Pts',(-10.4832809516775,-5.25352874588497,9.99999999919842));
#6189=CARTESIAN_POINT('Ctrl Pts',(-10.4832809568075,-5.23900660160658,9.99999999919904));
#6190=CARTESIAN_POINT('Ctrl Pts',(-10.4832809887533,-5.20270124761234,9.99999999920292));
#6191=CARTESIAN_POINT('Ctrl Pts',(-10.483281407295,-5.15550441957073,9.99999999925377));
#6192=CARTESIAN_POINT('Ctrl Pts',(-10.4832814721871,-5.09741585801624,9.99999999926166));
#6193=CARTESIAN_POINT('Ctrl Pts',(-10.4832816018822,-5.03932731918015,9.99999999927741));
#6194=CARTESIAN_POINT('Ctrl Pts',(-10.4832819260251,-4.9667167024562,9.99999999931679));
#6195=CARTESIAN_POINT('Ctrl Pts',(-10.4832822356566,-4.87958393459,9.99999999935441));
#6196=CARTESIAN_POINT('Ctrl Pts',(-10.483282501932,-4.79245115152581,9.99999999938676));
#6197=CARTESIAN_POINT('Ctrl Pts',(-10.4832827702842,-4.72710158833414,9.99999999941936));
#6198=CARTESIAN_POINT('Ctrl Pts',(-10.4832828028305,-4.68353516152539,9.99999999942331));
#6199=CARTESIAN_POINT('Ctrl Pts',(-10.4832828173374,-4.66175194750393,9.99999999942507));
#6200=CARTESIAN_POINT('Ctrl Pts',(-10.4832828287875,-4.63996873240891,9.99999999942647));
#6201=CARTESIAN_POINT('Ctrl Pts',(-10.4832828604538,-4.59640230530678,9.99999999943032));
#6202=CARTESIAN_POINT('Ctrl Pts',(-10.4832830240069,-4.50200841327912,9.99999999945022));
#6203=CARTESIAN_POINT('Ctrl Pts',(-10.4832836233686,-4.38583145546435,9.9999999995232));
#6204=CARTESIAN_POINT('Ctrl Pts',(-10.4832837386168,-4.28417647351385,9.99999999953724));
#6205=CARTESIAN_POINT('Ctrl Pts',(-10.4832837822855,-4.23334897762351,9.99999999954256));
#6206=CARTESIAN_POINT('Ctrl Pts',(-10.4832837904545,-4.20793522487928,9.99999999954355));
#6207=CARTESIAN_POINT('Ctrl Pts',(-10.4832837896292,-4.19341307850507,9.99999999954346));
#6208=CARTESIAN_POINT('Ctrl Pts',(-10.483283863357,-4.06997486305573,9.9999999995524));
#6209=CARTESIAN_POINT('Ctrl Pts',(-10.4832847441652,-3.83399030250501,9.99999999965926));
#6210=CARTESIAN_POINT('Ctrl Pts',(-10.483285252383,-3.48545897960662,9.99999999972085));
#6211=CARTESIAN_POINT('Ctrl Pts',(-10.4832858486836,-3.13692768911751,9.99999999979311));
#6212=CARTESIAN_POINT('Ctrl Pts',(-10.483286229426,-2.7883963252575,9.99999999983912));
#6213=CARTESIAN_POINT('Ctrl Pts',(-10.48328654206,-2.43986493691493,9.99999999987688));
#6214=CARTESIAN_POINT('Ctrl Pts',(-10.4832868251704,-2.09133354700923,9.99999999991081));
#6215=CARTESIAN_POINT('Ctrl Pts',(-10.4832869304351,-1.74280208407664,9.99999999992344));
#6216=CARTESIAN_POINT('Ctrl Pts',(-10.4832870632144,-1.39427065010576,9.99999999993888));
#6217=CARTESIAN_POINT('Ctrl Pts',(-10.483287164523,-1.04573920328717,9.99999999995055));
#6218=CARTESIAN_POINT('Ctrl Pts',(-10.4832872397874,-0.697207768481016,
9.9999999999585));
#6219=CARTESIAN_POINT('Ctrl Pts',(-10.48328728889,-0.348676306086353,9.99999999996375));
#6220=CARTESIAN_POINT('Ctrl Pts',(-10.4832873969233,0.58074076668735,9.99999999997047));
#6221=CARTESIAN_POINT('Ctrl Pts',(-10.4832882132625,1.51015533748907,10.0000000000024));
#6222=CARTESIAN_POINT('Ctrl Pts',(-10.4832883074677,2.4395720433343,9.99999999999749));
#6223=CARTESIAN_POINT('Ctrl Pts',(-10.4832885059205,2.78810264814568,9.9999999999991));
#6224=CARTESIAN_POINT('Ctrl Pts',(-10.4832886525925,3.13663342382796,9.99999999999885));
#6225=CARTESIAN_POINT('Ctrl Pts',(-10.4832889614909,3.38350843989939,9.99999999999936));
#6226=CARTESIAN_POINT('Ctrl Pts',(-10.483288992668,3.52872973091828,9.99999999999937));
#6227=CARTESIAN_POINT('Ctrl Pts',(-10.483288999357,3.57229615970411,9.99999999999937));
#6228=CARTESIAN_POINT('Ctrl Pts',(-10.4832890070526,3.61586250459264,9.99999999999937));
#6229=CARTESIAN_POINT('Ctrl Pts',(-10.4832890367594,3.70299548287309,9.99999999999938));
#6230=CARTESIAN_POINT('Ctrl Pts',(-10.4832892278992,3.89177992590455,9.99999999999944));
#6231=CARTESIAN_POINT('Ctrl Pts',(-10.4832902255685,4.18222824877987,9.99999999999958));
#6232=CARTESIAN_POINT('Ctrl Pts',(-10.4832909635551,4.53073354959255,9.99999999999968));
#6233=CARTESIAN_POINT('Ctrl Pts',(-10.4832929024426,4.87930429954868,9.99999999999978));
#6234=CARTESIAN_POINT('Ctrl Pts',(-10.483293174815,5.16965390698538,9.99999999999985));
#6235=CARTESIAN_POINT('Ctrl Pts',(-10.48329597162,5.40213447298676,9.99999999999987));
#6236=CARTESIAN_POINT('Ctrl Pts',(-10.4832924260576,5.51807578960495,9.99999999999988));
#6237=CARTESIAN_POINT('Ctrl Pts',(-10.4833112134289,5.66865834098816,9.99999999999989));
#6238=CARTESIAN_POINT('Ctrl Pts',(-10.4645532498836,5.85430635388554,9.99999999999991));
#6239=CARTESIAN_POINT('Ctrl Pts',(-10.3571527050833,6.2059816500287,9.99999999999993));
#6240=CARTESIAN_POINT('Ctrl Pts',(-10.0955922610664,6.59781572805621,9.99999999999996));
#6241=CARTESIAN_POINT('Ctrl Pts',(-9.70597145479803,6.85725241777638,9.99999999999999));
#6242=CARTESIAN_POINT('Ctrl Pts',(-9.39642281846951,6.95170692500184,10.));
#6243=CARTESIAN_POINT('Ctrl Pts',(-9.21370564676298,6.97884919148411,10.));
#6244=CARTESIAN_POINT('Ctrl Pts',(-9.12241345589574,6.98331935590913,10.));
#6245=CARTESIAN_POINT('Ctrl Pts',(-8.98212938676893,6.98332000639849,10.));
#6246=CARTESIAN_POINT('Ctrl Pts',(-8.79303112661093,6.98331322713485,10.));
#6247=CARTESIAN_POINT('Ctrl Pts',(-8.50938366692829,6.98330961583271,10.));
#6248=CARTESIAN_POINT('Ctrl Pts',(-8.22573739121217,6.98330481579244,10.));
#6249=CARTESIAN_POINT('Ctrl Pts',(-7.94209171679614,6.98330176742885,10.));
#6250=CARTESIAN_POINT('Ctrl Pts',(-7.6584466798292,6.98329893054386,10.));
#6251=CARTESIAN_POINT('Ctrl Pts',(-7.37480209100615,6.98329680281344,10.));
#6252=CARTESIAN_POINT('Ctrl Pts',(-7.09115789458884,6.98329500799978,10.));
#6253=CARTESIAN_POINT('Ctrl Pts',(-6.80751400201894,6.98329358983601,10.));
#6254=CARTESIAN_POINT('Ctrl Pts',(-6.52387036111629,6.98329242818122,10.));
#6255=CARTESIAN_POINT('Ctrl Pts',(-6.24022692100003,6.98329149537792,10.));
#6256=CARTESIAN_POINT('Ctrl Pts',(-5.95658364439898,6.98329073799841,10.));
#6257=CARTESIAN_POINT('Ctrl Pts',(-5.67294049944049,6.98329012672044,10.));
#6258=CARTESIAN_POINT('Ctrl Pts',(-5.38929746110055,6.98328963160532,10.));
#6259=CARTESIAN_POINT('Ctrl Pts',(-5.10565450882267,6.98328923124633,10.));
#6260=CARTESIAN_POINT('Ctrl Pts',(-4.8220116260408,6.98328890699085,10.));
#6261=CARTESIAN_POINT('Ctrl Pts',(-4.53836879945638,6.98328864449765,10.));
#6262=CARTESIAN_POINT('Ctrl Pts',(-4.25472601790737,6.98328843144572,10.));
#6263=CARTESIAN_POINT('Ctrl Pts',(-3.97108327325351,6.98328825898002,10.));
#6264=CARTESIAN_POINT('Ctrl Pts',(-3.68744055679932,6.98328811756923,10.));
#6265=CARTESIAN_POINT('Ctrl Pts',(-3.403797866181,6.9832880046769,10.));
#6266=CARTESIAN_POINT('Ctrl Pts',(-3.12015518742847,6.98328790502508,10.));
#6267=CARTESIAN_POINT('Ctrl Pts',(-2.83651257256218,6.98328787505318,10.));
#6268=CARTESIAN_POINT('Ctrl Pts',(-2.55286991772322,6.98328780268891,9.99999999999999));
#6269=CARTESIAN_POINT('Ctrl Pts',(-2.2692272964317,6.98328776702598,9.99999999999999));
#6270=CARTESIAN_POINT('Ctrl Pts',(-1.9855846733071,6.9832877300914,9.99999999999999));
#6271=CARTESIAN_POINT('Ctrl Pts',(-1.70194206179881,6.98328770644152,9.99999999999999));
#6272=CARTESIAN_POINT('Ctrl Pts',(-1.41829945404078,6.98328768775211,9.99999999999999));
#6273=CARTESIAN_POINT('Ctrl Pts',(-1.13465685209759,6.98328767641855,9.99999999999999));
#6274=CARTESIAN_POINT('Ctrl Pts',(-0.851014253934162,6.98328767047604,9.99999999999999));
#6275=CARTESIAN_POINT('Ctrl Pts',(-0.56737165963915,6.98328767030928,9.99999999999999));
#6276=CARTESIAN_POINT('Ctrl Pts',(-0.283729068598018,6.98328767560644,9.99999999999999));
#6277=CARTESIAN_POINT('Ctrl Pts',(-8.64807494982832E-5,6.98328768677042,
9.99999999999999));
#6278=CARTESIAN_POINT('Ctrl Pts',(0.283556104034064,6.98328770417404,9.99999999999999));
#6279=CARTESIAN_POINT('Ctrl Pts',(0.567198685580744,6.9832877288,9.99999999999999));
#6280=CARTESIAN_POINT('Ctrl Pts',(0.850841263792355,6.98328776137582,9.99999999999999));
#6281=CARTESIAN_POINT('Ctrl Pts',(1.13448383798864,6.9832878042256,9.99999999999999));
#6282=CARTESIAN_POINT('Ctrl Pts',(1.41812640824397,6.98328785740219,9.99999999999999));
#6283=CARTESIAN_POINT('Ctrl Pts',(1.70176897237084,6.98328792753701,9.99999999999999));
#6284=CARTESIAN_POINT('Ctrl Pts',(1.98541153256036,6.98328800836194,9.99999999999999));
#6285=CARTESIAN_POINT('Ctrl Pts',(2.26905408040831,6.98328812467529,9.99999999999999));
#6286=CARTESIAN_POINT('Ctrl Pts',(2.5526966302617,6.98328823444654,9.99999999999999));
#6287=CARTESIAN_POINT('Ctrl Pts',(2.83633914435644,6.98328844860823,10.));
#6288=CARTESIAN_POINT('Ctrl Pts',(3.11998170115277,6.98328853685742,10.));
#6289=CARTESIAN_POINT('Ctrl Pts',(3.40362418983536,6.98328882414457,10.));
#6290=CARTESIAN_POINT('Ctrl Pts',(3.68726666589443,6.9832891480637,9.99999999999999));
#6291=CARTESIAN_POINT('Ctrl Pts',(3.97090911441928,6.98328955207669,9.99999999999999));
#6292=CARTESIAN_POINT('Ctrl Pts',(4.25455153293082,6.98329004363082,9.99999999999999));
#6293=CARTESIAN_POINT('Ctrl Pts',(4.53819391206355,6.98329064968448,9.99999999999999));
#6294=CARTESIAN_POINT('Ctrl Pts',(4.82183624335714,6.9832913958021,9.99999999999999));
#6295=CARTESIAN_POINT('Ctrl Pts',(5.10547851442965,6.98329231619708,9.99999999999999));
#6296=CARTESIAN_POINT('Ctrl Pts',(5.38912071219264,6.98329345337166,9.99999999999999));
#6297=CARTESIAN_POINT('Ctrl Pts',(5.67276281656171,6.98329485629369,10.));
#6298=CARTESIAN_POINT('Ctrl Pts',(5.95640481106306,6.98329659458972,10.));
#6299=CARTESIAN_POINT('Ctrl Pts',(6.24004665686645,6.98329873330238,10.));
#6300=CARTESIAN_POINT('Ctrl Pts',(6.52368834721601,6.98330140009778,10.));
#6301=CARTESIAN_POINT('Ctrl Pts',(6.80732978149778,6.98330464693506,10.));
#6302=CARTESIAN_POINT('Ctrl Pts',(7.090971041745,6.98330877504841,10.));
#6303=CARTESIAN_POINT('Ctrl Pts',(7.37461176744221,6.98331362658,10.));
#6304=CARTESIAN_POINT('Ctrl Pts',(7.65825254649776,6.98332019336765,9.99999999999999));
#6305=CARTESIAN_POINT('Ctrl Pts',(7.94189179265755,6.98332703924858,10.));
#6306=CARTESIAN_POINT('Ctrl Pts',(8.17825923492963,6.98333659734351,10.));
#6307=CARTESIAN_POINT('Ctrl Pts',(8.36735019210435,6.98334034624675,10.));
#6308=CARTESIAN_POINT('Ctrl Pts',(8.55645185283779,6.98334398951935,10.));
#6309=CARTESIAN_POINT('Ctrl Pts',(8.74551518635543,6.98335909043903,10.));
#6310=CARTESIAN_POINT('Ctrl Pts',(8.93464865661237,6.98336707689536,10.));
#6311=CARTESIAN_POINT('Ctrl Pts',(9.02912514204499,6.98336527244729,10.));
#6312=CARTESIAN_POINT('Ctrl Pts',(9.26031045750419,6.98343429314239,10.));
#6313=CARTESIAN_POINT('Ctrl Pts',(9.62720622622126,6.90985594838555,10.));
#6314=CARTESIAN_POINT('Ctrl Pts',(10.0186721521949,6.64847067888319,9.99999999999999));
#6315=CARTESIAN_POINT('Ctrl Pts',(10.2537224916152,6.36134991710632,9.99999999999998));
#6316=CARTESIAN_POINT('Ctrl Pts',(10.3840636480078,6.11821357652912,9.99999999999998));
#6317=CARTESIAN_POINT('Ctrl Pts',(10.4519617591483,5.89531985060897,9.99999999999998));
#6318=CARTESIAN_POINT('Ctrl Pts',(10.4787541020273,5.71440475962712,9.99999999999998));
#6319=CARTESIAN_POINT('Ctrl Pts',(10.4833633272934,5.62246729551132,9.99999999999998));
#6320=CARTESIAN_POINT('Ctrl Pts',(10.4833456382846,5.46029993621957,9.99999999999998));
#6321=CARTESIAN_POINT('Ctrl Pts',(10.4833305660514,5.28615338381692,9.99999999999999));
#6322=CARTESIAN_POINT('Ctrl Pts',(10.4833261665603,5.05377056727391,9.99999999999999));
#6323=CARTESIAN_POINT('Ctrl Pts',(10.4833213772968,4.87952064034115,9.99999999999999));
#6324=CARTESIAN_POINT('Ctrl Pts',(10.4833179725693,4.70525333103951,9.99999999999999));
#6325=CARTESIAN_POINT('Ctrl Pts',(10.4833149828109,4.53099271190225,9.99999999999999));
#6326=CARTESIAN_POINT('Ctrl Pts',(10.4833124169004,4.3857727460905,9.99999999999999));
#6327=CARTESIAN_POINT('Ctrl Pts',(10.4833117930638,4.26959616195963,9.99999999999999));
#6328=CARTESIAN_POINT('Ctrl Pts',(10.483310883382,4.09533080552557,9.99999999999999));
#6329=CARTESIAN_POINT('Ctrl Pts',(10.4833051594238,3.83393796553003,9.99999999999999));
#6330=CARTESIAN_POINT('Ctrl Pts',(10.4833018030293,3.48540914719323,10.));
#6331=CARTESIAN_POINT('Ctrl Pts',(10.4832981531958,3.1368807235274,10.));
#6332=CARTESIAN_POINT('Ctrl Pts',(10.4832957331475,2.78835085586335,10.));
#6333=CARTESIAN_POINT('Ctrl Pts',(10.4832937888043,2.43982045965838,10.));
#6334=CARTESIAN_POINT('Ctrl Pts',(10.483291998633,2.09128984418227,9.99999999999999));
#6335=CARTESIAN_POINT('Ctrl Pts',(10.4832913358445,1.74275798621014,10.));
#6336=CARTESIAN_POINT('Ctrl Pts',(10.4832904837119,1.39422626793839,9.99999999999999));
#6337=CARTESIAN_POINT('Ctrl Pts',(10.4832898178014,1.04569431979902,9.99999999999999));
#6338=CARTESIAN_POINT('Ctrl Pts',(10.4832893228101,0.697162138524307,9.99999999999999));
#6339=CARTESIAN_POINT('Ctrl Pts',(10.4832889422717,0.348629782992914,10.));
#6340=CARTESIAN_POINT('Ctrl Pts',(10.4832886606808,9.72529806855465E-5,
9.99999999999999));
#6341=CARTESIAN_POINT('Ctrl Pts',(10.4832884536646,-0.348435436882946,10.));
#6342=CARTESIAN_POINT('Ctrl Pts',(10.4832883100369,-0.696968306864536,9.99999999999999));
#6343=CARTESIAN_POINT('Ctrl Pts',(10.4832882169674,-1.04550135221476,10.));
#6344=CARTESIAN_POINT('Ctrl Pts',(10.4832881730654,-1.39403465557646,10.));
#6345=CARTESIAN_POINT('Ctrl Pts',(10.4832881654486,-1.74256817641865,10.));
#6346=CARTESIAN_POINT('Ctrl Pts',(10.48328820178,-2.09110158588069,10.));
#6347=CARTESIAN_POINT('Ctrl Pts',(10.4832883220774,-2.43963621580328,9.99999999999999));
#6348=CARTESIAN_POINT('Ctrl Pts',(10.4832884662224,-2.78817139295149,10.));
#6349=CARTESIAN_POINT('Ctrl Pts',(10.4832887120256,-3.13670641825618,10.));
#6350=CARTESIAN_POINT('Ctrl Pts',(10.4832889630892,-3.48524462265688,10.));
#6351=CARTESIAN_POINT('Ctrl Pts',(10.4832894725832,-3.8337787776729,10.));
#6352=CARTESIAN_POINT('Ctrl Pts',(10.4832897554174,-4.18232626016831,10.));
#6353=CARTESIAN_POINT('Ctrl Pts',(10.4832909907196,-4.53084935536873,10.));
#6354=CARTESIAN_POINT('Ctrl Pts',(10.483290667264,-4.87943419260005,10.));
#6355=CARTESIAN_POINT('Ctrl Pts',(10.4832939926435,-5.1698122439245,10.));
#6356=CARTESIAN_POINT('Ctrl Pts',(10.4832912272365,-5.40229617809121,10.));
#6357=CARTESIAN_POINT('Ctrl Pts',(10.4832973333554,-5.51825400396121,10.));
#6358=CARTESIAN_POINT('Ctrl Pts',(10.4832571495753,-5.76088165071783,10.));
#6359=CARTESIAN_POINT('Ctrl Pts',(10.4092064712973,-6.12884230391532,10.));
#6360=CARTESIAN_POINT('Ctrl Pts',(10.0957268349376,-6.59714744970641,10.));
#6361=CARTESIAN_POINT('Ctrl Pts',(9.7059417059292,-6.85736267914157,10.));
#6362=CARTESIAN_POINT('Ctrl Pts',(9.39647454012017,-6.95158847498773,10.));
#6363=CARTESIAN_POINT('Ctrl Pts',(9.21372417175879,-6.97879101094726,10.));
#6364=CARTESIAN_POINT('Ctrl Pts',(9.12243411159628,-6.9832474758812,10.));
#6365=CARTESIAN_POINT('Ctrl Pts',(8.88760136971853,-6.98325883740929,10.));
#6366=CARTESIAN_POINT('Ctrl Pts',(8.50940668948612,-6.9832662333981,10.));
#6367=CARTESIAN_POINT('Ctrl Pts',(8.03666779066897,-6.98327523600841,10.));
#6368=CARTESIAN_POINT('Ctrl Pts',(7.65848296190481,-6.98327722689334,10.));
#6369=CARTESIAN_POINT('Ctrl Pts',(7.2802991077754,-6.9832788162151,10.));
#6370=CARTESIAN_POINT('Ctrl Pts',(6.80756712903829,-6.98328215274384,10.));
#6371=CARTESIAN_POINT('Ctrl Pts',(6.3348371714421,-6.98328416937043,10.));
#6372=CARTESIAN_POINT('Ctrl Pts',(5.95665463355951,-6.98328477098442,10.));
#6373=CARTESIAN_POINT('Ctrl Pts',(5.57847244217446,-6.98328514143261,10.));
#6374=CARTESIAN_POINT('Ctrl Pts',(5.10574407550878,-6.983286028768,10.));
#6375=CARTESIAN_POINT('Ctrl Pts',(4.53847090666953,-6.98328649064716,10.));
#6376=CARTESIAN_POINT('Ctrl Pts',(3.97119784264592,-6.98328687942902,10.));
#6377=CARTESIAN_POINT('Ctrl Pts',(3.40392494579856,-6.98328713102078,10.));
#6378=CARTESIAN_POINT('Ctrl Pts',(2.83665230412296,-6.98328722623423,10.));
#6379=CARTESIAN_POINT('Ctrl Pts',(2.26937963342848,-6.98328728818139,10.));
#6380=CARTESIAN_POINT('Ctrl Pts',(1.70210697941363,-6.98328731592991,10.));
#6381=CARTESIAN_POINT('Ctrl Pts',(1.13483432666654,-6.98328729402586,10.));
#6382=CARTESIAN_POINT('Ctrl Pts',(0.567561636365764,-6.98328722947726,10.));
#6383=CARTESIAN_POINT('Ctrl Pts',(0.000288870321932078,-6.98328710370568,
10.));
#6384=CARTESIAN_POINT('Ctrl Pts',(-0.566984015239685,-6.98328690062771,
10.));
#6385=CARTESIAN_POINT('Ctrl Pts',(-1.1342571159348,-6.98328657110331,10.));
#6386=CARTESIAN_POINT('Ctrl Pts',(-1.70153049497865,-6.98328607965615,10.));
#6387=CARTESIAN_POINT('Ctrl Pts',(-2.26880442680795,-6.98328528259734,10.));
#6388=CARTESIAN_POINT('Ctrl Pts',(-2.83607898821665,-6.98328412150667,10.));
#6389=CARTESIAN_POINT('Ctrl Pts',(-3.40335354768712,-6.9832829804426,10.));
#6390=CARTESIAN_POINT('Ctrl Pts',(-3.97063219866406,-6.98327950675934,10.));
#6391=CARTESIAN_POINT('Ctrl Pts',(-4.53791238432074,-6.98327531227497,10.));
#6392=CARTESIAN_POINT('Ctrl Pts',(-5.10519697606345,-6.98326835498173,10.));
#6393=CARTESIAN_POINT('Ctrl Pts',(-5.67248797262211,-6.98325852115798,10.));
#6394=CARTESIAN_POINT('Ctrl Pts',(-6.23978789891214,-6.98324216957763,10.));
#6395=CARTESIAN_POINT('Ctrl Pts',(-6.80710433237015,-6.98322006923749,10.));
#6396=CARTESIAN_POINT('Ctrl Pts',(-7.37443937316066,-6.98317991464631,10.));
#6397=CARTESIAN_POINT('Ctrl Pts',(-7.94181783683082,-6.98313276328325,10.));
#6398=CARTESIAN_POINT('Ctrl Pts',(-8.41466201140945,-6.98304486301516,10.));
#6399=CARTESIAN_POINT('Ctrl Pts',(-8.74569006368215,-6.98300881811651,10.));
#6400=CARTESIAN_POINT('Ctrl Pts',(-8.93473587170721,-6.98298997951919,10.));
#6401=CARTESIAN_POINT('Ctrl Pts',(-9.02943200714749,-6.9829891099586,10.));
#6402=CARTESIAN_POINT('Ctrl Pts',(-9.21393211964944,-6.98289477521866,10.));
#6403=CARTESIAN_POINT('Ctrl Pts',(-9.48662467037488,-6.94257570129722,10.));
#6404=CARTESIAN_POINT('Ctrl Pts',(-9.8588399451407,-6.76782943937325,10.));
#6405=CARTESIAN_POINT('Ctrl Pts',(-10.16711648911,-6.49482100148304,10.));
#6406=CARTESIAN_POINT('Ctrl Pts',(-10.3126519792545,-6.25985464902682,10.));
#6407=CARTESIAN_POINT('Ctrl Pts',(-10.3666053508814,-6.13591737397067,10.));
#6408=CARTESIAN_POINT('Ctrl Pts',(-12.5,-7.,0.));
#6409=CARTESIAN_POINT('Ctrl Pts',(-12.1598042636179,-6.65980426361789,2.2679715758807));
#6410=CARTESIAN_POINT('Ctrl Pts',(-11.7515693799594,-6.25156937995937,4.98953746693755));
#6411=CARTESIAN_POINT('Ctrl Pts',(-11.2752953490244,-5.77529534902442,8.16469767317053));
#6412=CARTESIAN_POINT('Ctrl Pts',(-11.1392170544716,-5.63921705447158,9.07188630352282));
#6413=CARTESIAN_POINT('Ctrl Pts',(-11.0711779071952,-5.57117790719516,9.52548061869896));
#6414=CARTESIAN_POINT('Ctrl Pts',(-12.5,-7.26179938779915,0.));
#6415=CARTESIAN_POINT('Ctrl Pts',(-12.1598169180828,-6.91482569315568,2.2679715758807));
#6416=CARTESIAN_POINT('Ctrl Pts',(-11.7515547005353,-6.49895763716385,4.98953746693755));
#6417=CARTESIAN_POINT('Ctrl Pts',(-11.2752957115475,-6.01322593656644,8.16469767317053));
#6418=CARTESIAN_POINT('Ctrl Pts',(-11.1392145235786,-5.87453007760008,9.07188630352282));
#6419=CARTESIAN_POINT('Ctrl Pts',(-11.0711779071952,-5.80513533867139,9.52548061869896));
#6420=CARTESIAN_POINT('Ctrl Pts',(-12.3958732414854,-7.78536132457217,0.));
#6421=CARTESIAN_POINT('Ctrl Pts',(-12.0602768767339,-7.43466360538152,2.26797157588071));
#6422=CARTESIAN_POINT('Ctrl Pts',(-11.6574079191864,-7.01358567791427,4.98953746693755));
#6423=CARTESIAN_POINT('Ctrl Pts',(-11.1875633652817,-6.52259373414222,8.16469767317054));
#6424=CARTESIAN_POINT('Ctrl Pts',(-11.0532961337754,-6.38226961899326,9.07188630352282));
#6425=CARTESIAN_POINT('Ctrl Pts',(-10.9861768608251,-6.31213007515513,9.52548061869896));
#6426=CARTESIAN_POINT('Ctrl Pts',(-11.9881016254332,-8.39538039867194,0.));
#6427=CARTESIAN_POINT('Ctrl Pts',(-11.6518183551143,-8.05248990588257,2.2679715758807));
#6428=CARTESIAN_POINT('Ctrl Pts',(-11.2485680054335,-7.64109747534836,4.98953746693756));
#6429=CARTESIAN_POINT('Ctrl Pts',(-10.7777896401673,-7.16105557567736,8.16469767317054));
#6430=CARTESIAN_POINT('Ctrl Pts',(-10.6433305104513,-7.02391362798272,9.07188630352282));
#6431=CARTESIAN_POINT('Ctrl Pts',(-10.5760738563875,-6.95533552942485,9.52548061869896));
#6432=CARTESIAN_POINT('Ctrl Pts',(-11.3502665176252,-8.86858501151094,0.));
#6433=CARTESIAN_POINT('Ctrl Pts',(-11.0064286953927,-8.53123288268914,2.26797157588071));
#6434=CARTESIAN_POINT('Ctrl Pts',(-10.593955748627,-8.12648682384662,4.98953746693755));
#6435=CARTESIAN_POINT('Ctrl Pts',(-10.1125911274835,-7.65419865479612,8.16469767317054));
#6436=CARTESIAN_POINT('Ctrl Pts',(-9.97508077763395,-7.51927211535285,9.07188630352282));
#6437=CARTESIAN_POINT('Ctrl Pts',(-9.90631321318746,-7.4518016895885,9.52548061869896));
#6438=CARTESIAN_POINT('Ctrl Pts',(-10.8274218382374,-9.00049330357734,0.));
#6439=CARTESIAN_POINT('Ctrl Pts',(-10.481832046087,-8.66051821017077,2.2679715758807));
#6440=CARTESIAN_POINT('Ctrl Pts',(-10.0673642026064,-8.25250866291976,4.98953746693756));
#6441=CARTESIAN_POINT('Ctrl Pts',(-9.58355358286702,-7.77654105182431,8.16469767317054));
#6442=CARTESIAN_POINT('Ctrl Pts',(-9.44536255178415,-7.64054363628092,9.07188630352283));
#6443=CARTESIAN_POINT('Ctrl Pts',(-9.37624459335406,-7.57254861759961,9.52548061869897));
#6444=CARTESIAN_POINT('Ctrl Pts',(-10.2982022501827,-9.00027304686743,0.));
#6445=CARTESIAN_POINT('Ctrl Pts',(-9.96129957521926,-8.66001756728052,2.26797157588071));
#6446=CARTESIAN_POINT('Ctrl Pts',(-9.55691812379135,-8.25230063694499,4.98953746693756));
#6447=CARTESIAN_POINT('Ctrl Pts',(-9.0852481998164,-7.77598005202869,8.16469767317054));
#6448=CARTESIAN_POINT('Ctrl Pts',(-8.95046874919607,-7.63998818073778,9.07188630352282));
#6449=CARTESIAN_POINT('Ctrl Pts',(-8.88308821420337,-7.5719370848204,9.52548061869896));
#6450=CARTESIAN_POINT('Ctrl Pts',(-9.89125191291477,-9.00030817796386,0.));
#6451=CARTESIAN_POINT('Ctrl Pts',(-9.56155852623062,-8.6601377730658,2.26797157588071));
#6452=CARTESIAN_POINT('Ctrl Pts',(-9.16593565940162,-8.252286674369,4.98953746693755));
#6453=CARTESIAN_POINT('Ctrl Pts',(-8.70436549651324,-7.77607033426143,8.16469767317054));
#6454=CARTESIAN_POINT('Ctrl Pts',(-8.57248986260196,-7.64006828980482,9.07188630352282));
#6455=CARTESIAN_POINT('Ctrl Pts',(-8.50655118526513,-7.57203420882521,9.52548061869896));
#6456=CARTESIAN_POINT('Ctrl Pts',(-9.06546401652506,-9.00025386036186,0.));
#6457=CARTESIAN_POINT('Ctrl Pts',(-8.75297261133077,-8.66004848342647,2.2679715758807));
#6458=CARTESIAN_POINT('Ctrl Pts',(-8.37794849644443,-8.25219661858821,4.98953746693756));
#6459=CARTESIAN_POINT('Ctrl Pts',(-7.94045836373717,-7.77593390897542,8.16469767317054));
#6460=CARTESIAN_POINT('Ctrl Pts',(-7.81545536017915,-7.63992558413619,9.07188630352282));
#6461=CARTESIAN_POINT('Ctrl Pts',(-7.75295707914029,-7.57188450874912,9.52548061869896));
#6462=CARTESIAN_POINT('Ctrl Pts',(-7.59133222780001,-9.00020127468561,0.));
#6463=CARTESIAN_POINT('Ctrl Pts',(-7.31548665242421,-8.66000576787936,2.2679715758807));
#6464=CARTESIAN_POINT('Ctrl Pts',(-6.98446261305025,-8.2520530958385,4.98953746693756));
#6465=CARTESIAN_POINT('Ctrl Pts',(-6.59827821951137,-7.77579711905178,8.16469767317054));
#6466=CARTESIAN_POINT('Ctrl Pts',(-6.48793824021033,-7.63977166559014,9.07188630352282));
#6467=CARTESIAN_POINT('Ctrl Pts',(-6.43276912513517,-7.57173256422889,9.52548061869896));
#6468=CARTESIAN_POINT('Ctrl Pts',(-4.54351252668868,-9.00015211416952,0.));
#6469=CARTESIAN_POINT('Ctrl Pts',(-4.36355246992249,-8.6599672315853,2.2679715758807));
#6470=CARTESIAN_POINT('Ctrl Pts',(-4.14759137845623,-8.25194643983268,4.98953746693755));
#6471=CARTESIAN_POINT('Ctrl Pts',(-3.89564673144834,-7.77570025060905,8.16469767317054));
#6472=CARTESIAN_POINT('Ctrl Pts',(-3.8236610205053,-7.63966391657135,9.07188630352282));
#6473=CARTESIAN_POINT('Ctrl Pts',(-3.78766900915206,-7.5716269400545,9.52548061869896));
#6474=CARTESIAN_POINT('Ctrl Pts',(1.81728524860361,-8.99976784529605,0.));
#6475=CARTESIAN_POINT('Ctrl Pts',(1.74530224864187,-8.65952741733692,2.2679715758807));
#6476=CARTESIAN_POINT('Ctrl Pts',(1.65893294474191,-8.25095730183935,4.98953746693755));
#6477=CARTESIAN_POINT('Ctrl Pts',(1.55815739237929,-7.77460299097321,8.16469767317054));
#6478=CARTESIAN_POINT('Ctrl Pts',(1.52936611875023,-7.63845413305261,9.07188630352282));
#6479=CARTESIAN_POINT('Ctrl Pts',(1.51496951875788,-7.57040604746078,9.52548061869896));
#6480=CARTESIAN_POINT('Ctrl Pts',(7.26976651333349,-9.00044530649,0.));
#6481=CARTESIAN_POINT('Ctrl Pts',(6.98182657415934,-8.66032860003337,2.26797157588071));
#6482=CARTESIAN_POINT('Ctrl Pts',(6.63625568867872,-8.25275982063866,4.98953746693755));
#6483=CARTESIAN_POINT('Ctrl Pts',(6.23313707190556,-7.77663236227086,8.16469767317053));
#6484=CARTESIAN_POINT('Ctrl Pts',(6.11795305885647,-7.64069256199432,9.07188630352281));
#6485=CARTESIAN_POINT('Ctrl Pts',(6.06036507102164,-7.57266922070299,9.52548061869895));
#6486=CARTESIAN_POINT('Ctrl Pts',(10.6306699644923,-8.99958639154518,0.));
#6487=CARTESIAN_POINT('Ctrl Pts',(10.2883556413368,-8.65928581560863,2.2679715758807));
#6488=CARTESIAN_POINT('Ctrl Pts',(9.87752855302117,-8.25059375355787,4.98953746693755));
#6489=CARTESIAN_POINT('Ctrl Pts',(9.39828536204428,-7.77415210523813,8.16469767317053));
#6490=CARTESIAN_POINT('Ctrl Pts',(9.26135029656804,-7.63796987652483,9.07188630352281));
#6491=CARTESIAN_POINT('Ctrl Pts',(9.19288743193693,-7.56990976133752,9.52548061869896));
#6492=CARTESIAN_POINT('Ctrl Pts',(11.1548594022498,-8.94936076878149,0.));
#6493=CARTESIAN_POINT('Ctrl Pts',(10.8079165333369,-8.61150635835666,2.26797157588071));
#6494=CARTESIAN_POINT('Ctrl Pts',(10.3914731757125,-8.2051774725126,4.98953746693754));
#6495=CARTESIAN_POINT('Ctrl Pts',(9.90574612019835,-7.7321244652313,8.16469767317053));
#6496=CARTESIAN_POINT('Ctrl Pts',(9.76694803374235,-7.59681364191641,9.07188630352281));
#6497=CARTESIAN_POINT('Ctrl Pts',(9.69755945995976,-7.52924275983145,9.52548061869895));
#6498=CARTESIAN_POINT('Ctrl Pts',(11.8773594480756,-8.5628972468001,0.));
#6499=CARTESIAN_POINT('Ctrl Pts',(11.5409138478906,-8.22270414156394,2.2679715758807));
#6500=CARTESIAN_POINT('Ctrl Pts',(11.1372981557816,-7.81467695069015,4.98953746693756));
#6501=CARTESIAN_POINT('Ctrl Pts',(10.6662818019516,-7.33841946788205,8.16469767317054));
#6502=CARTESIAN_POINT('Ctrl Pts',(10.5317258316203,-7.20238049364565,9.07188630352283));
#6503=CARTESIAN_POINT('Ctrl Pts',(10.4644367115833,-7.13434187259842,9.52548061869897));
#6504=CARTESIAN_POINT('Ctrl Pts',(12.3957208009444,-7.78503141189499,0.));
#6505=CARTESIAN_POINT('Ctrl Pts',(12.0601057718908,-7.43402042118178,2.26797157588071));
#6506=CARTESIAN_POINT('Ctrl Pts',(11.6573468375394,-7.01308338413454,4.98953746693755));
#6507=CARTESIAN_POINT('Ctrl Pts',(11.1874844823637,-6.52168536606582,8.16469767317054));
#6508=CARTESIAN_POINT('Ctrl Pts',(11.0532345605215,-6.38133263681578,9.07188630352282));
#6509=CARTESIAN_POINT('Ctrl Pts',(10.9861115547108,-6.31113043867314,9.52548061869896));
#6510=CARTESIAN_POINT('Ctrl Pts',(12.5001412342773,-7.26195000572338,0.));
#6511=CARTESIAN_POINT('Ctrl Pts',(12.1599564851662,-6.91516659461948,2.2679715758807));
#6512=CARTESIAN_POINT('Ctrl Pts',(11.7517107468297,-6.49903981714026,4.98953746693756));
#6513=CARTESIAN_POINT('Ctrl Pts',(11.2754505860844,-6.01354387911235,8.16469767317054));
#6514=CARTESIAN_POINT('Ctrl Pts',(11.1393721887519,-5.87483300601879,9.07188630352283));
#6515=CARTESIAN_POINT('Ctrl Pts',(11.0713352389297,-5.80547632379801,9.52548061869897));
#6516=CARTESIAN_POINT('Ctrl Pts',(12.5001137352797,-6.87112823939021,0.));
#6517=CARTESIAN_POINT('Ctrl Pts',(12.1599148241051,-6.53418171806448,2.2679715758807));
#6518=CARTESIAN_POINT('Ctrl Pts',(11.7517263694388,-6.13000911070309,4.98953746693756));
#6519=CARTESIAN_POINT('Ctrl Pts',(11.2754510536258,-5.65829424667143,8.16469767317054));
#6520=CARTESIAN_POINT('Ctrl Pts',(11.1393808886487,-5.52354617569966,9.07188630352283));
#6521=CARTESIAN_POINT('Ctrl Pts',(11.0713411064137,-5.45615687143451,9.52548061869897));
#6522=CARTESIAN_POINT('Ctrl Pts',(12.5001148817986,-6.61000230142381,0.));
#6523=CARTESIAN_POINT('Ctrl Pts',(12.1599254914752,-6.28033085249149,2.2679715758807));
#6524=CARTESIAN_POINT('Ctrl Pts',(11.7517131097295,-5.88480362622892,4.98953746693756));
#6525=CARTESIAN_POINT('Ctrl Pts',(11.2754488995916,-5.42326853586746,8.16469767317054));
#6526=CARTESIAN_POINT('Ctrl Pts',(11.1393759287009,-5.29141464569984,9.07188630352283));
#6527=CARTESIAN_POINT('Ctrl Pts',(11.0713380506362,-5.22548035591337,9.52548061869897));
#6528=CARTESIAN_POINT('Ctrl Pts',(12.5001041421931,-6.07589429898754,0.));
#6529=CARTESIAN_POINT('Ctrl Pts',(12.1598988806535,-5.76339038823201,2.26797157588071));
#6530=CARTESIAN_POINT('Ctrl Pts',(11.7517136616066,-5.3885079802872,4.98953746693756));
#6531=CARTESIAN_POINT('Ctrl Pts',(11.2754301380887,-4.95101019650234,8.16469767317054));
#6532=CARTESIAN_POINT('Ctrl Pts',(11.1393594640959,-4.82603151128777,9.07188630352283));
#6533=CARTESIAN_POINT('Ctrl Pts',(11.071318411788,-4.76353072913666,9.52548061869897));
#6534=CARTESIAN_POINT('Ctrl Pts',(12.5001250670548,-4.01077606619491,0.));
#6535=CARTESIAN_POINT('Ctrl Pts',(12.1599587057953,-3.77684106589611,2.2679715758807));
#6536=CARTESIAN_POINT('Ctrl Pts',(11.7517784068688,-3.49618033099628,4.98953746693756));
#6537=CARTESIAN_POINT('Ctrl Pts',(11.2755467171795,-3.16867518394925,8.16469767317054));
#6538=CARTESIAN_POINT('Ctrl Pts',(11.1394837901088,-3.07511264638227,9.07188630352282));
#6539=CARTESIAN_POINT('Ctrl Pts',(11.0714505178569,-3.02832564632251,9.52548061869896));
#6540=CARTESIAN_POINT('Ctrl Pts',(12.4997977056919,0.61697202600301,0.));
#6541=CARTESIAN_POINT('Ctrl Pts',(12.1595214441748,0.581019866595492,2.26797157588071));
#6542=CARTESIAN_POINT('Ctrl Pts',(11.751039395756,0.537904602623979,4.98953746693755));
#6543=CARTESIAN_POINT('Ctrl Pts',(11.2746431615613,0.48757329824089,8.16469767317054));
#6544=CARTESIAN_POINT('Ctrl Pts',(11.1385044924589,0.473197547323183,9.07188630352282));
#6545=CARTESIAN_POINT('Ctrl Pts',(11.0704492401554,0.466007115441679,9.52548061869896));
#6546=CARTESIAN_POINT('Ctrl Pts',(12.5004212045176,4.93634331050966,0.));
#6547=CARTESIAN_POINT('Ctrl Pts',(12.1603312750388,4.6483523862582,2.2679715758807));
#6548=CARTESIAN_POINT('Ctrl Pts',(11.7527048533162,4.30257820878236,4.98953746693756));
#6549=CARTESIAN_POINT('Ctrl Pts',(11.2766092362198,3.89937927471246,8.16469767317053));
#6550=CARTESIAN_POINT('Ctrl Pts',(11.1406633502025,3.78414827936791,9.07188630352282));
#6551=CARTESIAN_POINT('Ctrl Pts',(11.0726453643067,3.72655009451761,9.52548061869896));
#6552=CARTESIAN_POINT('Ctrl Pts',(12.4998524747751,7.13085249719201,0.));
#6553=CARTESIAN_POINT('Ctrl Pts',(12.1595142862765,6.78741007269969,2.2679715758807));
#6554=CARTESIAN_POINT('Ctrl Pts',(11.7512934630879,6.37514588833679,4.98953746693755));
#6555=CARTESIAN_POINT('Ctrl Pts',(11.2748316351965,5.89431811154357,8.16469767317054));
#6556=CARTESIAN_POINT('Ctrl Pts',(11.1387309732116,5.75691620646661,9.07188630352282));
#6557=CARTESIAN_POINT('Ctrl Pts',(11.0706633355119,5.68822772156814,9.52548061869896));
#6558=CARTESIAN_POINT('Ctrl Pts',(12.4497478004011,7.65481567991539,0.));
#6559=CARTESIAN_POINT('Ctrl Pts',(12.1128963764216,7.30212072508006,2.26797157588071));
#6560=CARTESIAN_POINT('Ctrl Pts',(11.7081745948494,6.87907909102823,4.98953746693755));
#6561=CARTESIAN_POINT('Ctrl Pts',(11.2365511485444,6.38531824995825,8.16469767317054));
#6562=CARTESIAN_POINT('Ctrl Pts',(11.1017170170855,6.24427624887843,9.07188630352282));
#6563=CARTESIAN_POINT('Ctrl Pts',(11.0343467322896,6.17373725791136,9.52548061869896));
#6564=CARTESIAN_POINT('Ctrl Pts',(11.9985566324114,8.49855928193228,0.));
#6565=CARTESIAN_POINT('Ctrl Pts',(11.6642994375138,8.15776065845821,2.2679715758807));
#6566=CARTESIAN_POINT('Ctrl Pts',(11.263331894698,7.74898367986643,4.98953746693755));
#6567=CARTESIAN_POINT('Ctrl Pts',(10.7953806959484,7.27187701447989,8.16469767317053));
#6568=CARTESIAN_POINT('Ctrl Pts',(10.6617042156323,7.13559149870228,9.07188630352281));
#6569=CARTESIAN_POINT('Ctrl Pts',(10.5948527766528,7.06743177400747,9.52548061869896));
#6570=CARTESIAN_POINT('Ctrl Pts',(11.1548134866217,8.94975559064824,0.));
#6571=CARTESIAN_POINT('Ctrl Pts',(10.8076565448378,8.61210564103722,2.26797157588071));
#6572=CARTESIAN_POINT('Ctrl Pts',(10.391185389369,8.20636682942154,4.98953746693755));
#6573=CARTESIAN_POINT('Ctrl Pts',(9.90517304072604,7.73362174897431,8.16469767317053));
#6574=CARTESIAN_POINT('Ctrl Pts',(9.76633218698279,7.5984572061226,9.07188630352281));
#6575=CARTESIAN_POINT('Ctrl Pts',(9.69690079862601,7.5309272162004,9.52548061869896));
#6576=CARTESIAN_POINT('Ctrl Pts',(10.6308503127804,8.99985657293796,0.));
#6577=CARTESIAN_POINT('Ctrl Pts',(10.2885867973454,8.65948576310481,2.2679715758807));
#6578=CARTESIAN_POINT('Ctrl Pts',(9.87772961189257,8.25134544499273,4.98953746693755));
#6579=CARTESIAN_POINT('Ctrl Pts',(9.39855182398367,7.77484547281911,8.16469767317053));
#6580=CARTESIAN_POINT('Ctrl Pts',(9.26162004339112,7.63875414852275,9.07188630352281));
#6581=CARTESIAN_POINT('Ctrl Pts',(9.1931673403041,7.57067998655612,9.52548061869896));
#6582=CARTESIAN_POINT('Ctrl Pts',(9.69242313633298,9.00016217246805,0.));
#6583=CARTESIAN_POINT('Ctrl Pts',(9.36526194503135,8.66006054824805,2.26797157588071));
#6584=CARTESIAN_POINT('Ctrl Pts',(8.97266142063768,8.25198158782704,4.98953746693755));
#6585=CARTESIAN_POINT('Ctrl Pts',(8.51463530657666,7.77584201774607,8.16469767317053));
#6586=CARTESIAN_POINT('Ctrl Pts',(8.38376950263786,7.63980941108246,9.07188630352281));
#6587=CARTESIAN_POINT('Ctrl Pts',(8.31833726437754,7.57178908623846,9.52548061869895));
#6588=CARTESIAN_POINT('Ctrl Pts',(8.02663156409847,8.99997808222227,0.));
#6589=CARTESIAN_POINT('Ctrl Pts',(7.73710440457353,8.65975357198043,2.2679715758807));
#6590=CARTESIAN_POINT('Ctrl Pts',(7.38963580905088,8.25154090809809,4.98953746693755));
#6591=CARTESIAN_POINT('Ctrl Pts',(6.98429552119138,7.77523016302497,8.16469767317053));
#6592=CARTESIAN_POINT('Ctrl Pts',(6.86847792114188,7.6391509763564,9.07188630352281));
#6593=CARTESIAN_POINT('Ctrl Pts',(6.8105724892369,7.57110607430803,9.52548061869895));
#6594=CARTESIAN_POINT('Ctrl Pts',(4.54350683166821,9.00004512425863,0.));
#6595=CARTESIAN_POINT('Ctrl Pts',(4.36353555898049,8.65985614544543,2.26797157588071));
#6596=CARTESIAN_POINT('Ctrl Pts',(4.14755593279884,8.25170743543875,4.98953746693755));
#6597=CARTESIAN_POINT('Ctrl Pts',(3.89559526426369,7.77544777507362,8.16469767317053));
#6598=CARTESIAN_POINT('Ctrl Pts',(3.8236041173233,7.63938678915554,9.07188630352281));
#6599=CARTESIAN_POINT('Ctrl Pts',(3.78760986278575,7.57134899339291,9.52548061869896));
#6600=CARTESIAN_POINT('Ctrl Pts',(-0.908720019554572,9.00003787439521,0.));
#6601=CARTESIAN_POINT('Ctrl Pts',(-0.872713756737472,8.65985762106359,2.2679715758807));
#6602=CARTESIAN_POINT('Ctrl Pts',(-0.829499443538614,8.25167154426886,4.98953746693755));
#6603=CARTESIAN_POINT('Ctrl Pts',(-0.779090248036985,7.77542109078412,8.16469767317054));
#6604=CARTESIAN_POINT('Ctrl Pts',(-0.764686471062166,7.63935464485522,9.07188630352282));
#6605=CARTESIAN_POINT('Ctrl Pts',(-0.757485218498746,7.5713185941889,9.52548061869896));
#6606=CARTESIAN_POINT('Ctrl Pts',(-6.36086769419109,8.99993557503347,0.));
#6607=CARTESIAN_POINT('Ctrl Pts',(-6.10893788075518,8.65969782969401,2.2679715758807));
#6608=CARTESIAN_POINT('Ctrl Pts',(-5.80659912849129,8.25142160018024,4.98953746693755));
#6609=CARTESIAN_POINT('Ctrl Pts',(-5.45389594456653,7.77508932685335,8.16469767317053));
#6610=CARTESIAN_POINT('Ctrl Pts',(-5.35311972043678,7.63899592472738,9.07188630352282));
#6611=CARTESIAN_POINT('Ctrl Pts',(-5.3027337577496,7.57094837565949,9.52548061869896));
#6612=CARTESIAN_POINT('Ctrl Pts',(-9.69241983281307,9.00015731917469,0.));
#6613=CARTESIAN_POINT('Ctrl Pts',(-9.3652697371446,8.66001829415826,2.2679715758807));
#6614=CARTESIAN_POINT('Ctrl Pts',(-8.9726451393772,8.25201029490306,4.98953746693755));
#6615=CARTESIAN_POINT('Ctrl Pts',(-8.51463220762696,7.77582564974906,8.16469767317054));
#6616=CARTESIAN_POINT('Ctrl Pts',(-8.38376384675272,7.63979975642169,9.07188630352282));
#6617=CARTESIAN_POINT('Ctrl Pts',(-8.31833382761903,7.57177195141841,9.52548061869896));
#6618=CARTESIAN_POINT('Ctrl Pts',(-10.6308481389713,8.99985710232678,0.));
#6619=CARTESIAN_POINT('Ctrl Pts',(-10.2885833518948,8.65949067665638,2.2679715758807));
#6620=CARTESIAN_POINT('Ctrl Pts',(-9.87772640672091,8.25134232138484,4.98953746693755));
#6621=CARTESIAN_POINT('Ctrl Pts',(-9.3985469496046,7.77484765063421,8.16469767317054));
#6622=CARTESIAN_POINT('Ctrl Pts',(-9.2616149908144,7.6387555919648,9.07188630352282));
#6623=CARTESIAN_POINT('Ctrl Pts',(-9.19316203339911,7.57068230683072,9.52548061869896));
#6624=CARTESIAN_POINT('Ctrl Pts',(-11.1548111301669,8.94975575663204,0.));
#6625=CARTESIAN_POINT('Ctrl Pts',(-10.8076551046484,8.6121026855351,2.2679715758807));
#6626=CARTESIAN_POINT('Ctrl Pts',(-10.3911795380648,8.20637129814176,4.98953746693756));
#6627=CARTESIAN_POINT('Ctrl Pts',(-9.90516812559487,7.73362255016637,8.16469767317054));
#6628=CARTESIAN_POINT('Ctrl Pts',(-9.76632660733762,7.59845884858916,9.07188630352282));
#6629=CARTESIAN_POINT('Ctrl Pts',(-9.69689540223392,7.53092823436977,9.52548061869896));
#6630=CARTESIAN_POINT('Ctrl Pts',(-11.9985544447058,8.49855994772096,0.));
#6631=CARTESIAN_POINT('Ctrl Pts',(-11.6642965912401,8.15776350753073,2.26797157588071));
#6632=CARTESIAN_POINT('Ctrl Pts',(-11.2633281269952,7.74898328752559,4.98953746693755));
#6633=CARTESIAN_POINT('Ctrl Pts',(-10.7953759980017,7.27187931007889,8.16469767317054));
#6634=CARTESIAN_POINT('Ctrl Pts',(-10.6616992297212,7.13559357097604,9.07188630352282));
#6635=CARTESIAN_POINT('Ctrl Pts',(-10.594847659028,7.06743428293799,9.52548061869896));
#6636=CARTESIAN_POINT('Ctrl Pts',(-12.4497447221293,7.65481639242015,0.));
#6637=CARTESIAN_POINT('Ctrl Pts',(-12.1128936447959,7.30212037221366,2.2679715758807));
#6638=CARTESIAN_POINT('Ctrl Pts',(-11.7081676655506,6.87908296227848,4.98953746693755));
#6639=CARTESIAN_POINT('Ctrl Pts',(-11.2365444143686,6.38532097577973,8.16469767317053));
#6640=CARTESIAN_POINT('Ctrl Pts',(-11.1017095583707,6.24427957806152,9.07188630352281));
#6641=CARTESIAN_POINT('Ctrl Pts',(-11.0343393429041,6.17374037402022,9.52548061869896));
#6642=CARTESIAN_POINT('Ctrl Pts',(-12.4998497177168,7.13085339756393,0.));
#6643=CARTESIAN_POINT('Ctrl Pts',(-12.1595114266272,6.78741114523728,2.26797157588071));
#6644=CARTESIAN_POINT('Ctrl Pts',(-11.751288043204,6.37514838298918,4.98953746693755));
#6645=CARTESIAN_POINT('Ctrl Pts',(-11.2748259183991,5.89432092367937,8.16469767317053));
#6646=CARTESIAN_POINT('Ctrl Pts',(-11.1387247594001,5.75691931488745,9.07188630352282));
#6647=CARTESIAN_POINT('Ctrl Pts',(-11.0706571011822,5.68823086442212,9.52548061869896));
#6648=CARTESIAN_POINT('Ctrl Pts',(-12.5003993811044,4.9363456968078,0.));
#6649=CARTESIAN_POINT('Ctrl Pts',(-12.160309742251,4.64835526390546,2.2679715758807));
#6650=CARTESIAN_POINT('Ctrl Pts',(-11.7526497158267,4.30259860893645,4.98953746693756));
#6651=CARTESIAN_POINT('Ctrl Pts',(-11.276552370059,3.8994014277715,8.16469767317053));
#6652=CARTESIAN_POINT('Ctrl Pts',(-11.14060024772,3.78417379705056,9.07188630352282));
#6653=CARTESIAN_POINT('Ctrl Pts',(-11.0725823199493,3.72657571047009,9.52548061869896));
#6654=CARTESIAN_POINT('Ctrl Pts',(-12.4997663596538,-5.54155323845179E-5,
0.));
#6655=CARTESIAN_POINT('Ctrl Pts',(-12.1594632135712,-3.89002529709673E-6,
2.26797157588071));
#6656=CARTESIAN_POINT('Ctrl Pts',(-11.7509917625749,7.4021648808832E-5,
4.98953746693755));
#6657=CARTESIAN_POINT('Ctrl Pts',(-11.2745605856552,0.000147168798419608,
8.16469767317054));
#6658=CARTESIAN_POINT('Ctrl Pts',(-11.1384191814767,0.000170787712250554,
9.07188630352282));
#6659=CARTESIAN_POINT('Ctrl Pts',(-11.0703585522601,0.000181092813668039,
9.52548061869896));
#6660=CARTESIAN_POINT('Ctrl Pts',(-12.5,-4.93625751298685,0.));
#6661=CARTESIAN_POINT('Ctrl Pts',(-12.1598603114518,-4.64834481858904,2.2679715758807));
#6662=CARTESIAN_POINT('Ctrl Pts',(-11.751504363388,-4.30275919794394,4.98953746693755));
#6663=CARTESIAN_POINT('Ctrl Pts',(-11.2752969546738,-3.8996757407551,8.16469767317054));
#6664=CARTESIAN_POINT('Ctrl Pts',(-11.1392058449048,-3.78449375183636,9.07188630352282));
#6665=CARTESIAN_POINT('Ctrl Pts',(-11.0711779071952,-3.7269112129568,9.52548061869896));
#6666=CARTESIAN_POINT('Ctrl Pts',(-12.5,-6.99999999999999,0.));
#6667=CARTESIAN_POINT('Ctrl Pts',(-12.1598042636179,-6.65980426361789,2.2679715758807));
#6668=CARTESIAN_POINT('Ctrl Pts',(-11.7515693799594,-6.25156937995937,4.98953746693755));
#6669=CARTESIAN_POINT('Ctrl Pts',(-11.2752953490244,-5.77529534902442,8.16469767317053));
#6670=CARTESIAN_POINT('Ctrl Pts',(-11.1392170544716,-5.63921705447158,9.07188630352282));
#6671=CARTESIAN_POINT('Ctrl Pts',(-11.0711779071952,-5.57117790719516,9.52548061869896));
#6672=CARTESIAN_POINT('',(-12.5,-7.,0.));
#6673=CARTESIAN_POINT('',(-12.5,-7.,0.));
#6674=CARTESIAN_POINT('Ctrl Pts',(-12.5,-7.,0.));
#6675=CARTESIAN_POINT('Ctrl Pts',(-12.5,-7.26179938779915,0.));
#6676=CARTESIAN_POINT('Ctrl Pts',(-12.3958732414854,-7.78536132457217,0.));
#6677=CARTESIAN_POINT('Ctrl Pts',(-11.9881016254332,-8.39538039867194,0.));
#6678=CARTESIAN_POINT('Ctrl Pts',(-11.3502665176252,-8.86858501151094,0.));
#6679=CARTESIAN_POINT('Ctrl Pts',(-10.8274218382374,-9.00049330357734,0.));
#6680=CARTESIAN_POINT('Ctrl Pts',(-10.2982022501827,-9.00027304686743,0.));
#6681=CARTESIAN_POINT('Ctrl Pts',(-9.89125191291477,-9.00030817796386,0.));
#6682=CARTESIAN_POINT('Ctrl Pts',(-9.06546401652506,-9.00025386036186,0.));
#6683=CARTESIAN_POINT('Ctrl Pts',(-7.59133222780001,-9.00020127468561,0.));
#6684=CARTESIAN_POINT('Ctrl Pts',(-4.54351252668868,-9.00015211416952,0.));
#6685=CARTESIAN_POINT('Ctrl Pts',(1.81728524860361,-8.99976784529605,0.));
#6686=CARTESIAN_POINT('Ctrl Pts',(7.26976651333349,-9.00044530649,0.));
#6687=CARTESIAN_POINT('Ctrl Pts',(10.6306699644923,-8.99958639154518,0.));
#6688=CARTESIAN_POINT('Ctrl Pts',(11.1548594022498,-8.94936076878149,0.));
#6689=CARTESIAN_POINT('Ctrl Pts',(11.8773594480756,-8.5628972468001,0.));
#6690=CARTESIAN_POINT('Ctrl Pts',(12.3957208009444,-7.78503141189499,0.));
#6691=CARTESIAN_POINT('Ctrl Pts',(12.5001412342773,-7.26195000572338,0.));
#6692=CARTESIAN_POINT('Ctrl Pts',(12.5001137352797,-6.87112823939021,0.));
#6693=CARTESIAN_POINT('Ctrl Pts',(12.5001148817986,-6.61000230142381,0.));
#6694=CARTESIAN_POINT('Ctrl Pts',(12.5001041421931,-6.07589429898754,0.));
#6695=CARTESIAN_POINT('Ctrl Pts',(12.5001250670548,-4.01077606619491,0.));
#6696=CARTESIAN_POINT('Ctrl Pts',(12.4997977056919,0.61697202600301,0.));
#6697=CARTESIAN_POINT('Ctrl Pts',(12.5004212045176,4.93634331050966,0.));
#6698=CARTESIAN_POINT('Ctrl Pts',(12.4998524747751,7.13085249719201,0.));
#6699=CARTESIAN_POINT('Ctrl Pts',(12.4497478004011,7.65481567991539,0.));
#6700=CARTESIAN_POINT('Ctrl Pts',(11.9985566324114,8.49855928193228,0.));
#6701=CARTESIAN_POINT('Ctrl Pts',(11.1548134866217,8.94975559064824,0.));
#6702=CARTESIAN_POINT('Ctrl Pts',(10.6308503127804,8.99985657293796,0.));
#6703=CARTESIAN_POINT('Ctrl Pts',(9.69242313633298,9.00016217246805,0.));
#6704=CARTESIAN_POINT('Ctrl Pts',(8.02663156409847,8.99997808222227,0.));
#6705=CARTESIAN_POINT('Ctrl Pts',(4.54350683166821,9.00004512425863,0.));
#6706=CARTESIAN_POINT('Ctrl Pts',(-0.908720019554572,9.00003787439521,0.));
#6707=CARTESIAN_POINT('Ctrl Pts',(-6.36086769419109,8.99993557503347,0.));
#6708=CARTESIAN_POINT('Ctrl Pts',(-9.69241983281307,9.00015731917469,0.));
#6709=CARTESIAN_POINT('Ctrl Pts',(-10.6308481389713,8.99985710232678,0.));
#6710=CARTESIAN_POINT('Ctrl Pts',(-11.1548111301669,8.94975575663204,0.));
#6711=CARTESIAN_POINT('Ctrl Pts',(-11.9985544447058,8.49855994772096,0.));
#6712=CARTESIAN_POINT('Ctrl Pts',(-12.4497447221293,7.65481639242015,0.));
#6713=CARTESIAN_POINT('Ctrl Pts',(-12.4998497177168,7.13085339756393,0.));
#6714=CARTESIAN_POINT('Ctrl Pts',(-12.5003993811044,4.9363456968078,0.));
#6715=CARTESIAN_POINT('Ctrl Pts',(-12.4997663596538,-5.54155323845179E-5,
0.));
#6716=CARTESIAN_POINT('Ctrl Pts',(-12.5,-4.93625751298685,0.));
#6717=CARTESIAN_POINT('Ctrl Pts',(-12.5,-6.99999999999999,0.));
#6718=CARTESIAN_POINT('Origin',(-1.,-0.500000000000001,10.));
#6719=CARTESIAN_POINT('Origin',(-1.13636363636364,-0.636363636363639,0.));
#6720=CARTESIAN_POINT('Ctrl Pts',(7.26154028434281,3.07579900755593,10.));
#6721=CARTESIAN_POINT('Ctrl Pts',(7.26154028434281,3.07579900755593,9.6));
#6722=CARTESIAN_POINT('Ctrl Pts',(7.25723649358909,3.67924378463911,10.));
#6723=CARTESIAN_POINT('Ctrl Pts',(7.25723649358909,3.67924378463911,9.6));
#6724=CARTESIAN_POINT('Ctrl Pts',(7.771642736164,4.02669640429604,10.));
#6725=CARTESIAN_POINT('Ctrl Pts',(7.771642736164,4.02669640429604,9.6));
#6726=CARTESIAN_POINT('Ctrl Pts',(8.32811282757331,4.00837655361034,10.));
#6727=CARTESIAN_POINT('Ctrl Pts',(8.32811282757331,4.00837655361034,9.6));
#6728=CARTESIAN_POINT('',(7.26154028434281,3.07579900755593,10.));
#6729=CARTESIAN_POINT('',(8.32811282757331,4.00837655361034,10.));
#6730=CARTESIAN_POINT('Ctrl Pts',(7.26154028434281,3.07579900755593,10.));
#6731=CARTESIAN_POINT('Ctrl Pts',(7.25723649358909,3.67924378463911,10.));
#6732=CARTESIAN_POINT('Ctrl Pts',(7.771642736164,4.02669640429604,10.));
#6733=CARTESIAN_POINT('Ctrl Pts',(8.32811282757331,4.00837655361034,10.));
#6734=CARTESIAN_POINT('',(8.32811282757331,4.00837655361034,9.6));
#6735=CARTESIAN_POINT('',(8.32811282757331,4.00837655361034,10.));
#6736=CARTESIAN_POINT('',(7.26154028434281,3.07579900755593,9.6));
#6737=CARTESIAN_POINT('Ctrl Pts',(7.26154028434281,3.07579900755593,9.6));
#6738=CARTESIAN_POINT('Ctrl Pts',(7.25723649358909,3.67924378463911,9.6));
#6739=CARTESIAN_POINT('Ctrl Pts',(7.771642736164,4.02669640429604,9.6));
#6740=CARTESIAN_POINT('Ctrl Pts',(8.32811282757331,4.00837655361034,9.6));
#6741=CARTESIAN_POINT('',(7.26154028434281,3.07579900755593,10.));
#6742=CARTESIAN_POINT('Origin',(7.28007321157206,0.435728028216262,10.));
#6743=CARTESIAN_POINT('',(7.28007321157206,0.435728028216262,10.));
#6744=CARTESIAN_POINT('',(7.28007321157206,0.435728028216262,10.));
#6745=CARTESIAN_POINT('',(7.28007321157206,0.435728028216262,9.6));
#6746=CARTESIAN_POINT('',(7.28007321157206,0.435728028216262,9.6));
#6747=CARTESIAN_POINT('',(7.28007321157206,0.435728028216262,10.));
#6748=CARTESIAN_POINT('Ctrl Pts',(7.54230829023065,-0.981909128399296,10.));
#6749=CARTESIAN_POINT('Ctrl Pts',(7.54230829023065,-0.981909128399296,9.6));
#6750=CARTESIAN_POINT('Ctrl Pts',(7.31054481087948,-0.557985059898046,10.));
#6751=CARTESIAN_POINT('Ctrl Pts',(7.31054481087948,-0.557985059898046,9.6));
#6752=CARTESIAN_POINT('Ctrl Pts',(7.28347358665304,-0.0505113439065474,
10.));
#6753=CARTESIAN_POINT('Ctrl Pts',(7.28347358665304,-0.0505113439065474,
9.6));
#6754=CARTESIAN_POINT('Ctrl Pts',(7.28007321157206,0.435728028216262,10.));
#6755=CARTESIAN_POINT('Ctrl Pts',(7.28007321157206,0.435728028216262,9.6));
#6756=CARTESIAN_POINT('',(7.54230829023065,-0.981909128399296,10.));
#6757=CARTESIAN_POINT('Ctrl Pts',(7.54230829023065,-0.981909128399296,10.));
#6758=CARTESIAN_POINT('Ctrl Pts',(7.31054481087948,-0.557985059898046,10.));
#6759=CARTESIAN_POINT('Ctrl Pts',(7.28347358665304,-0.0505113439065474,
10.));
#6760=CARTESIAN_POINT('Ctrl Pts',(7.28007321157206,0.435728028216262,10.));
#6761=CARTESIAN_POINT('',(7.54230829023065,-0.981909128399296,9.6));
#6762=CARTESIAN_POINT('Ctrl Pts',(7.54230829023065,-0.981909128399296,9.6));
#6763=CARTESIAN_POINT('Ctrl Pts',(7.31054481087948,-0.557985059898046,9.6));
#6764=CARTESIAN_POINT('Ctrl Pts',(7.28347358665304,-0.0505113439065474,
9.6));
#6765=CARTESIAN_POINT('Ctrl Pts',(7.28007321157206,0.435728028216262,9.6));
#6766=CARTESIAN_POINT('',(7.54230829023065,-0.981909128399296,10.));
#6767=CARTESIAN_POINT('Ctrl Pts',(8.51878515827305,-1.25934400593667,10.));
#6768=CARTESIAN_POINT('Ctrl Pts',(8.51878515827305,-1.25934400593667,9.6));
#6769=CARTESIAN_POINT('Ctrl Pts',(8.16957764146638,-1.36391980413494,10.));
#6770=CARTESIAN_POINT('Ctrl Pts',(8.16957764146638,-1.36391980413494,9.6));
#6771=CARTESIAN_POINT('Ctrl Pts',(7.72666486234009,-1.31923027614042,10.));
#6772=CARTESIAN_POINT('Ctrl Pts',(7.72666486234009,-1.31923027614042,9.6));
#6773=CARTESIAN_POINT('Ctrl Pts',(7.54230829023065,-0.981909128399296,10.));
#6774=CARTESIAN_POINT('Ctrl Pts',(7.54230829023065,-0.981909128399296,9.6));
#6775=CARTESIAN_POINT('',(8.51878515827305,-1.25934400593667,10.));
#6776=CARTESIAN_POINT('Ctrl Pts',(8.51878515827305,-1.25934400593667,10.));
#6777=CARTESIAN_POINT('Ctrl Pts',(8.16957764146638,-1.36391980413494,10.));
#6778=CARTESIAN_POINT('Ctrl Pts',(7.72666486234009,-1.31923027614042,10.));
#6779=CARTESIAN_POINT('Ctrl Pts',(7.54230829023065,-0.981909128399296,10.));
#6780=CARTESIAN_POINT('',(8.51878515827305,-1.25934400593667,9.6));
#6781=CARTESIAN_POINT('Ctrl Pts',(8.51878515827305,-1.25934400593667,9.6));
#6782=CARTESIAN_POINT('Ctrl Pts',(8.16957764146638,-1.36391980413494,9.6));
#6783=CARTESIAN_POINT('Ctrl Pts',(7.72666486234009,-1.31923027614042,9.6));
#6784=CARTESIAN_POINT('Ctrl Pts',(7.54230829023065,-0.981909128399296,9.6));
#6785=CARTESIAN_POINT('',(8.51878515827305,-1.25934400593667,10.));
#6786=CARTESIAN_POINT('Ctrl Pts',(9.0819880738539,-0.524606907460071,10.));
#6787=CARTESIAN_POINT('Ctrl Pts',(9.0819880738539,-0.524606907460071,9.6));
#6788=CARTESIAN_POINT('Ctrl Pts',(9.04499150390566,-0.873308375638029,10.));
#6789=CARTESIAN_POINT('Ctrl Pts',(9.04499150390566,-0.873308375638029,9.6));
#6790=CARTESIAN_POINT('Ctrl Pts',(8.79351454361155,-1.1770431777805,10.));
#6791=CARTESIAN_POINT('Ctrl Pts',(8.79351454361155,-1.1770431777805,9.6));
#6792=CARTESIAN_POINT('Ctrl Pts',(8.51878515827305,-1.25934400593667,10.));
#6793=CARTESIAN_POINT('Ctrl Pts',(8.51878515827305,-1.25934400593667,9.6));
#6794=CARTESIAN_POINT('',(9.0819880738539,-0.524606907460071,10.));
#6795=CARTESIAN_POINT('Ctrl Pts',(9.0819880738539,-0.524606907460071,10.));
#6796=CARTESIAN_POINT('Ctrl Pts',(9.04499150390566,-0.873308375638029,10.));
#6797=CARTESIAN_POINT('Ctrl Pts',(8.79351454361155,-1.1770431777805,10.));
#6798=CARTESIAN_POINT('Ctrl Pts',(8.51878515827305,-1.25934400593667,10.));
#6799=CARTESIAN_POINT('',(9.0819880738539,-0.524606907460071,9.6));
#6800=CARTESIAN_POINT('Ctrl Pts',(9.0819880738539,-0.524606907460071,9.6));
#6801=CARTESIAN_POINT('Ctrl Pts',(9.04499150390566,-0.873308375638029,9.6));
#6802=CARTESIAN_POINT('Ctrl Pts',(8.79351454361155,-1.1770431777805,9.6));
#6803=CARTESIAN_POINT('Ctrl Pts',(8.51878515827305,-1.25934400593667,9.6));
#6804=CARTESIAN_POINT('',(9.0819880738539,-0.524606907460071,10.));
#6805=CARTESIAN_POINT('Origin',(9.18353607102869,0.431287026961872,10.));
#6806=CARTESIAN_POINT('',(9.18353607102869,0.431287026961872,10.));
#6807=CARTESIAN_POINT('',(9.18353607102869,0.431287026961872,10.));
#6808=CARTESIAN_POINT('',(9.18353607102869,0.431287026961872,9.6));
#6809=CARTESIAN_POINT('',(9.18353607102869,0.431287026961872,9.6));
#6810=CARTESIAN_POINT('',(9.18353607102869,0.431287026961872,10.));
#6811=CARTESIAN_POINT('Origin',(9.25579302260976,1.5478262683835,10.));
#6812=CARTESIAN_POINT('',(9.25579302260976,1.5478262683835,10.));
#6813=CARTESIAN_POINT('',(9.25579302260976,1.5478262683835,10.));
#6814=CARTESIAN_POINT('',(9.25579302260976,1.5478262683835,9.6));
#6815=CARTESIAN_POINT('',(9.25579302260976,1.5478262683835,9.6));
#6816=CARTESIAN_POINT('',(9.25579302260976,1.5478262683835,10.));
#6817=CARTESIAN_POINT('Ctrl Pts',(8.32811282757331,4.00837655361034,10.));
#6818=CARTESIAN_POINT('Ctrl Pts',(8.32811282757331,4.00837655361034,9.6));
#6819=CARTESIAN_POINT('Ctrl Pts',(9.4910968045822,3.9700020188364,10.));
#6820=CARTESIAN_POINT('Ctrl Pts',(9.4910968045822,3.9700020188364,9.6));
#6821=CARTESIAN_POINT('Ctrl Pts',(9.33679612471875,2.79954400447234,10.));
#6822=CARTESIAN_POINT('Ctrl Pts',(9.33679612471875,2.79954400447234,9.6));
#6823=CARTESIAN_POINT('Ctrl Pts',(9.25579302260976,1.5478262683835,10.));
#6824=CARTESIAN_POINT('Ctrl Pts',(9.25579302260976,1.5478262683835,9.6));
#6825=CARTESIAN_POINT('Ctrl Pts',(8.32811282757331,4.00837655361034,10.));
#6826=CARTESIAN_POINT('Ctrl Pts',(9.4910968045822,3.9700020188364,10.));
#6827=CARTESIAN_POINT('Ctrl Pts',(9.33679612471875,2.79954400447234,10.));
#6828=CARTESIAN_POINT('Ctrl Pts',(9.25579302260976,1.5478262683835,10.));
#6829=CARTESIAN_POINT('Ctrl Pts',(8.32811282757331,4.00837655361034,9.6));
#6830=CARTESIAN_POINT('Ctrl Pts',(9.4910968045822,3.9700020188364,9.6));
#6831=CARTESIAN_POINT('Ctrl Pts',(9.33679612471875,2.79954400447234,9.6));
#6832=CARTESIAN_POINT('Ctrl Pts',(9.25579302260976,1.5478262683835,9.6));
#6833=CARTESIAN_POINT('Origin',(8.37416664908565,1.33138830008055,10.));
#6834=CARTESIAN_POINT('Origin',(8.37416664908565,1.33138830008055,9.6));
#6835=CARTESIAN_POINT('Ctrl Pts',(6.12742349474736,1.91164874129134,10.));
#6836=CARTESIAN_POINT('Ctrl Pts',(6.12742349474736,1.91164874129134,9.6));
#6837=CARTESIAN_POINT('Ctrl Pts',(6.6841014396874,1.64587217130664,10.));
#6838=CARTESIAN_POINT('Ctrl Pts',(6.6841014396874,1.64587217130664,9.6));
#6839=CARTESIAN_POINT('Ctrl Pts',(6.81466334441497,0.966511227084123,10.));
#6840=CARTESIAN_POINT('Ctrl Pts',(6.81466334441497,0.966511227084123,9.6));
#6841=CARTESIAN_POINT('Ctrl Pts',(6.48510002404099,0.471805559513971,10.));
#6842=CARTESIAN_POINT('Ctrl Pts',(6.48510002404099,0.471805559513971,9.6));
#6843=CARTESIAN_POINT('',(6.12742349474736,1.91164874129134,10.));
#6844=CARTESIAN_POINT('',(6.48510002404099,0.471805559513971,10.));
#6845=CARTESIAN_POINT('Ctrl Pts',(6.12742349474736,1.91164874129134,10.));
#6846=CARTESIAN_POINT('Ctrl Pts',(6.6841014396874,1.64587217130664,10.));
#6847=CARTESIAN_POINT('Ctrl Pts',(6.81466334441497,0.966511227084123,10.));
#6848=CARTESIAN_POINT('Ctrl Pts',(6.48510002404099,0.471805559513971,10.));
#6849=CARTESIAN_POINT('',(6.48510002404099,0.471805559513971,9.6));
#6850=CARTESIAN_POINT('',(6.48510002404099,0.471805559513971,10.));
#6851=CARTESIAN_POINT('',(6.12742349474736,1.91164874129134,9.6));
#6852=CARTESIAN_POINT('Ctrl Pts',(6.12742349474736,1.91164874129134,9.6));
#6853=CARTESIAN_POINT('Ctrl Pts',(6.6841014396874,1.64587217130664,9.6));
#6854=CARTESIAN_POINT('Ctrl Pts',(6.81466334441497,0.966511227084123,9.6));
#6855=CARTESIAN_POINT('Ctrl Pts',(6.48510002404099,0.471805559513971,9.6));
#6856=CARTESIAN_POINT('',(6.12742349474736,1.91164874129134,10.));
#6857=CARTESIAN_POINT('Ctrl Pts',(4.34536068242893,0.68262270119588,10.));
#6858=CARTESIAN_POINT('Ctrl Pts',(4.34536068242893,0.68262270119588,9.6));
#6859=CARTESIAN_POINT('Ctrl Pts',(4.81582967735334,1.44365989409255,10.));
#6860=CARTESIAN_POINT('Ctrl Pts',(4.81582967735334,1.44365989409255,9.6));
#6861=CARTESIAN_POINT('Ctrl Pts',(5.38479271692275,2.2661796179681,10.));
#6862=CARTESIAN_POINT('Ctrl Pts',(5.38479271692275,2.2661796179681,9.6));
#6863=CARTESIAN_POINT('Ctrl Pts',(6.12742349474736,1.91164874129134,10.));
#6864=CARTESIAN_POINT('Ctrl Pts',(6.12742349474736,1.91164874129134,9.6));
#6865=CARTESIAN_POINT('',(4.34536068242893,0.68262270119588,10.));
#6866=CARTESIAN_POINT('Ctrl Pts',(4.34536068242893,0.68262270119588,10.));
#6867=CARTESIAN_POINT('Ctrl Pts',(4.81582967735334,1.44365989409255,10.));
#6868=CARTESIAN_POINT('Ctrl Pts',(5.38479271692275,2.2661796179681,10.));
#6869=CARTESIAN_POINT('Ctrl Pts',(6.12742349474736,1.91164874129134,10.));
#6870=CARTESIAN_POINT('',(4.34536068242893,0.68262270119588,9.6));
#6871=CARTESIAN_POINT('Ctrl Pts',(4.34536068242893,0.68262270119588,9.6));
#6872=CARTESIAN_POINT('Ctrl Pts',(4.81582967735334,1.44365989409255,9.6));
#6873=CARTESIAN_POINT('Ctrl Pts',(5.38479271692275,2.2661796179681,9.6));
#6874=CARTESIAN_POINT('Ctrl Pts',(6.12742349474736,1.91164874129134,9.6));
#6875=CARTESIAN_POINT('',(4.34536068242893,0.68262270119588,10.));
#6876=CARTESIAN_POINT('Origin',(3.59787047924888,1.66231841210983,10.));
#6877=CARTESIAN_POINT('',(3.59787047924888,1.66231841210983,10.));
#6878=CARTESIAN_POINT('',(3.59787047924888,1.66231841210983,10.));
#6879=CARTESIAN_POINT('',(3.59787047924888,1.66231841210983,9.6));
#6880=CARTESIAN_POINT('',(3.59787047924888,1.66231841210983,9.6));
#6881=CARTESIAN_POINT('',(3.59787047924888,1.66231841210983,10.));
#6882=CARTESIAN_POINT('Ctrl Pts',(2.44724088137961,1.83614883311211,10.));
#6883=CARTESIAN_POINT('Ctrl Pts',(2.44724088137961,1.83614883311211,9.6));
#6884=CARTESIAN_POINT('Ctrl Pts',(2.80637510242789,2.04661887298291,10.));
#6885=CARTESIAN_POINT('Ctrl Pts',(2.80637510242789,2.04661887298291,9.6));
#6886=CARTESIAN_POINT('Ctrl Pts',(3.32001785687035,2.02649477942782,10.));
#6887=CARTESIAN_POINT('Ctrl Pts',(3.32001785687035,2.02649477942782,9.6));
#6888=CARTESIAN_POINT('Ctrl Pts',(3.59787047924888,1.66231841210983,10.));
#6889=CARTESIAN_POINT('Ctrl Pts',(3.59787047924888,1.66231841210983,9.6));
#6890=CARTESIAN_POINT('',(2.44724088137961,1.83614883311211,10.));
#6891=CARTESIAN_POINT('Ctrl Pts',(2.44724088137961,1.83614883311211,10.));
#6892=CARTESIAN_POINT('Ctrl Pts',(2.80637510242789,2.04661887298291,10.));
#6893=CARTESIAN_POINT('Ctrl Pts',(3.32001785687035,2.02649477942782,10.));
#6894=CARTESIAN_POINT('Ctrl Pts',(3.59787047924888,1.66231841210983,10.));
#6895=CARTESIAN_POINT('',(2.44724088137961,1.83614883311211,9.6));
#6896=CARTESIAN_POINT('Ctrl Pts',(2.44724088137961,1.83614883311211,9.6));
#6897=CARTESIAN_POINT('Ctrl Pts',(2.80637510242789,2.04661887298291,9.6));
#6898=CARTESIAN_POINT('Ctrl Pts',(3.32001785687035,2.02649477942782,9.6));
#6899=CARTESIAN_POINT('Ctrl Pts',(3.59787047924888,1.66231841210983,9.6));
#6900=CARTESIAN_POINT('',(2.44724088137961,1.83614883311211,10.));
#6901=CARTESIAN_POINT('Ctrl Pts',(2.04299021748694,0.779842793890355,10.));
#6902=CARTESIAN_POINT('Ctrl Pts',(2.04299021748694,0.779842793890355,9.6));
#6903=CARTESIAN_POINT('Ctrl Pts',(1.91305255261143,1.19786850901251,10.));
#6904=CARTESIAN_POINT('Ctrl Pts',(1.91305255261143,1.19786850901251,9.6));
#6905=CARTESIAN_POINT('Ctrl Pts',(2.13780674901001,1.65475451344537,10.));
#6906=CARTESIAN_POINT('Ctrl Pts',(2.13780674901001,1.65475451344537,9.6));
#6907=CARTESIAN_POINT('Ctrl Pts',(2.44724088137961,1.83614883311211,10.));
#6908=CARTESIAN_POINT('Ctrl Pts',(2.44724088137961,1.83614883311211,9.6));
#6909=CARTESIAN_POINT('',(2.04299021748694,0.779842793890355,10.));
#6910=CARTESIAN_POINT('Ctrl Pts',(2.04299021748694,0.779842793890355,10.));
#6911=CARTESIAN_POINT('Ctrl Pts',(1.91305255261143,1.19786850901251,10.));
#6912=CARTESIAN_POINT('Ctrl Pts',(2.13780674901001,1.65475451344537,10.));
#6913=CARTESIAN_POINT('Ctrl Pts',(2.44724088137961,1.83614883311211,10.));
#6914=CARTESIAN_POINT('',(2.04299021748694,0.779842793890355,9.6));
#6915=CARTESIAN_POINT('Ctrl Pts',(2.04299021748694,0.779842793890355,9.6));
#6916=CARTESIAN_POINT('Ctrl Pts',(1.91305255261143,1.19786850901251,9.6));
#6917=CARTESIAN_POINT('Ctrl Pts',(2.13780674901001,1.65475451344537,9.6));
#6918=CARTESIAN_POINT('Ctrl Pts',(2.44724088137961,1.83614883311211,9.6));
#6919=CARTESIAN_POINT('',(2.04299021748694,0.779842793890355,10.));
#6920=CARTESIAN_POINT('Ctrl Pts',(3.09221038720189,-0.899129761640536,10.));
#6921=CARTESIAN_POINT('Ctrl Pts',(3.09221038720189,-0.899129761640536,9.6));
#6922=CARTESIAN_POINT('Ctrl Pts',(2.69962125734645,-0.331491958144432,10.));
#6923=CARTESIAN_POINT('Ctrl Pts',(2.69962125734645,-0.331491958144432,9.6));
#6924=CARTESIAN_POINT('Ctrl Pts',(2.23567587454305,0.160437574196797,10.));
#6925=CARTESIAN_POINT('Ctrl Pts',(2.23567587454305,0.160437574196797,9.6));
#6926=CARTESIAN_POINT('Ctrl Pts',(2.04299021748694,0.779842793890355,10.));
#6927=CARTESIAN_POINT('Ctrl Pts',(2.04299021748694,0.779842793890355,9.6));
#6928=CARTESIAN_POINT('',(3.09221038720189,-0.899129761640536,10.));
#6929=CARTESIAN_POINT('Ctrl Pts',(3.09221038720189,-0.899129761640536,10.));
#6930=CARTESIAN_POINT('Ctrl Pts',(2.69962125734645,-0.331491958144432,10.));
#6931=CARTESIAN_POINT('Ctrl Pts',(2.23567587454305,0.160437574196797,10.));
#6932=CARTESIAN_POINT('Ctrl Pts',(2.04299021748694,0.779842793890355,10.));
#6933=CARTESIAN_POINT('',(3.09221038720189,-0.899129761640536,9.6));
#6934=CARTESIAN_POINT('Ctrl Pts',(3.09221038720189,-0.899129761640536,9.6));
#6935=CARTESIAN_POINT('Ctrl Pts',(2.69962125734645,-0.331491958144432,9.6));
#6936=CARTESIAN_POINT('Ctrl Pts',(2.23567587454305,0.160437574196797,9.6));
#6937=CARTESIAN_POINT('Ctrl Pts',(2.04299021748694,0.779842793890355,9.6));
#6938=CARTESIAN_POINT('',(3.09221038720189,-0.899129761640536,10.));
#6939=CARTESIAN_POINT('Ctrl Pts',(2.07110206788679,-2.52647346999445,10.));
#6940=CARTESIAN_POINT('Ctrl Pts',(2.07110206788679,-2.52647346999445,9.6));
#6941=CARTESIAN_POINT('Ctrl Pts',(2.30966901443954,-1.94391640196004,10.));
#6942=CARTESIAN_POINT('Ctrl Pts',(2.30966901443954,-1.94391640196004,9.6));
#6943=CARTESIAN_POINT('Ctrl Pts',(2.72828738382821,-1.44470044862526,10.));
#6944=CARTESIAN_POINT('Ctrl Pts',(2.72828738382821,-1.44470044862526,9.6));
#6945=CARTESIAN_POINT('Ctrl Pts',(3.09221038720189,-0.899129761640536,10.));
#6946=CARTESIAN_POINT('Ctrl Pts',(3.09221038720189,-0.899129761640536,9.6));
#6947=CARTESIAN_POINT('',(2.07110206788679,-2.52647346999445,10.));
#6948=CARTESIAN_POINT('Ctrl Pts',(2.07110206788679,-2.52647346999445,10.));
#6949=CARTESIAN_POINT('Ctrl Pts',(2.30966901443954,-1.94391640196004,10.));
#6950=CARTESIAN_POINT('Ctrl Pts',(2.72828738382821,-1.44470044862526,10.));
#6951=CARTESIAN_POINT('Ctrl Pts',(3.09221038720189,-0.899129761640536,10.));
#6952=CARTESIAN_POINT('',(2.07110206788679,-2.52647346999445,9.6));
#6953=CARTESIAN_POINT('Ctrl Pts',(2.07110206788679,-2.52647346999445,9.6));
#6954=CARTESIAN_POINT('Ctrl Pts',(2.30966901443954,-1.94391640196004,9.6));
#6955=CARTESIAN_POINT('Ctrl Pts',(2.72828738382821,-1.44470044862526,9.6));
#6956=CARTESIAN_POINT('Ctrl Pts',(3.09221038720189,-0.899129761640536,9.6));
#6957=CARTESIAN_POINT('',(2.07110206788679,-2.52647346999445,10.));
#6958=CARTESIAN_POINT('Ctrl Pts',(2.44633882422668,-3.6724358730612,10.));
#6959=CARTESIAN_POINT('Ctrl Pts',(2.44633882422668,-3.6724358730612,9.6));
#6960=CARTESIAN_POINT('Ctrl Pts',(2.07297682522269,-3.45551218483953,10.));
#6961=CARTESIAN_POINT('Ctrl Pts',(2.07297682522269,-3.45551218483953,9.6));
#6962=CARTESIAN_POINT('Ctrl Pts',(1.88973084305679,-2.96941138173719,10.));
#6963=CARTESIAN_POINT('Ctrl Pts',(1.88973084305679,-2.96941138173719,9.6));
#6964=CARTESIAN_POINT('Ctrl Pts',(2.07110206788679,-2.52647346999445,10.));
#6965=CARTESIAN_POINT('Ctrl Pts',(2.07110206788679,-2.52647346999445,9.6));
#6966=CARTESIAN_POINT('',(2.44633882422668,-3.6724358730612,10.));
#6967=CARTESIAN_POINT('Ctrl Pts',(2.44633882422668,-3.6724358730612,10.));
#6968=CARTESIAN_POINT('Ctrl Pts',(2.07297682522269,-3.45551218483953,10.));
#6969=CARTESIAN_POINT('Ctrl Pts',(1.88973084305679,-2.96941138173719,10.));
#6970=CARTESIAN_POINT('Ctrl Pts',(2.07110206788679,-2.52647346999445,10.));
#6971=CARTESIAN_POINT('',(2.44633882422668,-3.6724358730612,9.6));
#6972=CARTESIAN_POINT('Ctrl Pts',(2.44633882422668,-3.6724358730612,9.6));
#6973=CARTESIAN_POINT('Ctrl Pts',(2.07297682522269,-3.45551218483953,9.6));
#6974=CARTESIAN_POINT('Ctrl Pts',(1.88973084305679,-2.96941138173719,9.6));
#6975=CARTESIAN_POINT('Ctrl Pts',(2.07110206788679,-2.52647346999445,9.6));
#6976=CARTESIAN_POINT('',(2.44633882422668,-3.6724358730612,10.));
#6977=CARTESIAN_POINT('Ctrl Pts',(3.59627421847375,-3.42595079380388,10.));
#6978=CARTESIAN_POINT('Ctrl Pts',(3.59627421847375,-3.42595079380388,9.6));
#6979=CARTESIAN_POINT('Ctrl Pts',(3.30502523226238,-3.80775327637885,10.));
#6980=CARTESIAN_POINT('Ctrl Pts',(3.30502523226238,-3.80775327637885,9.6));
#6981=CARTESIAN_POINT('Ctrl Pts',(2.80436177607151,-3.88040759500394,10.));
#6982=CARTESIAN_POINT('Ctrl Pts',(2.80436177607151,-3.88040759500394,9.6));
#6983=CARTESIAN_POINT('Ctrl Pts',(2.44633882422668,-3.6724358730612,10.));
#6984=CARTESIAN_POINT('Ctrl Pts',(2.44633882422668,-3.6724358730612,9.6));
#6985=CARTESIAN_POINT('',(3.59627421847375,-3.42595079380388,10.));
#6986=CARTESIAN_POINT('Ctrl Pts',(3.59627421847375,-3.42595079380388,10.));
#6987=CARTESIAN_POINT('Ctrl Pts',(3.30502523226238,-3.80775327637885,10.));
#6988=CARTESIAN_POINT('Ctrl Pts',(2.80436177607151,-3.88040759500394,10.));
#6989=CARTESIAN_POINT('Ctrl Pts',(2.44633882422668,-3.6724358730612,10.));
#6990=CARTESIAN_POINT('',(3.59627421847375,-3.42595079380388,9.6));
#6991=CARTESIAN_POINT('Ctrl Pts',(3.59627421847375,-3.42595079380388,9.6));
#6992=CARTESIAN_POINT('Ctrl Pts',(3.30502523226238,-3.80775327637885,9.6));
#6993=CARTESIAN_POINT('Ctrl Pts',(2.80436177607151,-3.88040759500394,9.6));
#6994=CARTESIAN_POINT('Ctrl Pts',(2.44633882422668,-3.6724358730612,9.6));
#6995=CARTESIAN_POINT('',(3.59627421847375,-3.42595079380388,10.));
#6996=CARTESIAN_POINT('Origin',(4.32613355157748,-2.46887698492815,10.));
#6997=CARTESIAN_POINT('',(4.32613355157748,-2.46887698492815,10.));
#6998=CARTESIAN_POINT('',(4.32613355157748,-2.46887698492815,10.));
#6999=CARTESIAN_POINT('',(4.32613355157748,-2.46887698492815,9.6));
#7000=CARTESIAN_POINT('',(4.32613355157748,-2.46887698492815,9.6));
#7001=CARTESIAN_POINT('',(4.32613355157748,-2.46887698492815,10.));
#7002=CARTESIAN_POINT('Ctrl Pts',(5.35279414135043,-3.66188832526704,10.));
#7003=CARTESIAN_POINT('Ctrl Pts',(5.35279414135043,-3.66188832526704,9.6));
#7004=CARTESIAN_POINT('Ctrl Pts',(4.89808125916645,-3.34538513507327,10.));
#7005=CARTESIAN_POINT('Ctrl Pts',(4.89808125916645,-3.34538513507327,9.6));
#7006=CARTESIAN_POINT('Ctrl Pts',(4.63070961711145,-2.90910872521211,10.));
#7007=CARTESIAN_POINT('Ctrl Pts',(4.63070961711145,-2.90910872521211,9.6));
#7008=CARTESIAN_POINT('Ctrl Pts',(4.32613355157748,-2.46887698492815,10.));
#7009=CARTESIAN_POINT('Ctrl Pts',(4.32613355157748,-2.46887698492815,9.6));
#7010=CARTESIAN_POINT('',(5.35279414135043,-3.66188832526704,10.));
#7011=CARTESIAN_POINT('Ctrl Pts',(5.35279414135043,-3.66188832526704,10.));
#7012=CARTESIAN_POINT('Ctrl Pts',(4.89808125916645,-3.34538513507327,10.));
#7013=CARTESIAN_POINT('Ctrl Pts',(4.63070961711145,-2.90910872521211,10.));
#7014=CARTESIAN_POINT('Ctrl Pts',(4.32613355157748,-2.46887698492815,10.));
#7015=CARTESIAN_POINT('',(5.35279414135043,-3.66188832526704,9.6));
#7016=CARTESIAN_POINT('Ctrl Pts',(5.35279414135043,-3.66188832526704,9.6));
#7017=CARTESIAN_POINT('Ctrl Pts',(4.89808125916645,-3.34538513507327,9.6));
#7018=CARTESIAN_POINT('Ctrl Pts',(4.63070961711145,-2.90910872521211,9.6));
#7019=CARTESIAN_POINT('Ctrl Pts',(4.32613355157748,-2.46887698492815,9.6));
#7020=CARTESIAN_POINT('',(5.35279414135043,-3.66188832526704,10.));
#7021=CARTESIAN_POINT('Ctrl Pts',(6.1714300269081,-3.6618190407568,10.));
#7022=CARTESIAN_POINT('Ctrl Pts',(6.1714300269081,-3.6618190407568,9.6));
#7023=CARTESIAN_POINT('Ctrl Pts',(5.9823539569835,-3.77014197621721,10.));
#7024=CARTESIAN_POINT('Ctrl Pts',(5.9823539569835,-3.77014197621721,9.6));
#7025=CARTESIAN_POINT('Ctrl Pts',(5.53728928248036,-3.79033501465259,10.));
#7026=CARTESIAN_POINT('Ctrl Pts',(5.53728928248036,-3.79033501465259,9.6));
#7027=CARTESIAN_POINT('Ctrl Pts',(5.35279414135043,-3.66188832526704,10.));
#7028=CARTESIAN_POINT('Ctrl Pts',(5.35279414135043,-3.66188832526704,9.6));
#7029=CARTESIAN_POINT('',(6.1714300269081,-3.6618190407568,10.));
#7030=CARTESIAN_POINT('Ctrl Pts',(6.1714300269081,-3.6618190407568,10.));
#7031=CARTESIAN_POINT('Ctrl Pts',(5.9823539569835,-3.77014197621721,10.));
#7032=CARTESIAN_POINT('Ctrl Pts',(5.53728928248036,-3.79033501465259,10.));
#7033=CARTESIAN_POINT('Ctrl Pts',(5.35279414135043,-3.66188832526704,10.));
#7034=CARTESIAN_POINT('',(6.1714300269081,-3.6618190407568,9.6));
#7035=CARTESIAN_POINT('Ctrl Pts',(6.1714300269081,-3.6618190407568,9.6));
#7036=CARTESIAN_POINT('Ctrl Pts',(5.9823539569835,-3.77014197621721,9.6));
#7037=CARTESIAN_POINT('Ctrl Pts',(5.53728928248036,-3.79033501465259,9.6));
#7038=CARTESIAN_POINT('Ctrl Pts',(5.35279414135043,-3.66188832526704,9.6));
#7039=CARTESIAN_POINT('',(6.1714300269081,-3.6618190407568,10.));
#7040=CARTESIAN_POINT('Ctrl Pts',(6.4422034025639,-2.1138611166797,10.));
#7041=CARTESIAN_POINT('Ctrl Pts',(6.4422034025639,-2.1138611166797,9.6));
#7042=CARTESIAN_POINT('Ctrl Pts',(6.80876329288611,-2.6355598935873,10.));
#7043=CARTESIAN_POINT('Ctrl Pts',(6.80876329288611,-2.6355598935873,9.6));
#7044=CARTESIAN_POINT('Ctrl Pts',(6.72671956460372,-3.34365030527766,10.));
#7045=CARTESIAN_POINT('Ctrl Pts',(6.72671956460372,-3.34365030527766,9.6));
#7046=CARTESIAN_POINT('Ctrl Pts',(6.1714300269081,-3.6618190407568,10.));
#7047=CARTESIAN_POINT('Ctrl Pts',(6.1714300269081,-3.6618190407568,9.6));
#7048=CARTESIAN_POINT('',(6.4422034025639,-2.1138611166797,10.));
#7049=CARTESIAN_POINT('Ctrl Pts',(6.4422034025639,-2.1138611166797,10.));
#7050=CARTESIAN_POINT('Ctrl Pts',(6.80876329288611,-2.6355598935873,10.));
#7051=CARTESIAN_POINT('Ctrl Pts',(6.72671956460372,-3.34365030527766,10.));
#7052=CARTESIAN_POINT('Ctrl Pts',(6.1714300269081,-3.6618190407568,10.));
#7053=CARTESIAN_POINT('',(6.4422034025639,-2.1138611166797,9.6));
#7054=CARTESIAN_POINT('Ctrl Pts',(6.4422034025639,-2.1138611166797,9.6));
#7055=CARTESIAN_POINT('Ctrl Pts',(6.80876329288611,-2.6355598935873,9.6));
#7056=CARTESIAN_POINT('Ctrl Pts',(6.72671956460372,-3.34365030527766,9.6));
#7057=CARTESIAN_POINT('Ctrl Pts',(6.1714300269081,-3.6618190407568,9.6));
#7058=CARTESIAN_POINT('',(6.4422034025639,-2.1138611166797,10.));
#7059=CARTESIAN_POINT('Origin',(5.58004733493697,-0.88677775991058,10.));
#7060=CARTESIAN_POINT('',(5.58004733493697,-0.88677775991058,10.));
#7061=CARTESIAN_POINT('',(5.58004733493697,-0.88677775991058,10.));
#7062=CARTESIAN_POINT('',(5.58004733493697,-0.88677775991058,9.6));
#7063=CARTESIAN_POINT('',(5.58004733493697,-0.88677775991058,9.6));
#7064=CARTESIAN_POINT('',(5.58004733493697,-0.88677775991058,10.));
#7065=CARTESIAN_POINT('Origin',(6.48510002404099,0.471805559513971,10.));
#7066=CARTESIAN_POINT('',(6.48510002404099,0.471805559513971,10.));
#7067=CARTESIAN_POINT('',(6.48510002404099,0.471805559513971,9.6));
#7068=CARTESIAN_POINT('Origin',(4.35219709373588,-0.807113988517921,10.));
#7069=CARTESIAN_POINT('Origin',(4.35219709373588,-0.807113988517921,9.6));
#7070=CARTESIAN_POINT('Origin',(-4.60753278626499,1.35630757984299,10.));
#7071=CARTESIAN_POINT('',(-4.60753278626499,1.35630757984299,10.));
#7072=CARTESIAN_POINT('',(-5.49349725316799,1.25325841827966,10.));
#7073=CARTESIAN_POINT('',(-4.60753278626499,1.35630757984299,10.));
#7074=CARTESIAN_POINT('',(-5.49349725316799,1.25325841827966,9.6));
#7075=CARTESIAN_POINT('',(-5.49349725316799,1.25325841827966,10.));
#7076=CARTESIAN_POINT('',(-4.60753278626499,1.35630757984299,9.6));
#7077=CARTESIAN_POINT('',(-4.60753278626499,1.35630757984299,9.6));
#7078=CARTESIAN_POINT('',(-4.60753278626499,1.35630757984299,10.));
#7079=CARTESIAN_POINT('Ctrl Pts',(-3.72774584856175,2.44557538518138,10.));
#7080=CARTESIAN_POINT('Ctrl Pts',(-3.72774584856175,2.44557538518138,9.6));
#7081=CARTESIAN_POINT('Ctrl Pts',(-3.74787503656613,1.89521642531618,10.));
#7082=CARTESIAN_POINT('Ctrl Pts',(-3.74787503656613,1.89521642531618,9.6));
#7083=CARTESIAN_POINT('Ctrl Pts',(-4.03114203964193,1.42341098653004,10.));
#7084=CARTESIAN_POINT('Ctrl Pts',(-4.03114203964193,1.42341098653004,9.6));
#7085=CARTESIAN_POINT('Ctrl Pts',(-4.60753278626499,1.35630757984299,10.));
#7086=CARTESIAN_POINT('Ctrl Pts',(-4.60753278626499,1.35630757984299,9.6));
#7087=CARTESIAN_POINT('',(-3.72774584856175,2.44557538518138,10.));
#7088=CARTESIAN_POINT('Ctrl Pts',(-3.72774584856175,2.44557538518138,10.));
#7089=CARTESIAN_POINT('Ctrl Pts',(-3.74787503656613,1.89521642531618,10.));
#7090=CARTESIAN_POINT('Ctrl Pts',(-4.03114203964193,1.42341098653004,10.));
#7091=CARTESIAN_POINT('Ctrl Pts',(-4.60753278626499,1.35630757984299,10.));
#7092=CARTESIAN_POINT('',(-3.72774584856175,2.44557538518138,9.6));
#7093=CARTESIAN_POINT('Ctrl Pts',(-3.72774584856175,2.44557538518138,9.6));
#7094=CARTESIAN_POINT('Ctrl Pts',(-3.74787503656613,1.89521642531618,9.6));
#7095=CARTESIAN_POINT('Ctrl Pts',(-4.03114203964193,1.42341098653004,9.6));
#7096=CARTESIAN_POINT('Ctrl Pts',(-4.60753278626499,1.35630757984299,9.6));
#7097=CARTESIAN_POINT('',(-3.72774584856175,2.44557538518138,10.));
#7098=CARTESIAN_POINT('Ctrl Pts',(-4.77002432168459,3.59327232086752,10.));
#7099=CARTESIAN_POINT('Ctrl Pts',(-4.77002432168459,3.59327232086752,9.6));
#7100=CARTESIAN_POINT('Ctrl Pts',(-4.0978463811352,3.55198325286147,10.));
#7101=CARTESIAN_POINT('Ctrl Pts',(-4.0978463811352,3.55198325286147,9.6));
#7102=CARTESIAN_POINT('Ctrl Pts',(-3.70435417523697,3.0827452891524,10.));
#7103=CARTESIAN_POINT('Ctrl Pts',(-3.70435417523697,3.0827452891524,9.6));
#7104=CARTESIAN_POINT('Ctrl Pts',(-3.72774584856175,2.44557538518138,10.));
#7105=CARTESIAN_POINT('Ctrl Pts',(-3.72774584856175,2.44557538518138,9.6));
#7106=CARTESIAN_POINT('',(-4.77002432168459,3.59327232086752,10.));
#7107=CARTESIAN_POINT('Ctrl Pts',(-4.77002432168459,3.59327232086752,10.));
#7108=CARTESIAN_POINT('Ctrl Pts',(-4.0978463811352,3.55198325286147,10.));
#7109=CARTESIAN_POINT('Ctrl Pts',(-3.70435417523697,3.0827452891524,10.));
#7110=CARTESIAN_POINT('Ctrl Pts',(-3.72774584856175,2.44557538518138,10.));
#7111=CARTESIAN_POINT('',(-4.77002432168459,3.59327232086752,9.6));
#7112=CARTESIAN_POINT('Ctrl Pts',(-4.77002432168459,3.59327232086752,9.6));
#7113=CARTESIAN_POINT('Ctrl Pts',(-4.0978463811352,3.55198325286147,9.6));
#7114=CARTESIAN_POINT('Ctrl Pts',(-3.70435417523697,3.0827452891524,9.6));
#7115=CARTESIAN_POINT('Ctrl Pts',(-3.72774584856175,2.44557538518138,9.6));
#7116=CARTESIAN_POINT('',(-4.77002432168459,3.59327232086752,10.));
#7117=CARTESIAN_POINT('Ctrl Pts',(-8.33720491774109,3.51104120175903,10.));
#7118=CARTESIAN_POINT('Ctrl Pts',(-8.33720491774109,3.51104120175903,9.6));
#7119=CARTESIAN_POINT('Ctrl Pts',(-7.15360506300638,3.63712894885813,10.));
#7120=CARTESIAN_POINT('Ctrl Pts',(-7.15360506300638,3.63712894885813,9.6));
#7121=CARTESIAN_POINT('Ctrl Pts',(-5.95286068828685,3.66592719139129,10.));
#7122=CARTESIAN_POINT('Ctrl Pts',(-5.95286068828685,3.66592719139129,9.6));
#7123=CARTESIAN_POINT('Ctrl Pts',(-4.77002432168459,3.59327232086752,10.));
#7124=CARTESIAN_POINT('Ctrl Pts',(-4.77002432168459,3.59327232086752,9.6));
#7125=CARTESIAN_POINT('',(-8.33720491774109,3.51104120175903,10.));
#7126=CARTESIAN_POINT('Ctrl Pts',(-8.33720491774109,3.51104120175903,10.));
#7127=CARTESIAN_POINT('Ctrl Pts',(-7.15360506300638,3.63712894885813,10.));
#7128=CARTESIAN_POINT('Ctrl Pts',(-5.95286068828685,3.66592719139129,10.));
#7129=CARTESIAN_POINT('Ctrl Pts',(-4.77002432168459,3.59327232086752,10.));
#7130=CARTESIAN_POINT('',(-8.33720491774109,3.51104120175903,9.6));
#7131=CARTESIAN_POINT('Ctrl Pts',(-8.33720491774109,3.51104120175903,9.6));
#7132=CARTESIAN_POINT('Ctrl Pts',(-7.15360506300638,3.63712894885813,9.6));
#7133=CARTESIAN_POINT('Ctrl Pts',(-5.95286068828685,3.66592719139129,9.6));
#7134=CARTESIAN_POINT('Ctrl Pts',(-4.77002432168459,3.59327232086752,9.6));
#7135=CARTESIAN_POINT('',(-8.33720491774109,3.51104120175903,10.));
#7136=CARTESIAN_POINT('Ctrl Pts',(-9.42335146743529,2.17743923610408,10.));
#7137=CARTESIAN_POINT('Ctrl Pts',(-9.42335146743529,2.17743923610408,9.6));
#7138=CARTESIAN_POINT('Ctrl Pts',(-9.4910968045822,2.88081057451671,10.));
#7139=CARTESIAN_POINT('Ctrl Pts',(-9.4910968045822,2.88081057451671,9.6));
#7140=CARTESIAN_POINT('Ctrl Pts',(-9.05755444236949,3.4343615040335,10.));
#7141=CARTESIAN_POINT('Ctrl Pts',(-9.05755444236949,3.4343615040335,9.6));
#7142=CARTESIAN_POINT('Ctrl Pts',(-8.33720491774109,3.51104120175903,10.));
#7143=CARTESIAN_POINT('Ctrl Pts',(-8.33720491774109,3.51104120175903,9.6));
#7144=CARTESIAN_POINT('',(-9.42335146743529,2.17743923610408,10.));
#7145=CARTESIAN_POINT('Ctrl Pts',(-9.42335146743529,2.17743923610408,10.));
#7146=CARTESIAN_POINT('Ctrl Pts',(-9.4910968045822,2.88081057451671,10.));
#7147=CARTESIAN_POINT('Ctrl Pts',(-9.05755444236949,3.4343615040335,10.));
#7148=CARTESIAN_POINT('Ctrl Pts',(-8.33720491774109,3.51104120175903,10.));
#7149=CARTESIAN_POINT('',(-9.42335146743529,2.17743923610408,9.6));
#7150=CARTESIAN_POINT('Ctrl Pts',(-9.42335146743529,2.17743923610408,9.6));
#7151=CARTESIAN_POINT('Ctrl Pts',(-9.4910968045822,2.88081057451671,9.6));
#7152=CARTESIAN_POINT('Ctrl Pts',(-9.05755444236949,3.4343615040335,9.6));
#7153=CARTESIAN_POINT('Ctrl Pts',(-8.33720491774109,3.51104120175903,9.6));
#7154=CARTESIAN_POINT('',(-9.42335146743529,2.17743923610408,10.));
#7155=CARTESIAN_POINT('Ctrl Pts',(-8.58569704020067,1.287677536521,10.));
#7156=CARTESIAN_POINT('Ctrl Pts',(-8.58569704020067,1.287677536521,9.6));
#7157=CARTESIAN_POINT('Ctrl Pts',(-9.07712837785583,1.32875832645889,10.));
#7158=CARTESIAN_POINT('Ctrl Pts',(-9.07712837785583,1.32875832645889,9.6));
#7159=CARTESIAN_POINT('Ctrl Pts',(-9.37990005313461,1.72582717538327,10.));
#7160=CARTESIAN_POINT('Ctrl Pts',(-9.37990005313461,1.72582717538327,9.6));
#7161=CARTESIAN_POINT('Ctrl Pts',(-9.42335146743529,2.17743923610408,10.));
#7162=CARTESIAN_POINT('Ctrl Pts',(-9.42335146743529,2.17743923610408,9.6));
#7163=CARTESIAN_POINT('',(-8.58569704020067,1.287677536521,10.));
#7164=CARTESIAN_POINT('Ctrl Pts',(-8.58569704020067,1.287677536521,10.));
#7165=CARTESIAN_POINT('Ctrl Pts',(-9.07712837785583,1.32875832645889,10.));
#7166=CARTESIAN_POINT('Ctrl Pts',(-9.37990005313461,1.72582717538327,10.));
#7167=CARTESIAN_POINT('Ctrl Pts',(-9.42335146743529,2.17743923610408,10.));
#7168=CARTESIAN_POINT('',(-8.58569704020067,1.287677536521,9.6));
#7169=CARTESIAN_POINT('Ctrl Pts',(-8.58569704020067,1.287677536521,9.6));
#7170=CARTESIAN_POINT('Ctrl Pts',(-9.07712837785583,1.32875832645889,9.6));
#7171=CARTESIAN_POINT('Ctrl Pts',(-9.37990005313461,1.72582717538327,9.6));
#7172=CARTESIAN_POINT('Ctrl Pts',(-9.42335146743529,2.17743923610408,9.6));
#7173=CARTESIAN_POINT('',(-8.58569704020067,1.287677536521,10.));
#7174=CARTESIAN_POINT('Origin',(-7.70320308196378,1.2139122883224,10.));
#7175=CARTESIAN_POINT('',(-7.70320308196378,1.2139122883224,10.));
#7176=CARTESIAN_POINT('',(-7.70320308196378,1.2139122883224,10.));
#7177=CARTESIAN_POINT('',(-7.70320308196378,1.2139122883224,9.6));
#7178=CARTESIAN_POINT('',(-7.70320308196378,1.2139122883224,9.6));
#7179=CARTESIAN_POINT('',(-7.70320308196378,1.2139122883224,10.));
#7180=CARTESIAN_POINT('Origin',(-7.67314803879267,-2.78710141971944,10.));
#7181=CARTESIAN_POINT('',(-7.67314803879267,-2.78710141971944,10.));
#7182=CARTESIAN_POINT('',(-7.67314803879267,-2.78710141971944,10.));
#7183=CARTESIAN_POINT('',(-7.67314803879267,-2.78710141971944,9.6));
#7184=CARTESIAN_POINT('',(-7.67314803879267,-2.78710141971944,9.6));
#7185=CARTESIAN_POINT('',(-7.67314803879267,-2.78710141971944,10.));
#7186=CARTESIAN_POINT('Ctrl Pts',(-7.1457616488913,-3.71829135068147,10.));
#7187=CARTESIAN_POINT('Ctrl Pts',(-7.1457616488913,-3.71829135068147,9.6));
#7188=CARTESIAN_POINT('Ctrl Pts',(-7.47331317124368,-3.57242639956966,10.));
#7189=CARTESIAN_POINT('Ctrl Pts',(-7.47331317124368,-3.57242639956966,9.6));
#7190=CARTESIAN_POINT('Ctrl Pts',(-7.67044101825901,-3.1496815262623,10.));
#7191=CARTESIAN_POINT('Ctrl Pts',(-7.67044101825901,-3.1496815262623,9.6));
#7192=CARTESIAN_POINT('Ctrl Pts',(-7.67314803879267,-2.78710141971944,10.));
#7193=CARTESIAN_POINT('Ctrl Pts',(-7.67314803879267,-2.78710141971944,9.6));
#7194=CARTESIAN_POINT('',(-7.1457616488913,-3.71829135068147,10.));
#7195=CARTESIAN_POINT('Ctrl Pts',(-7.1457616488913,-3.71829135068147,10.));
#7196=CARTESIAN_POINT('Ctrl Pts',(-7.47331317124368,-3.57242639956966,10.));
#7197=CARTESIAN_POINT('Ctrl Pts',(-7.67044101825901,-3.1496815262623,10.));
#7198=CARTESIAN_POINT('Ctrl Pts',(-7.67314803879267,-2.78710141971944,10.));
#7199=CARTESIAN_POINT('',(-7.1457616488913,-3.71829135068147,9.6));
#7200=CARTESIAN_POINT('Ctrl Pts',(-7.1457616488913,-3.71829135068147,9.6));
#7201=CARTESIAN_POINT('Ctrl Pts',(-7.47331317124368,-3.57242639956966,9.6));
#7202=CARTESIAN_POINT('Ctrl Pts',(-7.67044101825901,-3.1496815262623,9.6));
#7203=CARTESIAN_POINT('Ctrl Pts',(-7.67314803879267,-2.78710141971944,9.6));
#7204=CARTESIAN_POINT('',(-7.1457616488913,-3.71829135068147,10.));
#7205=CARTESIAN_POINT('Ctrl Pts',(-5.90628587442791,-3.6083028699357,10.));
#7206=CARTESIAN_POINT('Ctrl Pts',(-5.90628587442791,-3.6083028699357,9.6));
#7207=CARTESIAN_POINT('Ctrl Pts',(-6.2549380962628,-3.89094155760001,10.));
#7208=CARTESIAN_POINT('Ctrl Pts',(-6.2549380962628,-3.89094155760001,9.6));
#7209=CARTESIAN_POINT('Ctrl Pts',(-6.77933998795961,-3.8815045997494,10.));
#7210=CARTESIAN_POINT('Ctrl Pts',(-6.77933998795961,-3.8815045997494,9.6));
#7211=CARTESIAN_POINT('Ctrl Pts',(-7.1457616488913,-3.71829135068147,10.));
#7212=CARTESIAN_POINT('Ctrl Pts',(-7.1457616488913,-3.71829135068147,9.6));
#7213=CARTESIAN_POINT('',(-5.90628587442791,-3.6083028699357,10.));
#7214=CARTESIAN_POINT('Ctrl Pts',(-5.90628587442791,-3.6083028699357,10.));
#7215=CARTESIAN_POINT('Ctrl Pts',(-6.2549380962628,-3.89094155760001,10.));
#7216=CARTESIAN_POINT('Ctrl Pts',(-6.77933998795961,-3.8815045997494,10.));
#7217=CARTESIAN_POINT('Ctrl Pts',(-7.1457616488913,-3.71829135068147,10.));
#7218=CARTESIAN_POINT('',(-5.90628587442791,-3.6083028699357,9.6));
#7219=CARTESIAN_POINT('Ctrl Pts',(-5.90628587442791,-3.6083028699357,9.6));
#7220=CARTESIAN_POINT('Ctrl Pts',(-6.2549380962628,-3.89094155760001,9.6));
#7221=CARTESIAN_POINT('Ctrl Pts',(-6.77933998795961,-3.8815045997494,9.6));
#7222=CARTESIAN_POINT('Ctrl Pts',(-7.1457616488913,-3.71829135068147,9.6));
#7223=CARTESIAN_POINT('',(-5.90628587442791,-3.6083028699357,10.));
#7224=CARTESIAN_POINT('Ctrl Pts',(-5.49988331515838,-2.74567335815547,10.));
#7225=CARTESIAN_POINT('Ctrl Pts',(-5.49988331515838,-2.74567335815547,9.6));
#7226=CARTESIAN_POINT('Ctrl Pts',(-5.50036898598996,-3.02956188404371,10.));
#7227=CARTESIAN_POINT('Ctrl Pts',(-5.50036898598996,-3.02956188404371,9.6));
#7228=CARTESIAN_POINT('Ctrl Pts',(-5.67945008605257,-3.42434094783066,10.));
#7229=CARTESIAN_POINT('Ctrl Pts',(-5.67945008605257,-3.42434094783066,9.6));
#7230=CARTESIAN_POINT('Ctrl Pts',(-5.90628587442791,-3.6083028699357,10.));
#7231=CARTESIAN_POINT('Ctrl Pts',(-5.90628587442791,-3.6083028699357,9.6));
#7232=CARTESIAN_POINT('',(-5.49988331515838,-2.74567335815547,10.));
#7233=CARTESIAN_POINT('Ctrl Pts',(-5.49988331515838,-2.74567335815547,10.));
#7234=CARTESIAN_POINT('Ctrl Pts',(-5.50036898598996,-3.02956188404371,10.));
#7235=CARTESIAN_POINT('Ctrl Pts',(-5.67945008605257,-3.42434094783066,10.));
#7236=CARTESIAN_POINT('Ctrl Pts',(-5.90628587442791,-3.6083028699357,10.));
#7237=CARTESIAN_POINT('',(-5.49988331515838,-2.74567335815547,9.6));
#7238=CARTESIAN_POINT('Ctrl Pts',(-5.49988331515838,-2.74567335815547,9.6));
#7239=CARTESIAN_POINT('Ctrl Pts',(-5.50036898598996,-3.02956188404371,9.6));
#7240=CARTESIAN_POINT('Ctrl Pts',(-5.67945008605257,-3.42434094783066,9.6));
#7241=CARTESIAN_POINT('Ctrl Pts',(-5.90628587442791,-3.6083028699357,9.6));
#7242=CARTESIAN_POINT('',(-5.49988331515838,-2.74567335815547,10.));
#7243=CARTESIAN_POINT('Origin',(-5.49349725316799,1.25325841827966,10.));
#7244=CARTESIAN_POINT('',(-5.49349725316799,1.25325841827966,10.));
#7245=CARTESIAN_POINT('',(-5.49349725316799,1.25325841827966,9.6));
#7246=CARTESIAN_POINT('Origin',(-6.59772548990959,-0.112507183104361,10.));
#7247=CARTESIAN_POINT('Origin',(-6.59772548990959,-0.112507183104361,9.6));
#7248=CARTESIAN_POINT('Ctrl Pts',(0.277808372310466,1.59751192278921,10.));
#7249=CARTESIAN_POINT('Ctrl Pts',(0.277808372310466,1.59751192278921,9.6));
#7250=CARTESIAN_POINT('Ctrl Pts',(1.48729855792797,1.25276561521908,10.));
#7251=CARTESIAN_POINT('Ctrl Pts',(1.48729855792797,1.25276561521908,9.6));
#7252=CARTESIAN_POINT('Ctrl Pts',(1.61668058820175,-0.165565405388728,10.));
#7253=CARTESIAN_POINT('Ctrl Pts',(1.61668058820175,-0.165565405388728,9.6));
#7254=CARTESIAN_POINT('Ctrl Pts',(1.6066859579697,-1.37155298730964,10.));
#7255=CARTESIAN_POINT('Ctrl Pts',(1.6066859579697,-1.37155298730964,9.6));
#7256=CARTESIAN_POINT('',(0.277808372310466,1.59751192278921,10.));
#7257=CARTESIAN_POINT('',(1.6066859579697,-1.37155298730964,10.));
#7258=CARTESIAN_POINT('Ctrl Pts',(0.277808372310466,1.59751192278921,10.));
#7259=CARTESIAN_POINT('Ctrl Pts',(1.48729855792797,1.25276561521908,10.));
#7260=CARTESIAN_POINT('Ctrl Pts',(1.61668058820175,-0.165565405388728,10.));
#7261=CARTESIAN_POINT('Ctrl Pts',(1.6066859579697,-1.37155298730964,10.));
#7262=CARTESIAN_POINT('',(1.6066859579697,-1.37155298730964,9.6));
#7263=CARTESIAN_POINT('',(1.6066859579697,-1.37155298730964,10.));
#7264=CARTESIAN_POINT('',(0.277808372310466,1.59751192278921,9.6));
#7265=CARTESIAN_POINT('Ctrl Pts',(0.277808372310466,1.59751192278921,9.6));
#7266=CARTESIAN_POINT('Ctrl Pts',(1.48729855792797,1.25276561521908,9.6));
#7267=CARTESIAN_POINT('Ctrl Pts',(1.61668058820175,-0.165565405388728,9.6));
#7268=CARTESIAN_POINT('Ctrl Pts',(1.6066859579697,-1.37155298730964,9.6));
#7269=CARTESIAN_POINT('',(0.277808372310466,1.59751192278921,10.));
#7270=CARTESIAN_POINT('Ctrl Pts',(-1.33253142285881,1.24270356844154,10.));
#7271=CARTESIAN_POINT('Ctrl Pts',(-1.33253142285881,1.24270356844154,9.6));
#7272=CARTESIAN_POINT('Ctrl Pts',(-0.816528919508774,1.61173766296521,10.));
#7273=CARTESIAN_POINT('Ctrl Pts',(-0.816528919508774,1.61173766296521,9.6));
#7274=CARTESIAN_POINT('Ctrl Pts',(-0.321557661316039,1.76835852484682,10.));
#7275=CARTESIAN_POINT('Ctrl Pts',(-0.321557661316039,1.76835852484682,9.6));
#7276=CARTESIAN_POINT('Ctrl Pts',(0.277808372310466,1.59751192278921,10.));
#7277=CARTESIAN_POINT('Ctrl Pts',(0.277808372310466,1.59751192278921,9.6));
#7278=CARTESIAN_POINT('',(-1.33253142285881,1.24270356844154,10.));
#7279=CARTESIAN_POINT('Ctrl Pts',(-1.33253142285881,1.24270356844154,10.));
#7280=CARTESIAN_POINT('Ctrl Pts',(-0.816528919508774,1.61173766296521,10.));
#7281=CARTESIAN_POINT('Ctrl Pts',(-0.321557661316039,1.76835852484682,10.));
#7282=CARTESIAN_POINT('Ctrl Pts',(0.277808372310466,1.59751192278921,10.));
#7283=CARTESIAN_POINT('',(-1.33253142285881,1.24270356844154,9.6));
#7284=CARTESIAN_POINT('Ctrl Pts',(-1.33253142285881,1.24270356844154,9.6));
#7285=CARTESIAN_POINT('Ctrl Pts',(-0.816528919508774,1.61173766296521,9.6));
#7286=CARTESIAN_POINT('Ctrl Pts',(-0.321557661316039,1.76835852484682,9.6));
#7287=CARTESIAN_POINT('Ctrl Pts',(0.277808372310466,1.59751192278921,9.6));
#7288=CARTESIAN_POINT('',(-1.33253142285881,1.24270356844154,10.));
#7289=CARTESIAN_POINT('Origin',(-1.39083705526522,2.78288957050848,10.));
#7290=CARTESIAN_POINT('',(-1.39083705526522,2.78288957050848,10.));
#7291=CARTESIAN_POINT('',(-1.39083705526522,2.78288957050848,10.));
#7292=CARTESIAN_POINT('',(-1.39083705526522,2.78288957050848,9.6));
#7293=CARTESIAN_POINT('',(-1.39083705526522,2.78288957050848,9.6));
#7294=CARTESIAN_POINT('',(-1.39083705526522,2.78288957050848,10.));
#7295=CARTESIAN_POINT('Ctrl Pts',(-2.39535580993732,3.84037519762125,10.));
#7296=CARTESIAN_POINT('Ctrl Pts',(-2.39535580993732,3.84037519762125,9.6));
#7297=CARTESIAN_POINT('Ctrl Pts',(-1.78891052958808,3.85945836782673,10.));
#7298=CARTESIAN_POINT('Ctrl Pts',(-1.78891052958808,3.85945836782673,9.6));
#7299=CARTESIAN_POINT('Ctrl Pts',(-1.41485364770197,3.41832468713763,10.));
#7300=CARTESIAN_POINT('Ctrl Pts',(-1.41485364770197,3.41832468713763,9.6));
#7301=CARTESIAN_POINT('Ctrl Pts',(-1.39083705526522,2.78288957050848,10.));
#7302=CARTESIAN_POINT('Ctrl Pts',(-1.39083705526522,2.78288957050848,9.6));
#7303=CARTESIAN_POINT('',(-2.39535580993732,3.84037519762125,10.));
#7304=CARTESIAN_POINT('Ctrl Pts',(-2.39535580993732,3.84037519762125,10.));
#7305=CARTESIAN_POINT('Ctrl Pts',(-1.78891052958808,3.85945836782673,10.));
#7306=CARTESIAN_POINT('Ctrl Pts',(-1.41485364770197,3.41832468713763,10.));
#7307=CARTESIAN_POINT('Ctrl Pts',(-1.39083705526522,2.78288957050848,10.));
#7308=CARTESIAN_POINT('',(-2.39535580993732,3.84037519762125,9.6));
#7309=CARTESIAN_POINT('Ctrl Pts',(-2.39535580993732,3.84037519762125,9.6));
#7310=CARTESIAN_POINT('Ctrl Pts',(-1.78891052958808,3.85945836782673,9.6));
#7311=CARTESIAN_POINT('Ctrl Pts',(-1.41485364770197,3.41832468713763,9.6));
#7312=CARTESIAN_POINT('Ctrl Pts',(-1.39083705526522,2.78288957050848,9.6));
#7313=CARTESIAN_POINT('',(-2.39535580993732,3.84037519762125,10.));
#7314=CARTESIAN_POINT('Ctrl Pts',(-3.38231365830325,2.81897414912769,10.));
#7315=CARTESIAN_POINT('Ctrl Pts',(-3.38231365830325,2.81897414912769,9.6));
#7316=CARTESIAN_POINT('Ctrl Pts',(-3.38182798747166,3.4440696564009,10.));
#7317=CARTESIAN_POINT('Ctrl Pts',(-3.38182798747166,3.4440696564009,9.6));
#7318=CARTESIAN_POINT('Ctrl Pts',(-2.91656484045391,3.82399835807609,10.));
#7319=CARTESIAN_POINT('Ctrl Pts',(-2.91656484045391,3.82399835807609,9.6));
#7320=CARTESIAN_POINT('Ctrl Pts',(-2.39535580993732,3.84037519762125,10.));
#7321=CARTESIAN_POINT('Ctrl Pts',(-2.39535580993732,3.84037519762125,9.6));
#7322=CARTESIAN_POINT('',(-3.38231365830325,2.81897414912769,10.));
#7323=CARTESIAN_POINT('Ctrl Pts',(-3.38231365830325,2.81897414912769,10.));
#7324=CARTESIAN_POINT('Ctrl Pts',(-3.38182798747166,3.4440696564009,10.));
#7325=CARTESIAN_POINT('Ctrl Pts',(-2.91656484045391,3.82399835807609,10.));
#7326=CARTESIAN_POINT('Ctrl Pts',(-2.39535580993732,3.84037519762125,10.));
#7327=CARTESIAN_POINT('',(-3.38231365830325,2.81897414912769,9.6));
#7328=CARTESIAN_POINT('Ctrl Pts',(-3.38231365830325,2.81897414912769,9.6));
#7329=CARTESIAN_POINT('Ctrl Pts',(-3.38182798747166,3.4440696564009,9.6));
#7330=CARTESIAN_POINT('Ctrl Pts',(-2.91656484045391,3.82399835807609,9.6));
#7331=CARTESIAN_POINT('Ctrl Pts',(-2.39535580993732,3.84037519762125,9.6));
#7332=CARTESIAN_POINT('',(-3.38231365830325,2.81897414912769,10.));
#7333=CARTESIAN_POINT('Origin',(-3.38689526635783,-2.73617390839367,10.));
#7334=CARTESIAN_POINT('',(-3.38689526635783,-2.73617390839367,10.));
#7335=CARTESIAN_POINT('',(-3.38689526635783,-2.73617390839367,10.));
#7336=CARTESIAN_POINT('',(-3.38689526635783,-2.73617390839367,9.6));
#7337=CARTESIAN_POINT('',(-3.38689526635783,-2.73617390839367,9.6));
#7338=CARTESIAN_POINT('',(-3.38689526635783,-2.73617390839367,10.));
#7339=CARTESIAN_POINT('Ctrl Pts',(-2.92808712621075,-3.66430988682591,10.));
#7340=CARTESIAN_POINT('Ctrl Pts',(-2.92808712621075,-3.66430988682591,9.6));
#7341=CARTESIAN_POINT('Ctrl Pts',(-3.20288579605949,-3.49283887510127,10.));
#7342=CARTESIAN_POINT('Ctrl Pts',(-3.20288579605949,-3.49283887510127,9.6));
#7343=CARTESIAN_POINT('Ctrl Pts',(-3.38717240439879,-3.09028771948918,10.));
#7344=CARTESIAN_POINT('Ctrl Pts',(-3.38717240439879,-3.09028771948918,9.6));
#7345=CARTESIAN_POINT('Ctrl Pts',(-3.38689526635783,-2.73617390839367,10.));
#7346=CARTESIAN_POINT('Ctrl Pts',(-3.38689526635783,-2.73617390839367,9.6));
#7347=CARTESIAN_POINT('',(-2.92808712621075,-3.66430988682591,10.));
#7348=CARTESIAN_POINT('Ctrl Pts',(-2.92808712621075,-3.66430988682591,10.));
#7349=CARTESIAN_POINT('Ctrl Pts',(-3.20288579605949,-3.49283887510127,10.));
#7350=CARTESIAN_POINT('Ctrl Pts',(-3.38717240439879,-3.09028771948918,10.));
#7351=CARTESIAN_POINT('Ctrl Pts',(-3.38689526635783,-2.73617390839367,10.));
#7352=CARTESIAN_POINT('',(-2.92808712621075,-3.66430988682591,9.6));
#7353=CARTESIAN_POINT('Ctrl Pts',(-2.92808712621075,-3.66430988682591,9.6));
#7354=CARTESIAN_POINT('Ctrl Pts',(-3.20288579605949,-3.49283887510127,9.6));
#7355=CARTESIAN_POINT('Ctrl Pts',(-3.38717240439879,-3.09028771948918,9.6));
#7356=CARTESIAN_POINT('Ctrl Pts',(-3.38689526635783,-2.73617390839367,9.6));
#7357=CARTESIAN_POINT('',(-2.92808712621075,-3.66430988682591,10.));
#7358=CARTESIAN_POINT('Ctrl Pts',(-1.76010447556602,-3.62898905106161,10.));
#7359=CARTESIAN_POINT('Ctrl Pts',(-1.76010447556602,-3.62898905106161,9.6));
#7360=CARTESIAN_POINT('Ctrl Pts',(-2.09050192710249,-3.87255942606952,10.));
#7361=CARTESIAN_POINT('Ctrl Pts',(-2.09050192710249,-3.87255942606952,9.6));
#7362=CARTESIAN_POINT('Ctrl Pts',(-2.57839325931259,-3.88248273401161,10.));
#7363=CARTESIAN_POINT('Ctrl Pts',(-2.57839325931259,-3.88248273401161,9.6));
#7364=CARTESIAN_POINT('Ctrl Pts',(-2.92808712621075,-3.66430988682591,10.));
#7365=CARTESIAN_POINT('Ctrl Pts',(-2.92808712621075,-3.66430988682591,9.6));
#7366=CARTESIAN_POINT('',(-1.76010447556602,-3.62898905106161,10.));
#7367=CARTESIAN_POINT('Ctrl Pts',(-1.76010447556602,-3.62898905106161,10.));
#7368=CARTESIAN_POINT('Ctrl Pts',(-2.09050192710249,-3.87255942606952,10.));
#7369=CARTESIAN_POINT('Ctrl Pts',(-2.57839325931259,-3.88248273401161,10.));
#7370=CARTESIAN_POINT('Ctrl Pts',(-2.92808712621075,-3.66430988682591,10.));
#7371=CARTESIAN_POINT('',(-1.76010447556602,-3.62898905106161,9.6));
#7372=CARTESIAN_POINT('Ctrl Pts',(-1.76010447556602,-3.62898905106161,9.6));
#7373=CARTESIAN_POINT('Ctrl Pts',(-2.09050192710249,-3.87255942606952,9.6));
#7374=CARTESIAN_POINT('Ctrl Pts',(-2.57839325931259,-3.88248273401161,9.6));
#7375=CARTESIAN_POINT('Ctrl Pts',(-2.92808712621075,-3.66430988682591,9.6));
#7376=CARTESIAN_POINT('',(-1.76010447556602,-3.62898905106161,10.));
#7377=CARTESIAN_POINT('Ctrl Pts',(-1.34683052310448,-2.73409197678695,10.));
#7378=CARTESIAN_POINT('Ctrl Pts',(-1.34683052310448,-2.73409197678695,9.6));
#7379=CARTESIAN_POINT('Ctrl Pts',(-1.35606234446398,-3.05510545274536,10.));
#7380=CARTESIAN_POINT('Ctrl Pts',(-1.35606234446398,-3.05510545274536,9.6));
#7381=CARTESIAN_POINT('Ctrl Pts',(-1.50779474262923,-3.44301448186009,10.));
#7382=CARTESIAN_POINT('Ctrl Pts',(-1.50779474262923,-3.44301448186009,9.6));
#7383=CARTESIAN_POINT('Ctrl Pts',(-1.76010447556602,-3.62898905106161,10.));
#7384=CARTESIAN_POINT('Ctrl Pts',(-1.76010447556602,-3.62898905106161,9.6));
#7385=CARTESIAN_POINT('',(-1.34683052310448,-2.73409197678695,10.));
#7386=CARTESIAN_POINT('Ctrl Pts',(-1.34683052310448,-2.73409197678695,10.));
#7387=CARTESIAN_POINT('Ctrl Pts',(-1.35606234446398,-3.05510545274536,10.));
#7388=CARTESIAN_POINT('Ctrl Pts',(-1.50779474262923,-3.44301448186009,10.));
#7389=CARTESIAN_POINT('Ctrl Pts',(-1.76010447556602,-3.62898905106161,10.));
#7390=CARTESIAN_POINT('',(-1.34683052310448,-2.73409197678695,9.6));
#7391=CARTESIAN_POINT('Ctrl Pts',(-1.34683052310448,-2.73409197678695,9.6));
#7392=CARTESIAN_POINT('Ctrl Pts',(-1.35606234446398,-3.05510545274536,9.6));
#7393=CARTESIAN_POINT('Ctrl Pts',(-1.50779474262923,-3.44301448186009,9.6));
#7394=CARTESIAN_POINT('Ctrl Pts',(-1.76010447556602,-3.62898905106161,9.6));
#7395=CARTESIAN_POINT('',(-1.34683052310448,-2.73409197678695,10.));
#7396=CARTESIAN_POINT('Origin',(-1.29289796596203,-0.860887089397833,10.));
#7397=CARTESIAN_POINT('',(-1.29289796596203,-0.860887089397833,10.));
#7398=CARTESIAN_POINT('',(-1.29289796596203,-0.860887089397833,10.));
#7399=CARTESIAN_POINT('',(-1.29289796596203,-0.860887089397833,9.6));
#7400=CARTESIAN_POINT('',(-1.29289796596203,-0.860887089397833,9.6));
#7401=CARTESIAN_POINT('',(-1.29289796596203,-0.860887089397833,10.));
#7402=CARTESIAN_POINT('Ctrl Pts',(-0.871849883895637,-0.448204772312942,
10.));
#7403=CARTESIAN_POINT('Ctrl Pts',(-0.871849883895637,-0.448204772312942,
9.6));
#7404=CARTESIAN_POINT('Ctrl Pts',(-1.04683538636519,-0.430162270734613,
10.));
#7405=CARTESIAN_POINT('Ctrl Pts',(-1.04683538636519,-0.430162270734613,
9.6));
#7406=CARTESIAN_POINT('Ctrl Pts',(-1.28595660899987,-0.619745068547831,
10.));
#7407=CARTESIAN_POINT('Ctrl Pts',(-1.28595660899987,-0.619745068547831,
9.6));
#7408=CARTESIAN_POINT('Ctrl Pts',(-1.29289796596203,-0.860887089397833,
10.));
#7409=CARTESIAN_POINT('Ctrl Pts',(-1.29289796596203,-0.860887089397833,
9.6));
#7410=CARTESIAN_POINT('',(-0.871849883895637,-0.448204772312942,10.));
#7411=CARTESIAN_POINT('Ctrl Pts',(-0.871849883895637,-0.448204772312942,
10.));
#7412=CARTESIAN_POINT('Ctrl Pts',(-1.04683538636519,-0.430162270734613,
10.));
#7413=CARTESIAN_POINT('Ctrl Pts',(-1.28595660899987,-0.619745068547831,
10.));
#7414=CARTESIAN_POINT('Ctrl Pts',(-1.29289796596203,-0.860887089397833,
10.));
#7415=CARTESIAN_POINT('',(-0.871849883895637,-0.448204772312942,9.6));
#7416=CARTESIAN_POINT('Ctrl Pts',(-0.871849883895637,-0.448204772312942,
9.6));
#7417=CARTESIAN_POINT('Ctrl Pts',(-1.04683538636519,-0.430162270734613,
9.6));
#7418=CARTESIAN_POINT('Ctrl Pts',(-1.28595660899987,-0.619745068547831,
9.6));
#7419=CARTESIAN_POINT('Ctrl Pts',(-1.29289796596203,-0.860887089397833,
9.6));
#7420=CARTESIAN_POINT('',(-0.871849883895637,-0.448204772312942,10.));
#7421=CARTESIAN_POINT('Ctrl Pts',(-0.354736111342147,-3.18528765118642,
10.));
#7422=CARTESIAN_POINT('Ctrl Pts',(-0.354736111342147,-3.18528765118642,
9.6));
#7423=CARTESIAN_POINT('Ctrl Pts',(-0.649733932965408,-1.69978359975136,
10.));
#7424=CARTESIAN_POINT('Ctrl Pts',(-0.649733932965408,-1.69978359975136,
9.6));
#7425=CARTESIAN_POINT('Ctrl Pts',(-0.183290232233957,-0.519055316262131,
10.));
#7426=CARTESIAN_POINT('Ctrl Pts',(-0.183290232233957,-0.519055316262131,
9.6));
#7427=CARTESIAN_POINT('Ctrl Pts',(-0.871849883895637,-0.448204772312942,
10.));
#7428=CARTESIAN_POINT('Ctrl Pts',(-0.871849883895637,-0.448204772312942,
9.6));
#7429=CARTESIAN_POINT('',(-0.354736111342147,-3.18528765118642,10.));
#7430=CARTESIAN_POINT('Ctrl Pts',(-0.354736111342147,-3.18528765118642,
10.));
#7431=CARTESIAN_POINT('Ctrl Pts',(-0.649733932965408,-1.69978359975136,
10.));
#7432=CARTESIAN_POINT('Ctrl Pts',(-0.183290232233957,-0.519055316262131,
10.));
#7433=CARTESIAN_POINT('Ctrl Pts',(-0.871849883895637,-0.448204772312942,
10.));
#7434=CARTESIAN_POINT('',(-0.354736111342147,-3.18528765118642,9.6));
#7435=CARTESIAN_POINT('Ctrl Pts',(-0.354736111342147,-3.18528765118642,
9.6));
#7436=CARTESIAN_POINT('Ctrl Pts',(-0.649733932965408,-1.69978359975136,
9.6));
#7437=CARTESIAN_POINT('Ctrl Pts',(-0.183290232233957,-0.519055316262131,
9.6));
#7438=CARTESIAN_POINT('Ctrl Pts',(-0.871849883895637,-0.448204772312942,
9.6));
#7439=CARTESIAN_POINT('',(-0.354736111342147,-3.18528765118642,10.));
#7440=CARTESIAN_POINT('Ctrl Pts',(0.643258351949039,-3.78998112024244,10.));
#7441=CARTESIAN_POINT('Ctrl Pts',(0.643258351949039,-3.78998112024244,9.6));
#7442=CARTESIAN_POINT('Ctrl Pts',(0.233107636527519,-3.82793952221519,10.));
#7443=CARTESIAN_POINT('Ctrl Pts',(0.233107636527519,-3.82793952221519,9.6));
#7444=CARTESIAN_POINT('Ctrl Pts',(-0.261863621665217,-3.65306813540955,
10.));
#7445=CARTESIAN_POINT('Ctrl Pts',(-0.261863621665217,-3.65306813540955,
9.6));
#7446=CARTESIAN_POINT('Ctrl Pts',(-0.354736111342147,-3.18528765118642,
10.));
#7447=CARTESIAN_POINT('Ctrl Pts',(-0.354736111342147,-3.18528765118642,
9.6));
#7448=CARTESIAN_POINT('',(0.643258351949039,-3.78998112024244,10.));
#7449=CARTESIAN_POINT('Ctrl Pts',(0.643258351949039,-3.78998112024244,10.));
#7450=CARTESIAN_POINT('Ctrl Pts',(0.233107636527519,-3.82793952221519,10.));
#7451=CARTESIAN_POINT('Ctrl Pts',(-0.261863621665217,-3.65306813540955,
10.));
#7452=CARTESIAN_POINT('Ctrl Pts',(-0.354736111342147,-3.18528765118642,
10.));
#7453=CARTESIAN_POINT('',(0.643258351949039,-3.78998112024244,9.6));
#7454=CARTESIAN_POINT('Ctrl Pts',(0.643258351949039,-3.78998112024244,9.6));
#7455=CARTESIAN_POINT('Ctrl Pts',(0.233107636527519,-3.82793952221519,9.6));
#7456=CARTESIAN_POINT('Ctrl Pts',(-0.261863621665217,-3.65306813540955,
9.6));
#7457=CARTESIAN_POINT('Ctrl Pts',(-0.354736111342147,-3.18528765118642,
9.6));
#7458=CARTESIAN_POINT('',(0.643258351949039,-3.78998112024244,10.));
#7459=CARTESIAN_POINT('Ctrl Pts',(1.6066859579697,-1.37155298730964,10.));
#7460=CARTESIAN_POINT('Ctrl Pts',(1.6066859579697,-1.37155298730964,9.6));
#7461=CARTESIAN_POINT('Ctrl Pts',(1.59793980744179,-2.42098916167417,10.));
#7462=CARTESIAN_POINT('Ctrl Pts',(1.59793980744179,-2.42098916167417,9.6));
#7463=CARTESIAN_POINT('Ctrl Pts',(1.66054855134201,-3.6958146404478,10.));
#7464=CARTESIAN_POINT('Ctrl Pts',(1.66054855134201,-3.6958146404478,9.6));
#7465=CARTESIAN_POINT('Ctrl Pts',(0.643258351949039,-3.78998112024244,10.));
#7466=CARTESIAN_POINT('Ctrl Pts',(0.643258351949039,-3.78998112024244,9.6));
#7467=CARTESIAN_POINT('Ctrl Pts',(1.6066859579697,-1.37155298730964,10.));
#7468=CARTESIAN_POINT('Ctrl Pts',(1.59793980744179,-2.42098916167417,10.));
#7469=CARTESIAN_POINT('Ctrl Pts',(1.66054855134201,-3.6958146404478,10.));
#7470=CARTESIAN_POINT('Ctrl Pts',(0.643258351949039,-3.78998112024244,10.));
#7471=CARTESIAN_POINT('Ctrl Pts',(1.6066859579697,-1.37155298730964,9.6));
#7472=CARTESIAN_POINT('Ctrl Pts',(1.59793980744179,-2.42098916167417,9.6));
#7473=CARTESIAN_POINT('Ctrl Pts',(1.66054855134201,-3.6958146404478,9.6));
#7474=CARTESIAN_POINT('Ctrl Pts',(0.643258351949039,-3.78998112024244,9.6));
#7475=CARTESIAN_POINT('Origin',(-0.863311926528391,-0.0115121830924436,
10.));
#7476=CARTESIAN_POINT('Origin',(-0.863311926528391,-0.0115121830924436,
9.6));
#7477=CARTESIAN_POINT('Ctrl Pts',(8.22930632337232,-1.72429333487864,10.));
#7478=CARTESIAN_POINT('Ctrl Pts',(8.22930632337232,-1.72429333487864,9.6));
#7479=CARTESIAN_POINT('Ctrl Pts',(8.81666372115049,-1.71700691388509,10.));
#7480=CARTESIAN_POINT('Ctrl Pts',(8.81666372115049,-1.71700691388509,9.6));
#7481=CARTESIAN_POINT('Ctrl Pts',(9.25263582257452,-2.22510554898855,10.));
#7482=CARTESIAN_POINT('Ctrl Pts',(9.25263582257452,-2.22510554898855,9.6));
#7483=CARTESIAN_POINT('Ctrl Pts',(9.24687434006615,-2.82632935845335,10.));
#7484=CARTESIAN_POINT('Ctrl Pts',(9.24687434006615,-2.82632935845335,9.6));
#7485=CARTESIAN_POINT('',(8.22930632337232,-1.72429333487864,10.));
#7486=CARTESIAN_POINT('',(9.24687434006615,-2.82632935845335,10.));
#7487=CARTESIAN_POINT('Ctrl Pts',(8.22930632337232,-1.72429333487864,10.));
#7488=CARTESIAN_POINT('Ctrl Pts',(8.81666372115049,-1.71700691388509,10.));
#7489=CARTESIAN_POINT('Ctrl Pts',(9.25263582257452,-2.22510554898855,10.));
#7490=CARTESIAN_POINT('Ctrl Pts',(9.24687434006615,-2.82632935845335,10.));
#7491=CARTESIAN_POINT('',(9.24687434006615,-2.82632935845335,9.6));
#7492=CARTESIAN_POINT('',(9.24687434006615,-2.82632935845335,10.));
#7493=CARTESIAN_POINT('',(8.22930632337232,-1.72429333487864,9.6));
#7494=CARTESIAN_POINT('Ctrl Pts',(8.22930632337232,-1.72429333487864,9.6));
#7495=CARTESIAN_POINT('Ctrl Pts',(8.81666372115049,-1.71700691388509,9.6));
#7496=CARTESIAN_POINT('Ctrl Pts',(9.25263582257452,-2.22510554898855,9.6));
#7497=CARTESIAN_POINT('Ctrl Pts',(9.24687434006615,-2.82632935845335,9.6));
#7498=CARTESIAN_POINT('',(8.22930632337232,-1.72429333487864,10.));
#7499=CARTESIAN_POINT('Ctrl Pts',(7.207503800435,-2.75645049579728,10.));
#7500=CARTESIAN_POINT('Ctrl Pts',(7.207503800435,-2.75645049579728,9.6));
#7501=CARTESIAN_POINT('Ctrl Pts',(7.2245790359096,-2.1715336788553,10.));
#7502=CARTESIAN_POINT('Ctrl Pts',(7.2245790359096,-2.1715336788553,9.6));
#7503=CARTESIAN_POINT('Ctrl Pts',(7.68310935875582,-1.73109408504061,10.));
#7504=CARTESIAN_POINT('Ctrl Pts',(7.68310935875582,-1.73109408504061,9.6));
#7505=CARTESIAN_POINT('Ctrl Pts',(8.22930632337232,-1.72429333487864,10.));
#7506=CARTESIAN_POINT('Ctrl Pts',(8.22930632337232,-1.72429333487864,9.6));
#7507=CARTESIAN_POINT('',(7.207503800435,-2.75645049579728,10.));
#7508=CARTESIAN_POINT('Ctrl Pts',(7.207503800435,-2.75645049579728,10.));
#7509=CARTESIAN_POINT('Ctrl Pts',(7.2245790359096,-2.1715336788553,10.));
#7510=CARTESIAN_POINT('Ctrl Pts',(7.68310935875582,-1.73109408504061,10.));
#7511=CARTESIAN_POINT('Ctrl Pts',(8.22930632337232,-1.72429333487864,10.));
#7512=CARTESIAN_POINT('',(7.207503800435,-2.75645049579728,9.6));
#7513=CARTESIAN_POINT('Ctrl Pts',(7.207503800435,-2.75645049579728,9.6));
#7514=CARTESIAN_POINT('Ctrl Pts',(7.2245790359096,-2.1715336788553,9.6));
#7515=CARTESIAN_POINT('Ctrl Pts',(7.68310935875582,-1.73109408504061,9.6));
#7516=CARTESIAN_POINT('Ctrl Pts',(8.22930632337232,-1.72429333487864,9.6));
#7517=CARTESIAN_POINT('',(7.207503800435,-2.75645049579728,10.));
#7518=CARTESIAN_POINT('Ctrl Pts',(7.61786236938724,-3.78312535002822,10.));
#7519=CARTESIAN_POINT('Ctrl Pts',(7.61786236938724,-3.78312535002822,9.6));
#7520=CARTESIAN_POINT('Ctrl Pts',(7.27205522766156,-3.54448164710628,10.));
#7521=CARTESIAN_POINT('Ctrl Pts',(7.27205522766156,-3.54448164710628,9.6));
#7522=CARTESIAN_POINT('Ctrl Pts',(7.19632861648927,-3.13818301460211,10.));
#7523=CARTESIAN_POINT('Ctrl Pts',(7.19632861648927,-3.13818301460211,9.6));
#7524=CARTESIAN_POINT('Ctrl Pts',(7.207503800435,-2.75645049579728,10.));
#7525=CARTESIAN_POINT('Ctrl Pts',(7.207503800435,-2.75645049579728,9.6));
#7526=CARTESIAN_POINT('',(7.61786236938724,-3.78312535002822,10.));
#7527=CARTESIAN_POINT('Ctrl Pts',(7.61786236938724,-3.78312535002822,10.));
#7528=CARTESIAN_POINT('Ctrl Pts',(7.27205522766156,-3.54448164710628,10.));
#7529=CARTESIAN_POINT('Ctrl Pts',(7.19632861648927,-3.13818301460211,10.));
#7530=CARTESIAN_POINT('Ctrl Pts',(7.207503800435,-2.75645049579728,10.));
#7531=CARTESIAN_POINT('',(7.61786236938724,-3.78312535002822,9.6));
#7532=CARTESIAN_POINT('Ctrl Pts',(7.61786236938724,-3.78312535002822,9.6));
#7533=CARTESIAN_POINT('Ctrl Pts',(7.27205522766156,-3.54448164710628,9.6));
#7534=CARTESIAN_POINT('Ctrl Pts',(7.19632861648927,-3.13818301460211,9.6));
#7535=CARTESIAN_POINT('Ctrl Pts',(7.207503800435,-2.75645049579728,9.6));
#7536=CARTESIAN_POINT('',(7.61786236938724,-3.78312535002822,10.));
#7537=CARTESIAN_POINT('Ctrl Pts',(8.75912089761663,-3.79735109020422,10.));
#7538=CARTESIAN_POINT('Ctrl Pts',(8.75912089761663,-3.79735109020422,9.6));
#7539=CARTESIAN_POINT('Ctrl Pts',(8.42594799011114,-4.00455932401452,10.));
#7540=CARTESIAN_POINT('Ctrl Pts',(8.42594799011114,-4.00455932401452,9.6));
#7541=CARTESIAN_POINT('Ctrl Pts',(7.97081804234591,-4.02669640429604,10.));
#7542=CARTESIAN_POINT('Ctrl Pts',(7.97081804234591,-4.02669640429604,9.6));
#7543=CARTESIAN_POINT('Ctrl Pts',(7.61786236938724,-3.78312535002822,10.));
#7544=CARTESIAN_POINT('Ctrl Pts',(7.61786236938724,-3.78312535002822,9.6));
#7545=CARTESIAN_POINT('',(8.75912089761663,-3.79735109020422,10.));
#7546=CARTESIAN_POINT('Ctrl Pts',(8.75912089761663,-3.79735109020422,10.));
#7547=CARTESIAN_POINT('Ctrl Pts',(8.42594799011114,-4.00455932401452,10.));
#7548=CARTESIAN_POINT('Ctrl Pts',(7.97081804234591,-4.02669640429604,10.));
#7549=CARTESIAN_POINT('Ctrl Pts',(7.61786236938724,-3.78312535002822,10.));
#7550=CARTESIAN_POINT('',(8.75912089761663,-3.79735109020422,9.6));
#7551=CARTESIAN_POINT('Ctrl Pts',(8.75912089761663,-3.79735109020422,9.6));
#7552=CARTESIAN_POINT('Ctrl Pts',(8.42594799011114,-4.00455932401452,9.6));
#7553=CARTESIAN_POINT('Ctrl Pts',(7.97081804234591,-4.02669640429604,9.6));
#7554=CARTESIAN_POINT('Ctrl Pts',(7.61786236938724,-3.78312535002822,9.6));
#7555=CARTESIAN_POINT('',(8.75912089761663,-3.79735109020422,10.));
#7556=CARTESIAN_POINT('Ctrl Pts',(9.24687434006615,-2.82632935845335,10.));
#7557=CARTESIAN_POINT('Ctrl Pts',(9.24687434006615,-2.82632935845335,9.6));
#7558=CARTESIAN_POINT('Ctrl Pts',(9.24284768735339,-3.24872712994961,10.));
#7559=CARTESIAN_POINT('Ctrl Pts',(9.24284768735339,-3.24872712994961,9.6));
#7560=CARTESIAN_POINT('Ctrl Pts',(9.06911202310777,-3.60464573461088,10.));
#7561=CARTESIAN_POINT('Ctrl Pts',(9.06911202310777,-3.60464573461088,9.6));
#7562=CARTESIAN_POINT('Ctrl Pts',(8.75912089761663,-3.79735109020422,10.));
#7563=CARTESIAN_POINT('Ctrl Pts',(8.75912089761663,-3.79735109020422,9.6));
#7564=CARTESIAN_POINT('Ctrl Pts',(9.24687434006615,-2.82632935845335,10.));
#7565=CARTESIAN_POINT('Ctrl Pts',(9.24284768735339,-3.24872712994961,10.));
#7566=CARTESIAN_POINT('Ctrl Pts',(9.06911202310777,-3.60464573461088,10.));
#7567=CARTESIAN_POINT('Ctrl Pts',(8.75912089761663,-3.79735109020422,10.));
#7568=CARTESIAN_POINT('Ctrl Pts',(9.24687434006615,-2.82632935845335,9.6));
#7569=CARTESIAN_POINT('Ctrl Pts',(9.24284768735339,-3.24872712994961,9.6));
#7570=CARTESIAN_POINT('Ctrl Pts',(9.06911202310777,-3.60464573461088,9.6));
#7571=CARTESIAN_POINT('Ctrl Pts',(8.75912089761663,-3.79735109020422,9.6));
#7572=CARTESIAN_POINT('Origin',(8.22448221953189,-2.87185165909056,10.));
#7573=CARTESIAN_POINT('Origin',(8.22448221953189,-2.87185165909056,9.6));
#7574=UNCERTAINTY_MEASURE_WITH_UNIT(LENGTH_MEASURE(0.01),#7578,
'DISTANCE_ACCURACY_VALUE',
'Maximum model space distance between geometric entities at asserted c
onnectivities');
#7575=UNCERTAINTY_MEASURE_WITH_UNIT(LENGTH_MEASURE(0.01),#7578,
'DISTANCE_ACCURACY_VALUE',
'Maximum model space distance between geometric entities at asserted c
onnectivities');
#7576=(
GEOMETRIC_REPRESENTATION_CONTEXT(3)
GLOBAL_UNCERTAINTY_ASSIGNED_CONTEXT((#7574))
GLOBAL_UNIT_ASSIGNED_CONTEXT((#7578,#7580,#7581))
REPRESENTATION_CONTEXT('','3D')
);
#7577=(
GEOMETRIC_REPRESENTATION_CONTEXT(3)
GLOBAL_UNCERTAINTY_ASSIGNED_CONTEXT((#7575))
GLOBAL_UNIT_ASSIGNED_CONTEXT((#7578,#7580,#7581))
REPRESENTATION_CONTEXT('','3D')
);
#7578=(
LENGTH_UNIT()
NAMED_UNIT(*)
SI_UNIT(.MILLI.,.METRE.)
);
#7579=(
LENGTH_UNIT()
NAMED_UNIT(*)
SI_UNIT($,.METRE.)
);
#7580=(
NAMED_UNIT(*)
PLANE_ANGLE_UNIT()
SI_UNIT($,.RADIAN.)
);
#7581=(
NAMED_UNIT(*)
SI_UNIT($,.STERADIAN.)
SOLID_ANGLE_UNIT()
);
#7582=SHAPE_DEFINITION_REPRESENTATION(#7583,#7584);
#7583=PRODUCT_DEFINITION_SHAPE('',$,#7586);
#7584=SHAPE_REPRESENTATION('',(#2789),#7576);
#7585=PRODUCT_DEFINITION_CONTEXT('part definition',#7590,'design');
#7586=PRODUCT_DEFINITION('2026-09-06-02-41-34-423',
'KachiButton-Keycap-Thx-25x18x10',#7587,#7585);
#7587=PRODUCT_DEFINITION_FORMATION('',$,#7592);
#7588=PRODUCT_RELATED_PRODUCT_CATEGORY(
'KachiButton-Keycap-Thx-25x18x10','KachiButton-Keycap-Thx-25x18x10',(#7592));
#7589=APPLICATION_PROTOCOL_DEFINITION('international standard',
'automotive_design',2009,#7590);
#7590=APPLICATION_CONTEXT(
'Core Data for Automotive Mechanical Design Process');
#7591=PRODUCT_CONTEXT('part definition',#7590,'mechanical');
#7592=PRODUCT('2026-09-06-02-41-34-423',
'KachiButton-Keycap-Thx-25x18x10',$,(#7591));
#7593=PRESENTATION_STYLE_ASSIGNMENT((#7596));
#7594=PRESENTATION_STYLE_ASSIGNMENT((#7597));
#7595=PRESENTATION_STYLE_ASSIGNMENT((#7598));
#7596=SURFACE_STYLE_USAGE(.BOTH.,#7599);
#7597=SURFACE_STYLE_USAGE(.BOTH.,#7600);
#7598=SURFACE_STYLE_USAGE(.BOTH.,#7601);
#7599=SURFACE_SIDE_STYLE('',(#7602));
#7600=SURFACE_SIDE_STYLE('',(#7603));
#7601=SURFACE_SIDE_STYLE('',(#7604));
#7602=SURFACE_STYLE_FILL_AREA(#7605);
#7603=SURFACE_STYLE_FILL_AREA(#7606);
#7604=SURFACE_STYLE_FILL_AREA(#7607);
#7605=FILL_AREA_STYLE('Steel - Satin',(#7608));
#7606=FILL_AREA_STYLE('Kachi Green',(#7609));
#7607=FILL_AREA_STYLE('Kachi White',(#7610));
#7608=FILL_AREA_STYLE_COLOUR('Steel - Satin',#7611);
#7609=FILL_AREA_STYLE_COLOUR('Kachi Green',#7612);
#7610=FILL_AREA_STYLE_COLOUR('Kachi White',#7613);
#7611=COLOUR_RGB('Steel - Satin',0.627450980392157,0.627450980392157,0.627450980392157);
#7612=COLOUR_RGB('Kachi Green',0.235294117647059,0.686274509803922,0.333333333333333);
#7613=COLOUR_RGB('Kachi White',0.980392156862745,0.980392156862745,0.980392156862745);
ENDSEC;
END-ISO-10303-21;
